{
	"configuration": {
		"tableType": "Bingo",
		"formatVersion": "1.2",
		"name": "40Line",
		"tableName": "main",
		"lines": 40,
		"percentage": 92,
		"baseBet": 40,
		"betLevelGroups": {
			"5": [3]
		},
		"entries": 907,
		"version": 2
	},
	"entries": [
		{"matchIn":  4, "pattern":       99, "baseWinCredits":  4050                        },
		{"matchIn":  4, "pattern":      792, "baseWinCredits":  4050                        },
		{"matchIn":  4, "pattern":  3244032, "baseWinCredits":  4050                        },
		{"matchIn":  4, "pattern": 25952256, "baseWinCredits":  6480, "bonusGamesAwarded": 5},
		{"matchIn":  4, "pattern":  4328448, "baseWinCredits":  6680, "bonusGamesAwarded": 5},
		{"matchIn":  4, "pattern":  4349952, "baseWinCredits":  5800, "bonusGamesAwarded": 5},
		{"matchIn":  4, "pattern":     3204, "baseWinCredits":  6880, "bonusGamesAwarded": 5},
		{"matchIn":  4, "pattern":    24708, "baseWinCredits":  2280, "bonusGamesAwarded": 5},
		{"matchIn":  4, "pattern": 17039425, "baseWinCredits":  2080, "bonusGamesAwarded": 5},
		{"matchIn":  4, "pattern":  1114384, "baseWinCredits":  9800, "bonusGamesAwarded": 5},
		{"matchIn":  4, "pattern":   141440, "baseWinCredits": 10080, "bonusGamesAwarded": 5},
		{"matchIn":  4, "pattern":   328000, "baseWinCredits":  4050                        },
		{"matchIn":  4, "pattern":  4211716, "baseWinCredits":  8125, "bonusGamesAwarded": 5},
		{"matchIn":  4, "pattern": 17825809, "baseWinCredits":  7800, "bonusGamesAwarded": 5},
		{"matchIn":  4, "pattern":   131520, "baseWinCredits":  7880, "bonusGamesAwarded": 5},
		{"matchIn":  5, "pattern":       99, "baseWinCredits":  1330, "bonusGamesAwarded": 5},
		{"matchIn":  5, "pattern":      792, "baseWinCredits":   780, "bonusGamesAwarded": 5},
		{"matchIn":  5, "pattern":  3244032, "baseWinCredits":  1480, "bonusGamesAwarded": 5},
		{"matchIn":  5, "pattern": 25952256, "baseWinCredits":   580, "bonusGamesAwarded": 5},
		{"matchIn":  5, "pattern":     1063, "baseWinCredits": 50250, "bonusGamesAwarded": 5},
		{"matchIn":  5, "pattern":    16924, "baseWinCredits":   680, "bonusGamesAwarded": 5},
		{"matchIn":  5, "pattern":  7373824, "baseWinCredits":   700, "bonusGamesAwarded": 5},
		{"matchIn":  5, "pattern": 29900800, "baseWinCredits": 32250, "bonusGamesAwarded": 5},
		{"matchIn":  5, "pattern":  4328448, "baseWinCredits":   740, "bonusGamesAwarded": 5},
		{"matchIn":  5, "pattern":  4349952, "baseWinCredits":  1230, "bonusGamesAwarded": 5},
		{"matchIn":  5, "pattern":     3204, "baseWinCredits":  1130, "bonusGamesAwarded": 5},
		{"matchIn":  5, "pattern":    24708, "baseWinCredits":   840, "bonusGamesAwarded": 5},
		{"matchIn":  5, "pattern":  1115201, "baseWinCredits": 17080, "bonusGamesAwarded": 5},
		{"matchIn":  5, "pattern": 17056016, "baseWinCredits":  6625, "bonusGamesAwarded": 5},
		{"matchIn":  5, "pattern":      341, "baseWinCredits":  1830, "bonusGamesAwarded": 5},
		{"matchIn":  5, "pattern": 22347776, "baseWinCredits": 14080, "bonusGamesAwarded": 5},
		{"matchIn":  5, "pattern": 17039425, "baseWinCredits":   800, "bonusGamesAwarded": 5},
		{"matchIn":  5, "pattern":  1114384, "baseWinCredits":   820, "bonusGamesAwarded": 5},
		{"matchIn":  5, "pattern":   141440, "baseWinCredits":   830, "bonusGamesAwarded": 5},
		{"matchIn":  5, "pattern":   328000, "baseWinCredits":  1550, "bonusGamesAwarded": 5},
		{"matchIn":  5, "pattern":  4211716, "baseWinCredits":  1280, "bonusGamesAwarded": 5},
		{"matchIn":  5, "pattern": 17825809, "baseWinCredits":  3080, "bonusGamesAwarded": 5},
		{"matchIn":  5, "pattern":   131520, "baseWinCredits":  1380, "bonusGamesAwarded": 5},
		{"matchIn":  5, "pattern":    10564, "baseWinCredits":  1880, "bonusGamesAwarded": 5},
		{"matchIn":  5, "pattern":  4532224, "baseWinCredits": 13080, "bonusGamesAwarded": 5},
		{"matchIn":  6, "pattern":       99, "baseWinCredits":  9800, "bonusGamesAwarded": 5},
		{"matchIn":  6, "pattern":      792, "baseWinCredits": 10580, "bonusGamesAwarded": 5},
		{"matchIn":  6, "pattern":  3244032, "baseWinCredits": 13080, "bonusGamesAwarded": 5},
		{"matchIn":  6, "pattern": 25952256, "baseWinCredits": 13580, "bonusGamesAwarded": 5},
		{"matchIn":  6, "pattern":     1063, "baseWinCredits":  1380, "bonusGamesAwarded": 5},
		{"matchIn":  6, "pattern":    16924, "baseWinCredits": 72580, "bonusGamesAwarded": 5},
		{"matchIn":  6, "pattern":  7373824, "baseWinCredits":  7280, "bonusGamesAwarded": 5},
		{"matchIn":  6, "pattern": 29900800, "baseWinCredits":   820, "bonusGamesAwarded": 5},
		{"matchIn":  6, "pattern":  4328448, "baseWinCredits": 14080, "bonusGamesAwarded": 5},
		{"matchIn":  6, "pattern":  4349952, "baseWinCredits": 15080, "bonusGamesAwarded": 5},
		{"matchIn":  6, "pattern":     3204, "baseWinCredits": 16080, "bonusGamesAwarded": 5},
		{"matchIn":  6, "pattern":    24708, "baseWinCredits": 17080, "bonusGamesAwarded": 5},
		{"matchIn":  6, "pattern":  1115201, "baseWinCredits": 50250, "bonusGamesAwarded": 5},
		{"matchIn":  6, "pattern": 17056016, "baseWinCredits": 17080, "bonusGamesAwarded": 5},
		{"matchIn":  6, "pattern":      341, "baseWinCredits":  6625, "bonusGamesAwarded": 5},
		{"matchIn":  6, "pattern": 22347776, "baseWinCredits": 14080, "bonusGamesAwarded": 5},
		{"matchIn":  6, "pattern": 17039425, "baseWinCredits":  4050                        },
		{"matchIn":  6, "pattern":  1114384, "baseWinCredits":  4050                        },
		{"matchIn":  6, "pattern":   141440, "baseWinCredits":  4050                        },
		{"matchIn":  6, "pattern":   328000, "baseWinCredits":  3050                        },
		{"matchIn":  6, "pattern":  4211716, "baseWinCredits":  3050                        },
		{"matchIn":  6, "pattern": 17825809, "baseWinCredits":   680, "bonusGamesAwarded": 5},
		{"matchIn":  6, "pattern":   131520, "baseWinCredits":   700, "bonusGamesAwarded": 5},
		{"matchIn":  6, "pattern":    10564, "baseWinCredits":  1880, "bonusGamesAwarded": 5},
		{"matchIn":  6, "pattern":  4532224, "baseWinCredits":  3050                        },
		{"matchIn":  7, "pattern":       99, "baseWinCredits":  3050                        },
		{"matchIn":  7, "pattern":      792, "baseWinCredits":  3050                        },
		{"matchIn":  7, "pattern":  3244032, "baseWinCredits":  2550                        },
		{"matchIn":  7, "pattern": 25952256, "baseWinCredits":  2550                        },
		{"matchIn":  7, "pattern":     1063, "baseWinCredits":  2550                        },
		{"matchIn":  7, "pattern":    16924, "baseWinCredits":  9080, "bonusGamesAwarded": 5},
		{"matchIn":  7, "pattern":  7373824, "baseWinCredits":  6280, "bonusGamesAwarded": 5},
		{"matchIn":  7, "pattern": 29900800, "baseWinCredits":  6080, "bonusGamesAwarded": 5},
		{"matchIn":  7, "pattern":  4328448, "baseWinCredits":  2550                        },
		{"matchIn":  7, "pattern":  4349952, "baseWinCredits":  2550                        },
		{"matchIn":  7, "pattern":     3204, "baseWinCredits":  2550                        },
		{"matchIn":  7, "pattern":    24708, "baseWinCredits":  2065                        },
		{"matchIn":  7, "pattern":  1115201, "baseWinCredits":  6880, "bonusGamesAwarded": 5},
		{"matchIn":  7, "pattern": 17056016, "baseWinCredits":  2280, "bonusGamesAwarded": 5},
		{"matchIn":  7, "pattern":      341, "baseWinCredits":  2080, "bonusGamesAwarded": 5},
		{"matchIn":  7, "pattern": 22347776, "baseWinCredits":  6680, "bonusGamesAwarded": 5},
		{"matchIn":  7, "pattern": 17039425, "baseWinCredits":  2065                        },
		{"matchIn":  7, "pattern":  1114384, "baseWinCredits":  1940                        },
		{"matchIn":  7, "pattern":   141440, "baseWinCredits":  1940                        },
		{"matchIn":  7, "pattern":   328000, "baseWinCredits":  1940                        },
		{"matchIn":  7, "pattern":  4211716, "baseWinCredits":  1820                        },
		{"matchIn":  7, "pattern": 17825809, "baseWinCredits":  1770                        },
		{"matchIn":  7, "pattern":   131520, "baseWinCredits":  1770                        },
		{"matchIn":  7, "pattern":    10564, "baseWinCredits":  6480, "bonusGamesAwarded": 5},
		{"matchIn":  7, "pattern":  4532224, "baseWinCredits": 11080, "bonusGamesAwarded": 5},
		{"matchIn":  8, "pattern":       99, "baseWinCredits":  1660                        },
		{"matchIn":  8, "pattern":      792, "baseWinCredits":  1660                        },
		{"matchIn":  8, "pattern":  3244032, "baseWinCredits":  1660                        },
		{"matchIn":  8, "pattern": 25952256, "baseWinCredits":  1660                        },
		{"matchIn":  8, "pattern":     1063, "baseWinCredits": 50250, "bonusGamesAwarded": 5},
		{"matchIn":  8, "pattern":    16924, "baseWinCredits": 72580, "bonusGamesAwarded": 5},
		{"matchIn":  8, "pattern":  7373824, "baseWinCredits": 32250, "bonusGamesAwarded": 5},
		{"matchIn":  8, "pattern": 29900800, "baseWinCredits": 18250, "bonusGamesAwarded": 5},
		{"matchIn":  8, "pattern":  4328448, "baseWinCredits":  1620                        },
		{"matchIn":  8, "pattern":  4349952, "baseWinCredits":  1540                        },
		{"matchIn":  8, "pattern":     3204, "baseWinCredits":  1485                        },
		{"matchIn":  8, "pattern":    24708, "baseWinCredits":  1445                        },
		{"matchIn":  8, "pattern":  1115201, "baseWinCredits": 28150, "bonusGamesAwarded": 5},
		{"matchIn":  8, "pattern": 17056016, "baseWinCredits":  8580, "bonusGamesAwarded": 5},
		{"matchIn":  8, "pattern":      341, "baseWinCredits":   980, "bonusGamesAwarded": 5},
		{"matchIn":  8, "pattern": 22347776, "baseWinCredits":  5880, "bonusGamesAwarded": 5},
		{"matchIn":  8, "pattern": 17039425, "baseWinCredits":  1385                        },
		{"matchIn":  8, "pattern":  1114384, "baseWinCredits":  1300                        },
		{"matchIn":  8, "pattern":   141440, "baseWinCredits":  1300                        },
		{"matchIn":  8, "pattern":   328000, "baseWinCredits":  1255                        },
		{"matchIn":  8, "pattern":  4211716, "baseWinCredits":  1255                        },
		{"matchIn":  8, "pattern": 17825809, "baseWinCredits":  1210                        },
		{"matchIn":  8, "pattern":   131520, "baseWinCredits":  1210                        },
		{"matchIn":  8, "pattern":    10564, "baseWinCredits":  1030, "bonusGamesAwarded": 5},
		{"matchIn":  8, "pattern":  4532224, "baseWinCredits":  1080, "bonusGamesAwarded": 5},
		{"matchIn":  9, "pattern":       99, "baseWinCredits":  3680, "bonusGamesAwarded": 5},
		{"matchIn":  9, "pattern":      792, "baseWinCredits":  3880, "bonusGamesAwarded": 5},
		{"matchIn":  9, "pattern":  3244032, "baseWinCredits":  4080, "bonusGamesAwarded": 5},
		{"matchIn":  9, "pattern": 25952256, "baseWinCredits":  4350, "bonusGamesAwarded": 5},
		{"matchIn":  9, "pattern":     1063, "baseWinCredits":  3880, "bonusGamesAwarded": 5},
		{"matchIn":  9, "pattern":    16924, "baseWinCredits":  4080, "bonusGamesAwarded": 5},
		{"matchIn":  9, "pattern":  7373824, "baseWinCredits":  1210                        },
		{"matchIn":  9, "pattern": 29900800, "baseWinCredits":   860, "bonusGamesAwarded": 5},
		{"matchIn":  9, "pattern":  4328448, "baseWinCredits":  4480, "bonusGamesAwarded": 5},
		{"matchIn":  9, "pattern":  4349952, "baseWinCredits":  4680, "bonusGamesAwarded": 5},
		{"matchIn":  9, "pattern":     3204, "baseWinCredits":  4880, "bonusGamesAwarded": 5},
		{"matchIn":  9, "pattern":    24708, "baseWinCredits":  5080, "bonusGamesAwarded": 5},
		{"matchIn":  9, "pattern": 17056016, "baseWinCredits":  3280, "bonusGamesAwarded": 5},
		{"matchIn":  9, "pattern":      341, "baseWinCredits":  3480, "bonusGamesAwarded": 5},
		{"matchIn":  9, "pattern": 22347776, "baseWinCredits":  1210                        },
		{"matchIn":  9, "pattern": 17039425, "baseWinCredits":  5280, "bonusGamesAwarded": 5},
		{"matchIn":  9, "pattern":  1114384, "baseWinCredits":  5480, "bonusGamesAwarded": 5},
		{"matchIn":  9, "pattern":   141440, "baseWinCredits":  1150                        },
		{"matchIn":  9, "pattern":   328000, "baseWinCredits":  1115                        },
		{"matchIn":  9, "pattern":  4211716, "baseWinCredits":  1100                        },
		{"matchIn":  9, "pattern": 17825809, "baseWinCredits":  1090                        },
		{"matchIn":  9, "pattern":   131520, "baseWinCredits":  1080                        },
		{"matchIn":  9, "pattern":    10564, "baseWinCredits":  1580, "bonusGamesAwarded": 5},
		{"matchIn":  9, "pattern":  4532224, "baseWinCredits":  3680, "bonusGamesAwarded": 5},
		{"matchIn": 10, "pattern":       99, "baseWinCredits":  1070                        },
		{"matchIn": 10, "pattern":      792, "baseWinCredits":  1060                        },
		{"matchIn": 10, "pattern":  3244032, "baseWinCredits":  1050                        },
		{"matchIn": 10, "pattern": 25952256, "baseWinCredits":  1040                        },
		{"matchIn": 10, "pattern":     1063, "baseWinCredits":  1030                        },
		{"matchIn": 10, "pattern":    16924, "baseWinCredits":  1020                        },
		{"matchIn": 10, "pattern":  7373824, "baseWinCredits":  1010                        },
		{"matchIn": 10, "pattern": 29900800, "baseWinCredits":  1000                        },
		{"matchIn": 10, "pattern":  4328448, "baseWinCredits":   990                        },
		{"matchIn": 10, "pattern":  4349952, "baseWinCredits":   980                        },
		{"matchIn": 10, "pattern":     3204, "baseWinCredits":   970                        },
		{"matchIn": 10, "pattern":    24708, "baseWinCredits":   960                        },
		{"matchIn": 10, "pattern":  1115201, "baseWinCredits":   950                        },
		{"matchIn": 10, "pattern": 17056016, "baseWinCredits":   940                        },
		{"matchIn": 10, "pattern":      341, "baseWinCredits":   930                        },
		{"matchIn": 10, "pattern": 22347776, "baseWinCredits":   920                        },
		{"matchIn": 10, "pattern": 17039425, "baseWinCredits":   910                        },
		{"matchIn": 10, "pattern":  1114384, "baseWinCredits":   900                        },
		{"matchIn": 10, "pattern":   141440, "baseWinCredits":   890                        },
		{"matchIn": 10, "pattern":   328000, "baseWinCredits":   880                        },
		{"matchIn": 10, "pattern":  4211716, "baseWinCredits":   870                        },
		{"matchIn": 10, "pattern": 17825809, "baseWinCredits":   860                        },
		{"matchIn": 10, "pattern":   131520, "baseWinCredits":   850                        },
		{"matchIn": 10, "pattern":    10564, "baseWinCredits":   840                        },
		{"matchIn": 10, "pattern":  4532224, "baseWinCredits":   830                        },
		{"matchIn": 11, "pattern":       99, "baseWinCredits":   940, "bonusGamesAwarded": 5},
		{"matchIn": 11, "pattern":      792, "baseWinCredits":   980, "bonusGamesAwarded": 5},
		{"matchIn": 11, "pattern":  3244032, "baseWinCredits":  1030, "bonusGamesAwarded": 5},
		{"matchIn": 11, "pattern": 25952256, "baseWinCredits":  1080, "bonusGamesAwarded": 5},
		{"matchIn": 11, "pattern":     1063, "baseWinCredits":   820                        },
		{"matchIn": 11, "pattern":    16924, "baseWinCredits":   810                        },
		{"matchIn": 11, "pattern":  7373824, "baseWinCredits":   800                        },
		{"matchIn": 11, "pattern": 29900800, "baseWinCredits":   790                        },
		{"matchIn": 11, "pattern":  4328448, "baseWinCredits":  1230, "bonusGamesAwarded": 5},
		{"matchIn": 11, "pattern":  4349952, "baseWinCredits":  1280, "bonusGamesAwarded": 5},
		{"matchIn": 11, "pattern":     3204, "baseWinCredits":  1330, "bonusGamesAwarded": 5},
		{"matchIn": 11, "pattern":    24708, "baseWinCredits":  1380, "bonusGamesAwarded": 5},
		{"matchIn": 11, "pattern":  1115201, "baseWinCredits":   740, "bonusGamesAwarded": 5},
		{"matchIn": 11, "pattern": 17056016, "baseWinCredits":   780                        },
		{"matchIn": 11, "pattern":      341, "baseWinCredits":   770                        },
		{"matchIn": 11, "pattern": 22347776, "baseWinCredits":   760                        },
		{"matchIn": 11, "pattern": 17039425, "baseWinCredits":  1630, "bonusGamesAwarded": 5},
		{"matchIn": 11, "pattern":  1114384, "baseWinCredits":  1680, "bonusGamesAwarded": 5},
		{"matchIn": 11, "pattern":   141440, "baseWinCredits":  1730, "bonusGamesAwarded": 5},
		{"matchIn": 11, "pattern":   328000, "baseWinCredits":  1430, "bonusGamesAwarded": 5},
		{"matchIn": 11, "pattern":  4211716, "baseWinCredits":  1825, "bonusGamesAwarded": 5},
		{"matchIn": 11, "pattern": 17825809, "baseWinCredits":  1480, "bonusGamesAwarded": 5},
		{"matchIn": 11, "pattern":   131520, "baseWinCredits":  1550, "bonusGamesAwarded": 5},
		{"matchIn": 11, "pattern":    10564, "baseWinCredits":   750                        },
		{"matchIn": 11, "pattern":  4532224, "baseWinCredits":   740                        },
		{"matchIn": 12, "pattern":       99, "baseWinCredits":   730                        },
		{"matchIn": 12, "pattern":      792, "baseWinCredits":   720                        },
		{"matchIn": 12, "pattern":  3244032, "baseWinCredits":   710                        },
		{"matchIn": 12, "pattern": 25952256, "baseWinCredits":   700                        },
		{"matchIn": 12, "pattern":     1063, "baseWinCredits":   690                        },
		{"matchIn": 12, "pattern":    16924, "baseWinCredits":   680                        },
		{"matchIn": 12, "pattern":  7373824, "baseWinCredits":   670                        },
		{"matchIn": 12, "pattern": 29900800, "baseWinCredits":   660                        },
		{"matchIn": 12, "pattern":  4328448, "baseWinCredits":   650                        },
		{"matchIn": 12, "pattern":  4349952, "baseWinCredits":   640                        },
		{"matchIn": 12, "pattern":     3204, "baseWinCredits":   630                        },
		{"matchIn": 12, "pattern":    24708, "baseWinCredits":   620                        },
		{"matchIn": 12, "pattern":  1115201, "baseWinCredits":  6080, "bonusGamesAwarded": 5},
		{"matchIn": 12, "pattern": 17056016, "baseWinCredits":  6280, "bonusGamesAwarded": 5},
		{"matchIn": 12, "pattern":      341, "baseWinCredits":  6625, "bonusGamesAwarded": 5},
		{"matchIn": 12, "pattern": 22347776, "baseWinCredits":  7080, "bonusGamesAwarded": 5},
		{"matchIn": 12, "pattern": 17039425, "baseWinCredits":   610                        },
		{"matchIn": 12, "pattern":  1114384, "baseWinCredits":   600                        },
		{"matchIn": 12, "pattern":   141440, "baseWinCredits":   590                        },
		{"matchIn": 12, "pattern":   328000, "baseWinCredits":   580                        },
		{"matchIn": 12, "pattern":  4211716, "baseWinCredits":   570                        },
		{"matchIn": 12, "pattern": 17825809, "baseWinCredits":   560                        },
		{"matchIn": 12, "pattern":   131520, "baseWinCredits":   550                        },
		{"matchIn": 12, "pattern":    10564, "baseWinCredits":  6880, "bonusGamesAwarded": 5},
		{"matchIn": 12, "pattern":  4532224, "baseWinCredits":  6680, "bonusGamesAwarded": 5},
		{"matchIn": 13, "pattern":       99, "baseWinCredits":   540                        },
		{"matchIn": 13, "pattern":      792, "baseWinCredits":   530                        },
		{"matchIn": 13, "pattern":  3244032, "baseWinCredits":   520                        },
		{"matchIn": 13, "pattern": 25952256, "baseWinCredits":   510                        },
		{"matchIn": 13, "pattern":     1063, "baseWinCredits":   500                        },
		{"matchIn": 13, "pattern":    16924, "baseWinCredits":   490                        },
		{"matchIn": 13, "pattern":  7373824, "baseWinCredits":   480                        },
		{"matchIn": 13, "pattern": 29900800, "baseWinCredits":   480                        },
		{"matchIn": 13, "pattern":  4328448, "baseWinCredits":   480                        },
		{"matchIn": 13, "pattern":  4349952, "baseWinCredits":   470                        },
		{"matchIn": 13, "pattern":     3204, "baseWinCredits":   460                        },
		{"matchIn": 13, "pattern":    24708, "baseWinCredits":   450                        },
		{"matchIn": 13, "pattern":  1115201, "baseWinCredits":   450                        },
		{"matchIn": 13, "pattern": 17056016, "baseWinCredits":   450                        },
		{"matchIn": 13, "pattern":      341, "baseWinCredits":   450                        },
		{"matchIn": 13, "pattern": 22347776, "baseWinCredits":   440                        },
		{"matchIn": 13, "pattern": 17039425, "baseWinCredits":   440                        },
		{"matchIn": 13, "pattern":  1114384, "baseWinCredits":   430                        },
		{"matchIn": 13, "pattern":   141440, "baseWinCredits":   430                        },
		{"matchIn": 13, "pattern":   328000, "baseWinCredits":   420                        },
		{"matchIn": 13, "pattern":  4211716, "baseWinCredits":   420                        },
		{"matchIn": 13, "pattern": 17825809, "baseWinCredits":   410                        },
		{"matchIn": 13, "pattern":   131520, "baseWinCredits":   410                        },
		{"matchIn": 13, "pattern":    10564, "baseWinCredits":   400                        },
		{"matchIn": 13, "pattern":  4532224, "baseWinCredits":   400                        },
		{"matchIn": 14, "pattern":       99, "baseWinCredits":   400                        },
		{"matchIn": 14, "pattern":      792, "baseWinCredits":   400                        },
		{"matchIn": 14, "pattern":  3244032, "baseWinCredits":   390                        },
		{"matchIn": 14, "pattern": 25952256, "baseWinCredits":   380                        },
		{"matchIn": 14, "pattern":     1063, "baseWinCredits":   380                        },
		{"matchIn": 14, "pattern":    16924, "baseWinCredits":   380                        },
		{"matchIn": 14, "pattern":  7373824, "baseWinCredits":   380                        },
		{"matchIn": 14, "pattern": 29900800, "baseWinCredits":   380                        },
		{"matchIn": 14, "pattern":  4328448, "baseWinCredits":   370                        },
		{"matchIn": 14, "pattern":  4349952, "baseWinCredits":   370                        },
		{"matchIn": 14, "pattern":     3204, "baseWinCredits":   360                        },
		{"matchIn": 14, "pattern":    24708, "baseWinCredits":   360                        },
		{"matchIn": 14, "pattern":  1115201, "baseWinCredits":   350                        },
		{"matchIn": 14, "pattern": 17056016, "baseWinCredits":   350                        },
		{"matchIn": 14, "pattern":      341, "baseWinCredits":   350                        },
		{"matchIn": 14, "pattern": 22347776, "baseWinCredits":   350                        },
		{"matchIn": 14, "pattern": 17039425, "baseWinCredits":   350                        },
		{"matchIn": 14, "pattern":  1114384, "baseWinCredits":   340                        },
		{"matchIn": 14, "pattern":   141440, "baseWinCredits":   340                        },
		{"matchIn": 14, "pattern":   328000, "baseWinCredits":   340                        },
		{"matchIn": 14, "pattern":  4211716, "baseWinCredits":   330                        },
		{"matchIn": 14, "pattern": 17825809, "baseWinCredits":   330                        },
		{"matchIn": 14, "pattern":   131520, "baseWinCredits":   320                        },
		{"matchIn": 14, "pattern":    10564, "baseWinCredits":   320                        },
		{"matchIn": 14, "pattern":  4532224, "baseWinCredits":   320                        },
		{"matchIn": 15, "pattern":       99, "baseWinCredits":   320                        },
		{"matchIn": 15, "pattern":      792, "baseWinCredits":   320                        },
		{"matchIn": 15, "pattern":  3244032, "baseWinCredits":   310                        },
		{"matchIn": 15, "pattern": 25952256, "baseWinCredits":   310                        },
		{"matchIn": 15, "pattern":     1063, "baseWinCredits":  2100, "bonusGamesAwarded": 5},
		{"matchIn": 15, "pattern":    16924, "baseWinCredits":  2280, "bonusGamesAwarded": 5},
		{"matchIn": 15, "pattern":  7373824, "baseWinCredits":  2480, "bonusGamesAwarded": 5},
		{"matchIn": 15, "pattern": 29900800, "baseWinCredits":  2680, "bonusGamesAwarded": 5},
		{"matchIn": 15, "pattern":  4328448, "baseWinCredits":   300                        },
		{"matchIn": 15, "pattern":  4349952, "baseWinCredits":   300                        },
		{"matchIn": 15, "pattern":     3204, "baseWinCredits":   300                        },
		{"matchIn": 15, "pattern":    24708, "baseWinCredits":   300                        },
		{"matchIn": 15, "pattern":  1115201, "baseWinCredits":   290                        },
		{"matchIn": 15, "pattern": 17056016, "baseWinCredits":   290                        },
		{"matchIn": 15, "pattern":      341, "baseWinCredits":   290                        },
		{"matchIn": 15, "pattern": 22347776, "baseWinCredits":   290                        },
		{"matchIn": 15, "pattern": 17039425, "baseWinCredits":   290                        },
		{"matchIn": 15, "pattern":  1114384, "baseWinCredits":   280                        },
		{"matchIn": 15, "pattern":   141440, "baseWinCredits":   280                        },
		{"matchIn": 15, "pattern":   328000, "baseWinCredits":   270                        },
		{"matchIn": 15, "pattern":  4211716, "baseWinCredits":   270                        },
		{"matchIn": 15, "pattern": 17825809, "baseWinCredits":   260                        },
		{"matchIn": 15, "pattern":   131520, "baseWinCredits":   260                        },
		{"matchIn": 15, "pattern":    10564, "baseWinCredits":   260                        },
		{"matchIn": 15, "pattern":  4532224, "baseWinCredits":   260                        },
		{"matchIn": 16, "pattern":       99, "baseWinCredits":   250                        },
		{"matchIn": 16, "pattern":      792, "baseWinCredits":   250                        },
		{"matchIn": 16, "pattern":  3244032, "baseWinCredits":   250                        },
		{"matchIn": 16, "pattern": 25952256, "baseWinCredits":   240                        },
		{"matchIn": 16, "pattern":     1063, "baseWinCredits":   240                        },
		{"matchIn": 16, "pattern":    16924, "baseWinCredits":   240                        },
		{"matchIn": 16, "pattern":  7373824, "baseWinCredits":   240                        },
		{"matchIn": 16, "pattern": 29900800, "baseWinCredits":   240                        },
		{"matchIn": 16, "pattern":  4328448, "baseWinCredits":   240                        },
		{"matchIn": 16, "pattern":  4349952, "baseWinCredits":   230                        },
		{"matchIn": 16, "pattern":     3204, "baseWinCredits":   230                        },
		{"matchIn": 16, "pattern":    24708, "baseWinCredits":   230                        },
		{"matchIn": 16, "pattern":  1115201, "baseWinCredits":   230                        },
		{"matchIn": 16, "pattern": 17056016, "baseWinCredits":   220                        },
		{"matchIn": 16, "pattern":      341, "baseWinCredits":   220                        },
		{"matchIn": 16, "pattern": 22347776, "baseWinCredits":   220                        },
		{"matchIn": 16, "pattern": 17039425, "baseWinCredits":   220                        },
		{"matchIn": 16, "pattern":  1114384, "baseWinCredits":   220                        },
		{"matchIn": 16, "pattern":   141440, "baseWinCredits":   220                        },
		{"matchIn": 16, "pattern":   328000, "baseWinCredits":   220                        },
		{"matchIn": 16, "pattern":  4211716, "baseWinCredits":   210                        },
		{"matchIn": 16, "pattern": 17825809, "baseWinCredits":   210                        },
		{"matchIn": 16, "pattern":   131520, "baseWinCredits":   210                        },
		{"matchIn": 16, "pattern":    10564, "baseWinCredits":   205                        },
		{"matchIn": 16, "pattern":  4532224, "baseWinCredits":   205                        },
		{"matchIn": 17, "pattern":       99, "baseWinCredits":   205                        },
		{"matchIn": 17, "pattern":      792, "baseWinCredits":   205                        },
		{"matchIn": 17, "pattern":  3244032, "baseWinCredits":   200                        },
		{"matchIn": 17, "pattern": 25952256, "baseWinCredits":   200                        },
		{"matchIn": 17, "pattern":     1063, "baseWinCredits":   200                        },
		{"matchIn": 17, "pattern":    16924, "baseWinCredits":   200                        },
		{"matchIn": 17, "pattern":  7373824, "baseWinCredits":   200                        },
		{"matchIn": 17, "pattern": 29900800, "baseWinCredits":   200                        },
		{"matchIn": 17, "pattern":  4328448, "baseWinCredits":   200                        },
		{"matchIn": 17, "pattern":  4349952, "baseWinCredits":   195                        },
		{"matchIn": 17, "pattern":     3204, "baseWinCredits":   190                        },
		{"matchIn": 17, "pattern":    24708, "baseWinCredits":   185                        },
		{"matchIn": 17, "pattern":  1115201, "baseWinCredits":   185                        },
		{"matchIn": 17, "pattern": 17056016, "baseWinCredits":   185                        },
		{"matchIn": 17, "pattern":      341, "baseWinCredits":   185                        },
		{"matchIn": 17, "pattern": 22347776, "baseWinCredits":   180                        },
		{"matchIn": 17, "pattern": 17039425, "baseWinCredits":   180                        },
		{"matchIn": 17, "pattern":  1114384, "baseWinCredits":   180                        },
		{"matchIn": 17, "pattern":   141440, "baseWinCredits":   175                        },
		{"matchIn": 17, "pattern":   328000, "baseWinCredits":   175                        },
		{"matchIn": 17, "pattern":  4211716, "baseWinCredits":   170                        },
		{"matchIn": 17, "pattern": 17825809, "baseWinCredits":   170                        },
		{"matchIn": 17, "pattern":   131520, "baseWinCredits":   165                        },
		{"matchIn": 17, "pattern":    10564, "baseWinCredits":   165                        },
		{"matchIn": 17, "pattern":  4532224, "baseWinCredits":   165                        },
		{"matchIn": 18, "pattern":       99, "baseWinCredits":   160                        },
		{"matchIn": 18, "pattern":      792, "baseWinCredits":   160                        },
		{"matchIn": 18, "pattern":  3244032, "baseWinCredits":   160                        },
		{"matchIn": 18, "pattern": 25952256, "baseWinCredits":   155                        },
		{"matchIn": 18, "pattern":     1063, "baseWinCredits":   155                        },
		{"matchIn": 18, "pattern":    16924, "baseWinCredits":   155                        },
		{"matchIn": 18, "pattern":  7373824, "baseWinCredits":   155                        },
		{"matchIn": 18, "pattern": 29900800, "baseWinCredits":   155                        },
		{"matchIn": 18, "pattern":  4328448, "baseWinCredits":   150                        },
		{"matchIn": 18, "pattern":  4349952, "baseWinCredits":   150                        },
		{"matchIn": 18, "pattern":     3204, "baseWinCredits":   150                        },
		{"matchIn": 18, "pattern":    24708, "baseWinCredits":   150                        },
		{"matchIn": 18, "pattern":  1115201, "baseWinCredits":   145                        },
		{"matchIn": 18, "pattern": 17056016, "baseWinCredits":   145                        },
		{"matchIn": 18, "pattern":      341, "baseWinCredits":   145                        },
		{"matchIn": 18, "pattern": 22347776, "baseWinCredits":   145                        },
		{"matchIn": 18, "pattern": 17039425, "baseWinCredits":   145                        },
		{"matchIn": 18, "pattern":  1114384, "baseWinCredits":   140                        },
		{"matchIn": 18, "pattern":   141440, "baseWinCredits":   140                        },
		{"matchIn": 18, "pattern":   328000, "baseWinCredits":   140                        },
		{"matchIn": 18, "pattern":  4211716, "baseWinCredits":   140                        },
		{"matchIn": 18, "pattern": 17825809, "baseWinCredits":   135                        },
		{"matchIn": 18, "pattern":   131520, "baseWinCredits":   135                        },
		{"matchIn": 18, "pattern":    10564, "baseWinCredits":   130                        },
		{"matchIn": 18, "pattern":  4532224, "baseWinCredits":   130                        },
		{"matchIn": 19, "pattern":       99, "baseWinCredits":   130                        },
		{"matchIn": 19, "pattern":      792, "baseWinCredits":   130                        },
		{"matchIn": 19, "pattern":  3244032, "baseWinCredits":   125                        },
		{"matchIn": 19, "pattern": 25952256, "baseWinCredits":   125                        },
		{"matchIn": 19, "pattern":     1063, "baseWinCredits":   125                        },
		{"matchIn": 19, "pattern":    16924, "baseWinCredits":   125                        },
		{"matchIn": 19, "pattern":  7373824, "baseWinCredits":   125                        },
		{"matchIn": 19, "pattern": 29900800, "baseWinCredits":   125                        },
		{"matchIn": 19, "pattern":  4328448, "baseWinCredits":   125                        },
		{"matchIn": 19, "pattern":  4349952, "baseWinCredits":   120                        },
		{"matchIn": 19, "pattern":     3204, "baseWinCredits":   120                        },
		{"matchIn": 19, "pattern":    24708, "baseWinCredits":   120                        },
		{"matchIn": 19, "pattern":  1115201, "baseWinCredits":   120                        },
		{"matchIn": 19, "pattern": 17056016, "baseWinCredits":   120                        },
		{"matchIn": 19, "pattern":      341, "baseWinCredits":   120                        },
		{"matchIn": 19, "pattern": 22347776, "baseWinCredits":   120                        },
		{"matchIn": 19, "pattern": 17039425, "baseWinCredits":   120                        },
		{"matchIn": 19, "pattern":  1114384, "baseWinCredits":   120                        },
		{"matchIn": 19, "pattern":   141440, "baseWinCredits":   115                        },
		{"matchIn": 19, "pattern":   328000, "baseWinCredits":   115                        },
		{"matchIn": 19, "pattern":  4211716, "baseWinCredits":   115                        },
		{"matchIn": 19, "pattern": 17825809, "baseWinCredits":   115                        },
		{"matchIn": 19, "pattern":   131520, "baseWinCredits":   110                        },
		{"matchIn": 19, "pattern":    10564, "baseWinCredits":   110                        },
		{"matchIn": 19, "pattern":  4532224, "baseWinCredits":   110                        },
		{"matchIn": 20, "pattern":       99, "baseWinCredits":   110                        },
		{"matchIn": 20, "pattern":      792, "baseWinCredits":   110                        },
		{"matchIn": 20, "pattern":  3244032, "baseWinCredits":   105                        },
		{"matchIn": 20, "pattern": 25952256, "baseWinCredits":   105                        },
		{"matchIn": 20, "pattern":     1063, "baseWinCredits":   105                        },
		{"matchIn": 20, "pattern":    16924, "baseWinCredits":   105                        },
		{"matchIn": 20, "pattern":  7373824, "baseWinCredits":   105                        },
		{"matchIn": 20, "pattern": 29900800, "baseWinCredits":   105                        },
		{"matchIn": 20, "pattern":  4328448, "baseWinCredits":   105                        },
		{"matchIn": 20, "pattern":  4349952, "baseWinCredits":   105                        },
		{"matchIn": 20, "pattern":     3204, "baseWinCredits":   105                        },
		{"matchIn": 20, "pattern":    24708, "baseWinCredits":   105                        },
		{"matchIn": 20, "pattern":  1115201, "baseWinCredits":   100                        },
		{"matchIn": 20, "pattern": 17056016, "baseWinCredits":   100                        },
		{"matchIn": 20, "pattern":      341, "baseWinCredits":   100                        },
		{"matchIn": 20, "pattern": 22347776, "baseWinCredits":   100                        },
		{"matchIn": 20, "pattern": 17039425, "baseWinCredits":   100                        },
		{"matchIn": 20, "pattern":  1114384, "baseWinCredits":   100                        },
		{"matchIn": 20, "pattern":   141440, "baseWinCredits":   100                        },
		{"matchIn": 20, "pattern":   328000, "baseWinCredits":   100                        },
		{"matchIn": 20, "pattern":  4211716, "baseWinCredits":   100                        },
		{"matchIn": 20, "pattern": 17825809, "baseWinCredits":   100                        },
		{"matchIn": 20, "pattern":   131520, "baseWinCredits":   100                        },
		{"matchIn": 20, "pattern":    10564, "baseWinCredits":   100                        },
		{"matchIn": 20, "pattern":  4532224, "baseWinCredits":   100                        },
		{"matchIn": 21, "pattern":       99, "baseWinCredits":   100                        },
		{"matchIn": 21, "pattern":      792, "baseWinCredits":    95                        },
		{"matchIn": 21, "pattern":  3244032, "baseWinCredits":    95                        },
		{"matchIn": 21, "pattern": 25952256, "baseWinCredits":    90                        },
		{"matchIn": 21, "pattern":     1063, "baseWinCredits":   830, "bonusGamesAwarded": 5},
		{"matchIn": 21, "pattern":    16924, "baseWinCredits":   840, "bonusGamesAwarded": 5},
		{"matchIn": 21, "pattern":  7373824, "baseWinCredits":   860, "bonusGamesAwarded": 5},
		{"matchIn": 21, "pattern": 29900800, "baseWinCredits":   880, "bonusGamesAwarded": 5},
		{"matchIn": 21, "pattern":  4328448, "baseWinCredits":    90                        },
		{"matchIn": 21, "pattern":  4349952, "baseWinCredits":    90                        },
		{"matchIn": 21, "pattern":     3204, "baseWinCredits":    85                        },
		{"matchIn": 21, "pattern":    24708, "baseWinCredits":    85                        },
		{"matchIn": 21, "pattern":  1115201, "baseWinCredits":    85                        },
		{"matchIn": 21, "pattern": 17056016, "baseWinCredits":    85                        },
		{"matchIn": 21, "pattern":      341, "baseWinCredits":    85                        },
		{"matchIn": 21, "pattern": 22347776, "baseWinCredits":    85                        },
		{"matchIn": 21, "pattern": 17039425, "baseWinCredits":    85                        },
		{"matchIn": 21, "pattern":  1114384, "baseWinCredits":    80                        },
		{"matchIn": 21, "pattern":   141440, "baseWinCredits":    80                        },
		{"matchIn": 21, "pattern":   328000, "baseWinCredits":    75                        },
		{"matchIn": 21, "pattern":  4211716, "baseWinCredits":    75                        },
		{"matchIn": 21, "pattern": 17825809, "baseWinCredits":    75                        },
		{"matchIn": 21, "pattern":   131520, "baseWinCredits":    75                        },
		{"matchIn": 21, "pattern":    10564, "baseWinCredits":    75                        },
		{"matchIn": 21, "pattern":  4532224, "baseWinCredits":    70                        },
		{"matchIn": 22, "pattern":       99, "baseWinCredits":    70                        },
		{"matchIn": 22, "pattern":      792, "baseWinCredits":    70                        },
		{"matchIn": 22, "pattern":  3244032, "baseWinCredits":    70                        },
		{"matchIn": 22, "pattern": 25952256, "baseWinCredits":    65                        },
		{"matchIn": 22, "pattern":     1063, "baseWinCredits":    65                        },
		{"matchIn": 22, "pattern":    16924, "baseWinCredits":    65                        },
		{"matchIn": 22, "pattern":  7373824, "baseWinCredits":    65                        },
		{"matchIn": 22, "pattern": 29900800, "baseWinCredits":    65                        },
		{"matchIn": 22, "pattern":  4328448, "baseWinCredits":    65                        },
		{"matchIn": 22, "pattern":  4349952, "baseWinCredits":    65                        },
		{"matchIn": 22, "pattern":     3204, "baseWinCredits":    60                        },
		{"matchIn": 22, "pattern":    24708, "baseWinCredits":    60                        },
		{"matchIn": 22, "pattern":  1115201, "baseWinCredits":    60                        },
		{"matchIn": 22, "pattern": 17056016, "baseWinCredits":    60                        },
		{"matchIn": 22, "pattern":      341, "baseWinCredits":    60                        },
		{"matchIn": 22, "pattern": 22347776, "baseWinCredits":    60                        },
		{"matchIn": 22, "pattern": 17039425, "baseWinCredits":    60                        },
		{"matchIn": 22, "pattern":  1114384, "baseWinCredits":    60                        },
		{"matchIn": 22, "pattern":   141440, "baseWinCredits":    60                        },
		{"matchIn": 22, "pattern":   328000, "baseWinCredits":    60                        },
		{"matchIn": 22, "pattern":  4211716, "baseWinCredits":    60                        },
		{"matchIn": 22, "pattern": 17825809, "baseWinCredits":    55                        },
		{"matchIn": 22, "pattern":   131520, "baseWinCredits":    55                        },
		{"matchIn": 22, "pattern":    10564, "baseWinCredits":    55                        },
		{"matchIn": 22, "pattern":  4532224, "baseWinCredits":    55                        },
		{"matchIn": 23, "pattern":       99, "baseWinCredits":    55                        },
		{"matchIn": 23, "pattern":      792, "baseWinCredits":    55                        },
		{"matchIn": 23, "pattern":  3244032, "baseWinCredits":    55                        },
		{"matchIn": 23, "pattern": 25952256, "baseWinCredits":    55                        },
		{"matchIn": 23, "pattern":     1063, "baseWinCredits":    50                        },
		{"matchIn": 23, "pattern":    16924, "baseWinCredits":    50                        },
		{"matchIn": 23, "pattern":  7373824, "baseWinCredits":    50                        },
		{"matchIn": 23, "pattern": 29900800, "baseWinCredits":    50                        },
		{"matchIn": 23, "pattern":  4328448, "baseWinCredits":    50                        },
		{"matchIn": 23, "pattern":  4349952, "baseWinCredits":    50                        },
		{"matchIn": 23, "pattern":     3204, "baseWinCredits":    50                        },
		{"matchIn": 23, "pattern":    24708, "baseWinCredits":    50                        },
		{"matchIn": 23, "pattern":  1115201, "baseWinCredits":    50                        },
		{"matchIn": 23, "pattern": 17056016, "baseWinCredits":    50                        },
		{"matchIn": 23, "pattern":      341, "baseWinCredits":    50                        },
		{"matchIn": 23, "pattern": 22347776, "baseWinCredits":    50                        },
		{"matchIn": 23, "pattern": 17039425, "baseWinCredits":    50                        },
		{"matchIn": 23, "pattern":  1114384, "baseWinCredits":    50                        },
		{"matchIn": 23, "pattern":   141440, "baseWinCredits":    50                        },
		{"matchIn": 23, "pattern":   328000, "baseWinCredits":    50                        },
		{"matchIn": 23, "pattern":  4211716, "baseWinCredits":    45                        },
		{"matchIn": 23, "pattern": 17825809, "baseWinCredits":    45                        },
		{"matchIn": 23, "pattern":   131520, "baseWinCredits":    45                        },
		{"matchIn": 23, "pattern":    10564, "baseWinCredits":    45                        },
		{"matchIn": 23, "pattern":  4532224, "baseWinCredits":    45                        },
		{"matchIn": 24, "pattern":       99, "baseWinCredits":    45                        },
		{"matchIn": 24, "pattern":      792, "baseWinCredits":    45                        },
		{"matchIn": 24, "pattern":  3244032, "baseWinCredits":    40                        },
		{"matchIn": 24, "pattern": 25952256, "baseWinCredits":    40                        },
		{"matchIn": 24, "pattern":     1063, "baseWinCredits":    40                        },
		{"matchIn": 24, "pattern":    16924, "baseWinCredits":    40                        },
		{"matchIn": 24, "pattern":  7373824, "baseWinCredits":    40                        },
		{"matchIn": 24, "pattern": 29900800, "baseWinCredits":    40                        },
		{"matchIn": 24, "pattern":  4328448, "baseWinCredits":    40                        },
		{"matchIn": 24, "pattern":  4349952, "baseWinCredits":    40                        },
		{"matchIn": 24, "pattern":     3204, "baseWinCredits":    40                        },
		{"matchIn": 24, "pattern":    24708, "baseWinCredits":    40                        },
		{"matchIn": 24, "pattern":  1115201, "baseWinCredits":    40                        },
		{"matchIn": 24, "pattern": 17056016, "baseWinCredits":    40                        },
		{"matchIn": 24, "pattern":      341, "baseWinCredits":    40                        },
		{"matchIn": 24, "pattern": 22347776, "baseWinCredits":    40                        },
		{"matchIn": 24, "pattern": 17039425, "baseWinCredits":    40                        },
		{"matchIn": 24, "pattern":  1114384, "baseWinCredits":    35                        },
		{"matchIn": 24, "pattern":   141440, "baseWinCredits":    35                        },
		{"matchIn": 24, "pattern":   328000, "baseWinCredits":    35                        },
		{"matchIn": 24, "pattern":  4211716, "baseWinCredits":    35                        },
		{"matchIn": 24, "pattern": 17825809, "baseWinCredits":    35                        },
		{"matchIn": 24, "pattern":   131520, "baseWinCredits":    35                        },
		{"matchIn": 24, "pattern":    10564, "baseWinCredits":    35                        },
		{"matchIn": 24, "pattern":  4532224, "baseWinCredits":    35                        },
		{"matchIn": 25, "pattern":       99, "baseWinCredits":    35                        },
		{"matchIn": 25, "pattern":      792, "baseWinCredits":    35                        },
		{"matchIn": 25, "pattern":  3244032, "baseWinCredits":    30                        },
		{"matchIn": 25, "pattern": 25952256, "baseWinCredits":    30                        },
		{"matchIn": 25, "pattern":     1063, "baseWinCredits":    30                        },
		{"matchIn": 25, "pattern":    16924, "baseWinCredits":    30                        },
		{"matchIn": 25, "pattern":  7373824, "baseWinCredits":    30                        },
		{"matchIn": 25, "pattern": 29900800, "baseWinCredits":    30                        },
		{"matchIn": 25, "pattern":  4328448, "baseWinCredits":    30                        },
		{"matchIn": 25, "pattern":  4349952, "baseWinCredits":    30                        },
		{"matchIn": 25, "pattern":     3204, "baseWinCredits":    30                        },
		{"matchIn": 25, "pattern":    24708, "baseWinCredits":    30                        },
		{"matchIn": 25, "pattern":  1115201, "baseWinCredits":   640, "bonusGamesAwarded": 5},
		{"matchIn": 25, "pattern": 17056016, "baseWinCredits":   660, "bonusGamesAwarded": 5},
		{"matchIn": 25, "pattern":      341, "baseWinCredits":    30                        },
		{"matchIn": 25, "pattern": 22347776, "baseWinCredits":    30                        },
		{"matchIn": 25, "pattern": 17039425, "baseWinCredits":    30                        },
		{"matchIn": 25, "pattern":  1114384, "baseWinCredits":    30                        },
		{"matchIn": 25, "pattern":   141440, "baseWinCredits":    30                        },
		{"matchIn": 25, "pattern":   328000, "baseWinCredits":    25                        },
		{"matchIn": 25, "pattern":  4211716, "baseWinCredits":    25                        },
		{"matchIn": 25, "pattern": 17825809, "baseWinCredits":    25                        },
		{"matchIn": 25, "pattern":   131520, "baseWinCredits":    25                        },
		{"matchIn": 25, "pattern":    10564, "baseWinCredits":    25                        },
		{"matchIn": 25, "pattern":  4532224, "baseWinCredits":    25                        },
		{"matchIn": 26, "pattern":       99, "baseWinCredits":    25                        },
		{"matchIn": 26, "pattern":      792, "baseWinCredits":    25                        },
		{"matchIn": 26, "pattern":  3244032, "baseWinCredits":    25                        },
		{"matchIn": 26, "pattern": 25952256, "baseWinCredits":    25                        },
		{"matchIn": 26, "pattern":     1063, "baseWinCredits":    25                        },
		{"matchIn": 26, "pattern":    16924, "baseWinCredits":    25                        },
		{"matchIn": 26, "pattern":  7373824, "baseWinCredits":    25                        },
		{"matchIn": 26, "pattern": 29900800, "baseWinCredits":    25                        },
		{"matchIn": 26, "pattern":  4328448, "baseWinCredits":    25                        },
		{"matchIn": 26, "pattern":  4349952, "baseWinCredits":    25                        },
		{"matchIn": 26, "pattern":     3204, "baseWinCredits":    25                        },
		{"matchIn": 26, "pattern":    24708, "baseWinCredits":    25                        },
		{"matchIn": 26, "pattern":  1115201, "baseWinCredits":    25                        },
		{"matchIn": 26, "pattern": 17056016, "baseWinCredits":    25                        },
		{"matchIn": 26, "pattern":      341, "baseWinCredits":    25                        },
		{"matchIn": 26, "pattern": 22347776, "baseWinCredits":    25                        },
		{"matchIn": 26, "pattern": 17039425, "baseWinCredits":    25                        },
		{"matchIn": 26, "pattern":  1114384, "baseWinCredits":    25                        },
		{"matchIn": 26, "pattern":   141440, "baseWinCredits":    20                        },
		{"matchIn": 26, "pattern":   328000, "baseWinCredits":    20                        },
		{"matchIn": 26, "pattern":  4211716, "baseWinCredits":    20                        },
		{"matchIn": 26, "pattern": 17825809, "baseWinCredits":    20                        },
		{"matchIn": 26, "pattern":   131520, "baseWinCredits":    20                        },
		{"matchIn": 26, "pattern":    10564, "baseWinCredits":    20                        },
		{"matchIn": 26, "pattern":  4532224, "baseWinCredits":    20                        },
		{"matchIn": 27, "pattern":       99, "baseWinCredits":    20                        },
		{"matchIn": 27, "pattern":      792, "baseWinCredits":    20                        },
		{"matchIn": 27, "pattern":  3244032, "baseWinCredits":    20                        },
		{"matchIn": 27, "pattern": 25952256, "baseWinCredits":    20                        },
		{"matchIn": 27, "pattern":     1063, "baseWinCredits":    20                        },
		{"matchIn": 27, "pattern":    16924, "baseWinCredits":    20                        },
		{"matchIn": 27, "pattern":  7373824, "baseWinCredits":    20                        },
		{"matchIn": 27, "pattern": 29900800, "baseWinCredits":    20                        },
		{"matchIn": 27, "pattern":  4328448, "baseWinCredits":    20                        },
		{"matchIn": 27, "pattern":  4349952, "baseWinCredits":    20                        },
		{"matchIn": 27, "pattern":     3204, "baseWinCredits":    20                        },
		{"matchIn": 27, "pattern":    24708, "baseWinCredits":    20                        },
		{"matchIn": 27, "pattern":  1115201, "baseWinCredits":    20                        },
		{"matchIn": 27, "pattern": 17056016, "baseWinCredits":    20                        },
		{"matchIn": 27, "pattern":      341, "baseWinCredits":    20                        },
		{"matchIn": 27, "pattern": 22347776, "baseWinCredits":    20                        },
		{"matchIn": 27, "pattern": 17039425, "baseWinCredits":    20                        },
		{"matchIn": 27, "pattern":  1114384, "baseWinCredits":    20                        },
		{"matchIn": 27, "pattern":   141440, "baseWinCredits":    20                        },
		{"matchIn": 27, "pattern":   328000, "baseWinCredits":    20                        },
		{"matchIn": 27, "pattern":  4211716, "baseWinCredits":    20                        },
		{"matchIn": 27, "pattern": 17825809, "baseWinCredits":    20                        },
		{"matchIn": 27, "pattern":   131520, "baseWinCredits":    20                        },
		{"matchIn": 27, "pattern":    10564, "baseWinCredits":    20                        },
		{"matchIn": 27, "pattern":  4532224, "baseWinCredits":    20                        },
		{"matchIn": 28, "pattern":       99, "baseWinCredits":    15                        },
		{"matchIn": 28, "pattern":      792, "baseWinCredits":    15                        },
		{"matchIn": 28, "pattern":  3244032, "baseWinCredits":    15                        },
		{"matchIn": 28, "pattern": 25952256, "baseWinCredits":    15                        },
		{"matchIn": 28, "pattern":     1063, "baseWinCredits":    15                        },
		{"matchIn": 28, "pattern":    16924, "baseWinCredits":    15                        },
		{"matchIn": 28, "pattern":  7373824, "baseWinCredits":    15                        },
		{"matchIn": 28, "pattern": 29900800, "baseWinCredits":    15                        },
		{"matchIn": 28, "pattern":  4328448, "baseWinCredits":    15                        },
		{"matchIn": 28, "pattern":  4349952, "baseWinCredits":    15                        },
		{"matchIn": 28, "pattern":     3204, "baseWinCredits":    15                        },
		{"matchIn": 28, "pattern":    24708, "baseWinCredits":    15                        },
		{"matchIn": 28, "pattern":  1115201, "baseWinCredits":    15                        },
		{"matchIn": 28, "pattern": 17056016, "baseWinCredits":    15                        },
		{"matchIn": 28, "pattern":      341, "baseWinCredits":    15                        },
		{"matchIn": 28, "pattern": 22347776, "baseWinCredits":    15                        },
		{"matchIn": 28, "pattern": 17039425, "baseWinCredits":    15                        },
		{"matchIn": 28, "pattern":  1114384, "baseWinCredits":    15                        },
		{"matchIn": 28, "pattern":   141440, "baseWinCredits":    15                        },
		{"matchIn": 28, "pattern":   328000, "baseWinCredits":    15                        },
		{"matchIn": 28, "pattern":  4211716, "baseWinCredits":    15                        },
		{"matchIn": 28, "pattern": 17825809, "baseWinCredits":    15                        },
		{"matchIn": 28, "pattern":   131520, "baseWinCredits":    15                        },
		{"matchIn": 28, "pattern":    10564, "baseWinCredits":    15                        },
		{"matchIn": 28, "pattern":  4532224, "baseWinCredits":    15                        },
		{"matchIn": 29, "pattern":       99, "baseWinCredits":    15                        },
		{"matchIn": 29, "pattern":      792, "baseWinCredits":    15                        },
		{"matchIn": 29, "pattern":  3244032, "baseWinCredits":    15                        },
		{"matchIn": 29, "pattern": 25952256, "baseWinCredits":    10                        },
		{"matchIn": 29, "pattern":     1063, "baseWinCredits":    10                        },
		{"matchIn": 29, "pattern":    16924, "baseWinCredits":    10                        },
		{"matchIn": 29, "pattern":  7373824, "baseWinCredits":    10                        },
		{"matchIn": 29, "pattern": 29900800, "baseWinCredits":    10                        },
		{"matchIn": 29, "pattern":  4328448, "baseWinCredits":    10                        },
		{"matchIn": 29, "pattern":  4349952, "baseWinCredits":    10                        },
		{"matchIn": 29, "pattern":     3204, "baseWinCredits":    10                        },
		{"matchIn": 29, "pattern":    24708, "baseWinCredits":    10                        },
		{"matchIn": 29, "pattern":  1115201, "baseWinCredits":    10                        },
		{"matchIn": 29, "pattern": 17056016, "baseWinCredits":    10                        },
		{"matchIn": 29, "pattern":      341, "baseWinCredits":    10                        },
		{"matchIn": 29, "pattern": 22347776, "baseWinCredits":    10                        },
		{"matchIn": 29, "pattern": 17039425, "baseWinCredits":    10                        },
		{"matchIn": 29, "pattern":  1114384, "baseWinCredits":    10                        },
		{"matchIn": 29, "pattern":   141440, "baseWinCredits":    10                        },
		{"matchIn": 29, "pattern":   328000, "baseWinCredits":    10                        },
		{"matchIn": 29, "pattern":  4211716, "baseWinCredits":    10                        },
		{"matchIn": 29, "pattern": 17825809, "baseWinCredits":    10                        },
		{"matchIn": 29, "pattern":   131520, "baseWinCredits":    10                        },
		{"matchIn": 29, "pattern":    10564, "baseWinCredits":    10                        },
		{"matchIn": 29, "pattern":  4532224, "baseWinCredits":    10                        },
		{"matchIn": 30, "pattern":       99, "baseWinCredits":    10                        },
		{"matchIn": 30, "pattern":      792, "baseWinCredits":    10                        },
		{"matchIn": 30, "pattern":  3244032, "baseWinCredits":    10                        },
		{"matchIn": 30, "pattern": 25952256, "baseWinCredits":    10                        },
		{"matchIn": 30, "pattern":     1063, "baseWinCredits":    10                        },
		{"matchIn": 30, "pattern":    16924, "baseWinCredits":    10                        },
		{"matchIn": 30, "pattern":  7373824, "baseWinCredits":    10                        },
		{"matchIn": 30, "pattern": 29900800, "baseWinCredits":    10                        },
		{"matchIn": 30, "pattern":  4328448, "baseWinCredits":    10                        },
		{"matchIn": 30, "pattern":  4349952, "baseWinCredits":    10                        },
		{"matchIn": 30, "pattern":     3204, "baseWinCredits":    10                        },
		{"matchIn": 30, "pattern":    24708, "baseWinCredits":    10                        },
		{"matchIn": 30, "pattern":  1115201, "baseWinCredits":    10                        },
		{"matchIn": 30, "pattern": 17056016, "baseWinCredits":    10                        },
		{"matchIn": 30, "pattern":      341, "baseWinCredits":    10                        },
		{"matchIn": 30, "pattern": 22347776, "baseWinCredits":    10                        },
		{"matchIn": 30, "pattern": 17039425, "baseWinCredits":    10                        },
		{"matchIn": 30, "pattern":  1114384, "baseWinCredits":    10                        },
		{"matchIn": 30, "pattern":   141440, "baseWinCredits":    10                        },
		{"matchIn": 30, "pattern":   328000, "baseWinCredits":    10                        },
		{"matchIn": 30, "pattern":  4211716, "baseWinCredits":    10                        },
		{"matchIn": 30, "pattern": 17825809, "baseWinCredits":    10                        },
		{"matchIn": 30, "pattern":   131520, "baseWinCredits":    10                        },
		{"matchIn": 30, "pattern":    10564, "baseWinCredits":    10                        },
		{"matchIn": 30, "pattern":  4532224, "baseWinCredits":    10                        },
		{"matchIn": 31, "pattern":       99, "baseWinCredits":    10                        },
		{"matchIn": 31, "pattern":      792, "baseWinCredits":    10                        },
		{"matchIn": 31, "pattern":  3244032, "baseWinCredits":    10                        },
		{"matchIn": 31, "pattern": 25952256, "baseWinCredits":    10                        },
		{"matchIn": 31, "pattern":     1063, "baseWinCredits":    10                        },
		{"matchIn": 31, "pattern":    16924, "baseWinCredits":    10                        },
		{"matchIn": 31, "pattern":  7373824, "baseWinCredits":    10                        },
		{"matchIn": 31, "pattern": 29900800, "baseWinCredits":    10                        },
		{"matchIn": 31, "pattern":  4328448, "baseWinCredits":    10                        },
		{"matchIn": 31, "pattern":  4349952, "baseWinCredits":     5                        },
		{"matchIn": 31, "pattern":     3204, "baseWinCredits":     5                        },
		{"matchIn": 31, "pattern":    24708, "baseWinCredits":     5                        },
		{"matchIn": 31, "pattern":  1115201, "baseWinCredits":     5                        },
		{"matchIn": 31, "pattern": 17056016, "baseWinCredits":     5                        },
		{"matchIn": 31, "pattern":      341, "baseWinCredits":     5                        },
		{"matchIn": 31, "pattern": 22347776, "baseWinCredits":     5                        },
		{"matchIn": 31, "pattern": 17039425, "baseWinCredits":     5                        },
		{"matchIn": 31, "pattern":  1114384, "baseWinCredits":     5                        },
		{"matchIn": 31, "pattern":   141440, "baseWinCredits":     5                        },
		{"matchIn": 31, "pattern":   328000, "baseWinCredits":     5                        },
		{"matchIn": 31, "pattern":  4211716, "baseWinCredits":     5                        },
		{"matchIn": 31, "pattern": 17825809, "baseWinCredits":     5                        },
		{"matchIn": 31, "pattern":   131520, "baseWinCredits":     5                        },
		{"matchIn": 31, "pattern":    10564, "baseWinCredits":     5                        },
		{"matchIn": 31, "pattern":  4532224, "baseWinCredits":     5                        },
		{"matchIn": 32, "pattern":       99, "baseWinCredits":     5                        },
		{"matchIn": 32, "pattern":      792, "baseWinCredits":     5                        },
		{"matchIn": 32, "pattern":  3244032, "baseWinCredits":     5                        },
		{"matchIn": 32, "pattern": 25952256, "baseWinCredits":     5                        },
		{"matchIn": 32, "pattern":     1063, "baseWinCredits":     5                        },
		{"matchIn": 32, "pattern":    16924, "baseWinCredits":     5                        },
		{"matchIn": 32, "pattern":  7373824, "baseWinCredits":     5                        },
		{"matchIn": 32, "pattern": 29900800, "baseWinCredits":     5                        },
		{"matchIn": 32, "pattern":  4328448, "baseWinCredits":     5                        },
		{"matchIn": 32, "pattern":  4349952, "baseWinCredits":     5                        },
		{"matchIn": 32, "pattern":     3204, "baseWinCredits":     5                        },
		{"matchIn": 32, "pattern":    24708, "baseWinCredits":     5                        },
		{"matchIn": 32, "pattern":  1115201, "baseWinCredits":     5                        },
		{"matchIn": 32, "pattern": 17056016, "baseWinCredits":     5                        },
		{"matchIn": 32, "pattern":      341, "baseWinCredits":     5                        },
		{"matchIn": 32, "pattern": 22347776, "baseWinCredits":     5                        },
		{"matchIn": 32, "pattern": 17039425, "baseWinCredits":     5                        },
		{"matchIn": 32, "pattern":  1114384, "baseWinCredits":     5                        },
		{"matchIn": 32, "pattern":   141440, "baseWinCredits":     5                        },
		{"matchIn": 32, "pattern":   328000, "baseWinCredits":     5                        },
		{"matchIn": 32, "pattern":  4211716, "baseWinCredits":     5                        },
		{"matchIn": 32, "pattern": 17825809, "baseWinCredits":     5                        },
		{"matchIn": 32, "pattern":   131520, "baseWinCredits":     5                        },
		{"matchIn": 32, "pattern":    10564, "baseWinCredits":     5                        },
		{"matchIn": 32, "pattern":  4532224, "baseWinCredits":     5                        },
		{"matchIn": 33, "pattern":       99, "baseWinCredits":     5                        },
		{"matchIn": 33, "pattern":      792, "baseWinCredits":     5                        },
		{"matchIn": 33, "pattern":  3244032, "baseWinCredits":     5                        },
		{"matchIn": 33, "pattern": 25952256, "baseWinCredits":     5                        },
		{"matchIn": 33, "pattern":     1063, "baseWinCredits":     5                        },
		{"matchIn": 33, "pattern":    16924, "baseWinCredits":     5                        },
		{"matchIn": 33, "pattern":  7373824, "baseWinCredits":     5                        },
		{"matchIn": 33, "pattern": 29900800, "baseWinCredits":     5                        },
		{"matchIn": 33, "pattern":  4328448, "baseWinCredits":     5                        },
		{"matchIn": 33, "pattern":  4349952, "baseWinCredits":     5                        },
		{"matchIn": 33, "pattern":     3204, "baseWinCredits":     5                        },
		{"matchIn": 33, "pattern":    24708, "baseWinCredits":     5                        },
		{"matchIn": 33, "pattern":  1115201, "baseWinCredits":     5                        },
		{"matchIn": 33, "pattern": 17056016, "baseWinCredits":     5                        },
		{"matchIn": 33, "pattern":      341, "baseWinCredits":     5                        },
		{"matchIn": 33, "pattern": 22347776, "baseWinCredits":     5                        },
		{"matchIn": 33, "pattern": 17039425, "baseWinCredits":     5                        },
		{"matchIn": 33, "pattern":  1114384, "baseWinCredits":     5                        },
		{"matchIn": 33, "pattern":   141440, "baseWinCredits":     5                        },
		{"matchIn": 33, "pattern":   328000, "baseWinCredits":     5                        },
		{"matchIn": 33, "pattern":  4211716, "baseWinCredits":     5                        },
		{"matchIn": 36, "pattern":  7373824, "baseWinCredits":   580, "bonusGamesAwarded": 5},
		{"matchIn": 48, "pattern":    10564, "baseWinCredits":   600, "bonusGamesAwarded": 5},
		{"matchIn": 48, "pattern":  4532224, "baseWinCredits":   620, "bonusGamesAwarded": 5},
		{"matchIn": 49, "pattern":  1115201, "baseWinCredits":   680, "bonusGamesAwarded": 5},
		{"matchIn": 49, "pattern": 17056016, "baseWinCredits":   700, "bonusGamesAwarded": 5},
		{"matchIn": 51, "pattern":   328000, "baseWinCredits":   720, "bonusGamesAwarded": 5},
		{"matchIn": 52, "pattern":      341, "baseWinCredits":   760, "bonusGamesAwarded": 5},
		{"matchIn": 52, "pattern":  4211716, "baseWinCredits":   780, "bonusGamesAwarded": 5},
		{"matchIn": 53, "pattern":  1115201, "baseWinCredits":   800, "bonusGamesAwarded": 5},
		{"matchIn": 53, "pattern": 17056016, "baseWinCredits":   820, "bonusGamesAwarded": 5},
		{"matchIn": 53, "pattern": 22347776, "baseWinCredits":   920, "bonusGamesAwarded": 5},
		{"matchIn": 56, "pattern":  1115201, "baseWinCredits":  1830, "bonusGamesAwarded": 5},
		{"matchIn": 56, "pattern": 17056016, "baseWinCredits":  1880, "bonusGamesAwarded": 5},
		{"matchIn": 56, "pattern": 22347776, "baseWinCredits":  1930, "bonusGamesAwarded": 5},
		{"matchIn": 57, "pattern":       99, "baseWinCredits":   730, "bonusGamesAwarded": 5},
		{"matchIn": 57, "pattern":      792, "baseWinCredits":   740, "bonusGamesAwarded": 5},
		{"matchIn": 57, "pattern":  4349952, "baseWinCredits":   920, "bonusGamesAwarded": 5},
		{"matchIn": 58, "pattern": 29900800, "baseWinCredits":  1130, "bonusGamesAwarded": 5},
		{"matchIn": 58, "pattern":    10564, "baseWinCredits":  3280, "bonusGamesAwarded": 5},
		{"matchIn": 58, "pattern":  4532224, "baseWinCredits":  3480, "bonusGamesAwarded": 5},
		{"matchIn": 59, "pattern":     1063, "baseWinCredits":   930, "bonusGamesAwarded": 5},
		{"matchIn": 59, "pattern":     3204, "baseWinCredits":  1180, "bonusGamesAwarded": 5},
		{"matchIn": 60, "pattern": 29900800, "baseWinCredits":  1980, "bonusGamesAwarded": 5},
		{"matchIn": 60, "pattern":  4328448, "baseWinCredits":  1580, "bonusGamesAwarded": 5},
		{"matchIn": 60, "pattern":      341, "baseWinCredits":  5800, "bonusGamesAwarded": 5},
		{"matchIn": 60, "pattern": 17825809, "baseWinCredits":  7280, "bonusGamesAwarded": 5},
		{"matchIn": 61, "pattern":     1063, "baseWinCredits":  2030, "bonusGamesAwarded": 5},
		{"matchIn": 61, "pattern":    16924, "baseWinCredits":  3080, "bonusGamesAwarded": 5},
		{"matchIn": 61, "pattern":  4349952, "baseWinCredits":  2880, "bonusGamesAwarded": 5},
		{"matchIn": 61, "pattern":      341, "baseWinCredits":   730, "bonusGamesAwarded": 5},
		{"matchIn": 61, "pattern":   328000, "baseWinCredits":  7480, "bonusGamesAwarded": 5},
		{"matchIn": 61, "pattern":  4211716, "baseWinCredits":   625, "bonusGamesAwarded": 5},
		{"matchIn": 62, "pattern":  1115201, "baseWinCredits":  7800, "bonusGamesAwarded": 5},
		{"matchIn": 62, "pattern": 17056016, "baseWinCredits":  7880, "bonusGamesAwarded": 5},
		{"matchIn": 62, "pattern": 22347776, "baseWinCredits":  8125, "bonusGamesAwarded": 5},
		{"matchIn": 62, "pattern": 17039425, "baseWinCredits":  8580, "bonusGamesAwarded": 5},
		{"matchIn": 62, "pattern":  1114384, "baseWinCredits":  9080, "bonusGamesAwarded": 5},
		{"matchIn": 62, "pattern":  4211716, "baseWinCredits":  2880, "bonusGamesAwarded": 5},
		{"matchIn": 62, "pattern": 17825809, "baseWinCredits":   920, "bonusGamesAwarded": 5},
		{"matchIn": 62, "pattern":    10564, "baseWinCredits": 12080, "bonusGamesAwarded": 5},
		{"matchIn": 62, "pattern":  4532224, "baseWinCredits": 10080, "bonusGamesAwarded": 5},
		{"matchIn": 63, "pattern":    16924, "baseWinCredits":  5880, "bonusGamesAwarded": 5},
		{"matchIn": 63, "pattern":  4349952, "baseWinCredits":  6480, "bonusGamesAwarded": 5},
		{"matchIn": 63, "pattern":    24708, "baseWinCredits": 11080, "bonusGamesAwarded": 5},
		{"matchIn": 63, "pattern": 17056016, "baseWinCredits":  1730, "bonusGamesAwarded": 5},
		{"matchIn": 63, "pattern":      341, "baseWinCredits":  5080, "bonusGamesAwarded": 5},
		{"matchIn": 63, "pattern": 22347776, "baseWinCredits":   920, "bonusGamesAwarded": 5},
		{"matchIn": 63, "pattern": 17039425, "baseWinCredits":  4480, "bonusGamesAwarded": 5},
		{"matchIn": 63, "pattern":  1114384, "baseWinCredits":  4350, "bonusGamesAwarded": 5},
		{"matchIn": 63, "pattern":   328000, "baseWinCredits":  1880, "bonusGamesAwarded": 5},
		{"matchIn": 63, "pattern":  4211716, "baseWinCredits": 24250, "bonusGamesAwarded": 5},
		{"matchIn": 63, "pattern": 17825809, "baseWinCredits":  1180, "bonusGamesAwarded": 5},
		{"matchIn": 63, "pattern":   131520, "baseWinCredits":  1830, "bonusGamesAwarded": 5},
		{"matchIn": 63, "pattern":    10564, "baseWinCredits":  4880, "bonusGamesAwarded": 5},
		{"matchIn": 63, "pattern":  4532224, "baseWinCredits":  1825, "bonusGamesAwarded": 5},
		{"matchIn": 64, "pattern":  4349952, "baseWinCredits":   720, "bonusGamesAwarded": 5},
		{"matchIn": 64, "pattern":     3204, "baseWinCredits": 12580, "bonusGamesAwarded": 5},
		{"matchIn": 64, "pattern":    24708, "baseWinCredits":  5280, "bonusGamesAwarded": 5},
		{"matchIn": 64, "pattern":  1115201, "baseWinCredits": 12080, "bonusGamesAwarded": 5},
		{"matchIn": 64, "pattern": 17056016, "baseWinCredits":  7480, "bonusGamesAwarded": 5},
		{"matchIn": 64, "pattern":   141440, "baseWinCredits": 11580, "bonusGamesAwarded": 5},
		{"matchIn": 64, "pattern":   328000, "baseWinCredits":  1430, "bonusGamesAwarded": 5},
		{"matchIn": 64, "pattern":  4211716, "baseWinCredits":  2480, "bonusGamesAwarded": 5},
		{"matchIn": 64, "pattern": 17825809, "baseWinCredits":   930, "bonusGamesAwarded": 5},
		{"matchIn": 64, "pattern":   131520, "baseWinCredits":   760, "bonusGamesAwarded": 5},
		{"matchIn": 64, "pattern":  4532224, "baseWinCredits":   940, "bonusGamesAwarded": 5},
		{"matchIn": 65, "pattern":     1063, "baseWinCredits":  1930, "bonusGamesAwarded": 5},
		{"matchIn": 65, "pattern":    16924, "baseWinCredits":   600, "bonusGamesAwarded": 5},
		{"matchIn": 65, "pattern":  7373824, "baseWinCredits":  1630, "bonusGamesAwarded": 5},
		{"matchIn": 65, "pattern": 29900800, "baseWinCredits":  1680, "bonusGamesAwarded": 5},
		{"matchIn": 65, "pattern":     3204, "baseWinCredits":  4680, "bonusGamesAwarded": 5},
		{"matchIn": 65, "pattern":  1115201, "baseWinCredits": 15080, "bonusGamesAwarded": 5},
		{"matchIn": 65, "pattern": 17056016, "baseWinCredits": 14080, "bonusGamesAwarded": 5},
		{"matchIn": 65, "pattern": 22347776, "baseWinCredits": 12580, "bonusGamesAwarded": 5},
		{"matchIn": 65, "pattern":  1114384, "baseWinCredits":  7080, "bonusGamesAwarded": 5},
		{"matchIn": 65, "pattern":   141440, "baseWinCredits":  5480, "bonusGamesAwarded": 5},
		{"matchIn": 65, "pattern":  4211716, "baseWinCredits": 11580, "bonusGamesAwarded": 5},
		{"matchIn": 65, "pattern": 17825809, "baseWinCredits":  9800, "bonusGamesAwarded": 5},
		{"matchIn": 65, "pattern":   131520, "baseWinCredits":  6625, "bonusGamesAwarded": 5},
		{"matchIn": 65, "pattern":    10564, "baseWinCredits": 17080, "bonusGamesAwarded": 5},
		{"matchIn": 66, "pattern":       99, "baseWinCredits":   600, "bonusGamesAwarded": 5},
		{"matchIn": 66, "pattern":      792, "baseWinCredits":   620, "bonusGamesAwarded": 5},
		{"matchIn": 66, "pattern":  3244032, "baseWinCredits":   640, "bonusGamesAwarded": 5},
		{"matchIn": 66, "pattern": 25952256, "baseWinCredits":   660, "bonusGamesAwarded": 5},
		{"matchIn": 66, "pattern":  7373824, "baseWinCredits": 36150, "bonusGamesAwarded": 5},
		{"matchIn": 66, "pattern": 29900800, "baseWinCredits":  7280, "bonusGamesAwarded": 5},
		{"matchIn": 66, "pattern":  4328448, "baseWinCredits":   880, "bonusGamesAwarded": 5},
		{"matchIn": 66, "pattern":  4349952, "baseWinCredits":   650, "bonusGamesAwarded": 5},
		{"matchIn": 66, "pattern":     3204, "baseWinCredits": 16080, "bonusGamesAwarded": 5},
		{"matchIn": 66, "pattern":    24708, "baseWinCredits":  2030, "bonusGamesAwarded": 5},
		{"matchIn": 66, "pattern":  1115201, "baseWinCredits":  1680, "bonusGamesAwarded": 5},
		{"matchIn": 66, "pattern": 17056016, "baseWinCredits": 13580, "bonusGamesAwarded": 5},
		{"matchIn": 66, "pattern":      341, "baseWinCredits":   880, "bonusGamesAwarded": 5},
		{"matchIn": 66, "pattern": 22347776, "baseWinCredits": 10080, "bonusGamesAwarded": 5},
		{"matchIn": 66, "pattern": 17039425, "baseWinCredits":   930, "bonusGamesAwarded": 5},
		{"matchIn": 66, "pattern":  1114384, "baseWinCredits": 12580, "bonusGamesAwarded": 5},
		{"matchIn": 66, "pattern":   141440, "baseWinCredits":  2080, "bonusGamesAwarded": 5},
		{"matchIn": 66, "pattern":   328000, "baseWinCredits": 11080, "bonusGamesAwarded": 5},
		{"matchIn": 66, "pattern":  4211716, "baseWinCredits":  5880, "bonusGamesAwarded": 5},
		{"matchIn": 66, "pattern": 17825809, "baseWinCredits":  3080, "bonusGamesAwarded": 5},
		{"matchIn": 66, "pattern":   131520, "baseWinCredits":  1980, "bonusGamesAwarded": 5},
		{"matchIn": 66, "pattern":    10564, "baseWinCredits": 12080, "bonusGamesAwarded": 5},
		{"matchIn": 66, "pattern":  4532224, "baseWinCredits":  1430, "bonusGamesAwarded": 5},
		{"matchIn": 67, "pattern":     1063, "baseWinCredits": 13080, "bonusGamesAwarded": 5},
		{"matchIn": 67, "pattern":    16924, "baseWinCredits": 13580, "bonusGamesAwarded": 5},
		{"matchIn": 67, "pattern":  7373824, "baseWinCredits":  9080, "bonusGamesAwarded": 5},
		{"matchIn": 67, "pattern": 29900800, "baseWinCredits":  8580, "bonusGamesAwarded": 5},
		{"matchIn": 67, "pattern":  4328448, "baseWinCredits": 20300, "bonusGamesAwarded": 5},
		{"matchIn": 67, "pattern":  4349952, "baseWinCredits":  2680, "bonusGamesAwarded": 5},
		{"matchIn": 67, "pattern":     3204, "baseWinCredits":  7080, "bonusGamesAwarded": 5},
		{"matchIn": 67, "pattern":    24708, "baseWinCredits":   800, "bonusGamesAwarded": 5},
		{"matchIn": 67, "pattern":  1115201, "baseWinCredits":  7880, "bonusGamesAwarded": 5},
		{"matchIn": 67, "pattern": 17056016, "baseWinCredits":   920, "bonusGamesAwarded": 5},
		{"matchIn": 67, "pattern":      341, "baseWinCredits":  4680, "bonusGamesAwarded": 5},
		{"matchIn": 67, "pattern": 22347776, "baseWinCredits":   625, "bonusGamesAwarded": 5},
		{"matchIn": 67, "pattern": 17039425, "baseWinCredits":   840, "bonusGamesAwarded": 5},
		{"matchIn": 67, "pattern":  1114384, "baseWinCredits":  4480, "bonusGamesAwarded": 5},
		{"matchIn": 67, "pattern":   141440, "baseWinCredits":  2680, "bonusGamesAwarded": 5},
		{"matchIn": 67, "pattern":   328000, "baseWinCredits":   920, "bonusGamesAwarded": 5},
		{"matchIn": 67, "pattern":  4211716, "baseWinCredits":  4350, "bonusGamesAwarded": 5},
		{"matchIn": 67, "pattern": 17825809, "baseWinCredits":   740, "bonusGamesAwarded": 5},
		{"matchIn": 67, "pattern":   131520, "baseWinCredits":  7800, "bonusGamesAwarded": 5},
		{"matchIn": 67, "pattern":    10564, "baseWinCredits":  2030, "bonusGamesAwarded": 5},
		{"matchIn": 67, "pattern":  4532224, "baseWinCredits":  3280, "bonusGamesAwarded": 5},
		{"matchIn": 68, "pattern":       99, "baseWinCredits":  6080, "bonusGamesAwarded": 5},
		{"matchIn": 68, "pattern":      792, "baseWinCredits":  6280, "bonusGamesAwarded": 5},
		{"matchIn": 68, "pattern":  3244032, "baseWinCredits": 11580, "bonusGamesAwarded": 5},
		{"matchIn": 68, "pattern": 25952256, "baseWinCredits": 10580, "bonusGamesAwarded": 5},
		{"matchIn": 68, "pattern":     1063, "baseWinCredits": 15080, "bonusGamesAwarded": 5},
		{"matchIn": 68, "pattern":    16924, "baseWinCredits": 16080, "bonusGamesAwarded": 5},
		{"matchIn": 68, "pattern":  7373824, "baseWinCredits": 36150, "bonusGamesAwarded": 5},
		{"matchIn": 68, "pattern": 29900800, "baseWinCredits":  1630, "bonusGamesAwarded": 5},
		{"matchIn": 68, "pattern":  4328448, "baseWinCredits":   650, "bonusGamesAwarded": 5},
		{"matchIn": 68, "pattern":  4349952, "baseWinCredits": 13080, "bonusGamesAwarded": 5},
		{"matchIn": 68, "pattern":     3204, "baseWinCredits":  3480, "bonusGamesAwarded": 5},
		{"matchIn": 68, "pattern":    24708, "baseWinCredits":  4350, "bonusGamesAwarded": 5},
		{"matchIn": 68, "pattern":  1115201, "baseWinCredits":   650, "bonusGamesAwarded": 5},
		{"matchIn": 68, "pattern": 17056016, "baseWinCredits": 72580, "bonusGamesAwarded": 5},
		{"matchIn": 68, "pattern":      341, "baseWinCredits":  1380, "bonusGamesAwarded": 5},
		{"matchIn": 68, "pattern": 22347776, "baseWinCredits": 16080, "bonusGamesAwarded": 5},
		{"matchIn": 68, "pattern": 17039425, "baseWinCredits":  3480, "bonusGamesAwarded": 5},
		{"matchIn": 68, "pattern":  1114384, "baseWinCredits": 10580, "bonusGamesAwarded": 5},
		{"matchIn": 68, "pattern":   141440, "baseWinCredits": 10580, "bonusGamesAwarded": 5},
		{"matchIn": 68, "pattern":   328000, "baseWinCredits":  4080, "bonusGamesAwarded": 5},
		{"matchIn": 68, "pattern":  4211716, "baseWinCredits": 17080, "bonusGamesAwarded": 5},
		{"matchIn": 68, "pattern": 17825809, "baseWinCredits":  1980, "bonusGamesAwarded": 5},
		{"matchIn": 68, "pattern":   131520, "baseWinCredits":   830, "bonusGamesAwarded": 5},
		{"matchIn": 68, "pattern":    10564, "baseWinCredits":   640, "bonusGamesAwarded": 5},
		{"matchIn": 68, "pattern":  4532224, "baseWinCredits":   660, "bonusGamesAwarded": 5},
		{"matchIn": 69, "pattern":       99, "baseWinCredits":   600, "bonusGamesAwarded": 5},
		{"matchIn": 69, "pattern":      792, "baseWinCredits":   620, "bonusGamesAwarded": 5},
		{"matchIn": 69, "pattern":  3244032, "baseWinCredits":  1930, "bonusGamesAwarded": 5},
		{"matchIn": 69, "pattern": 25952256, "baseWinCredits":  4880, "bonusGamesAwarded": 5},
		{"matchIn": 69, "pattern":     1063, "baseWinCredits":  8125, "bonusGamesAwarded": 5},
		{"matchIn": 69, "pattern":    16924, "baseWinCredits":  5080, "bonusGamesAwarded": 5},
		{"matchIn": 69, "pattern":  7373824, "baseWinCredits": 10080, "bonusGamesAwarded": 5},
		{"matchIn": 69, "pattern": 29900800, "baseWinCredits": 15080, "bonusGamesAwarded": 5},
		{"matchIn": 69, "pattern":  4328448, "baseWinCredits":  2080, "bonusGamesAwarded": 5},
		{"matchIn": 69, "pattern":  4349952, "baseWinCredits":  3880, "bonusGamesAwarded": 5},
		{"matchIn": 69, "pattern":     3204, "baseWinCredits":  1630, "bonusGamesAwarded": 5},
		{"matchIn": 69, "pattern":    24708, "baseWinCredits":  5880, "bonusGamesAwarded": 5},
		{"matchIn": 69, "pattern":  1115201, "baseWinCredits":  1380, "bonusGamesAwarded": 5},
		{"matchIn": 69, "pattern": 17056016, "baseWinCredits":   830, "bonusGamesAwarded": 5},
		{"matchIn": 69, "pattern":      341, "baseWinCredits": 12580, "bonusGamesAwarded": 5},
		{"matchIn": 69, "pattern": 22347776, "baseWinCredits":  3880, "bonusGamesAwarded": 5},
		{"matchIn": 69, "pattern": 17039425, "baseWinCredits":   700, "bonusGamesAwarded": 5},
		{"matchIn": 69, "pattern":  1114384, "baseWinCredits": 32250, "bonusGamesAwarded": 5},
		{"matchIn": 69, "pattern":   141440, "baseWinCredits":  4080, "bonusGamesAwarded": 5},
		{"matchIn": 69, "pattern":   328000, "baseWinCredits": 11580, "bonusGamesAwarded": 5},
		{"matchIn": 69, "pattern":   131520, "baseWinCredits":   680, "bonusGamesAwarded": 5},
		{"matchIn": 69, "pattern":    10564, "baseWinCredits":   930, "bonusGamesAwarded": 5},
		{"matchIn": 69, "pattern":  4532224, "baseWinCredits":  1930, "bonusGamesAwarded": 5}
	]
}
