{
	"configuration": {
		"tableType": "Bingo",
		"formatVersion": "1.2",
		"name": "25LineMD3",
		"tableName": "main",
		"lines": 25,
		"percentage": 95,
		"baseBet": 0,
		"betLevelGroups": {
			"10": [2]
		},
		"entries": 732,
		"version": 1
	},
	"entries": [
		{"matchIn":  4, "pattern":       99, "baseWinCredits": 12095                         },
		{"matchIn":  4, "pattern":      792, "baseWinCredits": 10520                         },
		{"matchIn":  4, "pattern":  3244032, "baseWinCredits":  7630                         },
		{"matchIn":  4, "pattern": 25952256, "baseWinCredits":  7630                         },
		{"matchIn":  4, "pattern":  4328448, "baseWinCredits":  6810                         },
		{"matchIn":  4, "pattern":  4349952, "baseWinCredits":  6810                         },
		{"matchIn":  4, "pattern":     3204, "baseWinCredits":  6810                         },
		{"matchIn":  4, "pattern":    24708, "baseWinCredits":  6180                         },
		{"matchIn":  4, "pattern": 17039425, "baseWinCredits":  6180                         },
		{"matchIn":  4, "pattern":  1114384, "baseWinCredits":  5920                         },
		{"matchIn":  4, "pattern":   141440, "baseWinCredits":  5840                         },
		{"matchIn":  4, "pattern":   328000, "baseWinCredits":  5840                         },
		{"matchIn":  4, "pattern":  4211716, "baseWinCredits":  5630                         },
		{"matchIn":  4, "pattern": 17825809, "baseWinCredits":  5500                         },
		{"matchIn":  4, "pattern":   131520, "baseWinCredits":  5350                         },
		{"matchIn":  5, "pattern":       99, "baseWinCredits":  5190                         },
		{"matchIn":  5, "pattern":      792, "baseWinCredits":  4870                         },
		{"matchIn":  5, "pattern":  3244032, "baseWinCredits":  3645                         },
		{"matchIn":  5, "pattern": 25952256, "baseWinCredits":  3470                         },
		{"matchIn":  5, "pattern":     1063, "baseWinCredits":    50, "bonusGamesAwarded":  5},
		{"matchIn":  5, "pattern":    16924, "baseWinCredits":  3255                         },
		{"matchIn":  5, "pattern":  7373824, "baseWinCredits":  3160                         },
		{"matchIn":  5, "pattern": 29900800, "baseWinCredits":  2990                         },
		{"matchIn":  5, "pattern":  4328448, "baseWinCredits":  2870                         },
		{"matchIn":  5, "pattern":  4349952, "baseWinCredits":  2685                         },
		{"matchIn":  5, "pattern":     3204, "baseWinCredits":  2665                         },
		{"matchIn":  5, "pattern":    24708, "baseWinCredits":  2590                         },
		{"matchIn":  5, "pattern":  1115201, "baseWinCredits":  2550                         },
		{"matchIn":  5, "pattern": 17056016, "baseWinCredits":  2505                         },
		{"matchIn":  5, "pattern":      341, "baseWinCredits":  2445                         },
		{"matchIn":  5, "pattern": 22347776, "baseWinCredits":  2400                         },
		{"matchIn":  5, "pattern": 17039425, "baseWinCredits":  2350                         },
		{"matchIn":  5, "pattern":  1114384, "baseWinCredits":  2300                         },
		{"matchIn":  5, "pattern":   141440, "baseWinCredits":  2250                         },
		{"matchIn":  5, "pattern":   328000, "baseWinCredits":  2200                         },
		{"matchIn":  5, "pattern":  4211716, "baseWinCredits":  2145                         },
		{"matchIn":  5, "pattern": 17825809, "baseWinCredits":  2100                         },
		{"matchIn":  5, "pattern":   131520, "baseWinCredits":  2050                         },
		{"matchIn":  5, "pattern":    10564, "baseWinCredits":  1975                         },
		{"matchIn":  5, "pattern":  4532224, "baseWinCredits":  1950                         },
		{"matchIn":  6, "pattern":       99, "baseWinCredits":  1925                         },
		{"matchIn":  6, "pattern":      792, "baseWinCredits":  1900                         },
		{"matchIn":  6, "pattern":  3244032, "baseWinCredits":  1870                         },
		{"matchIn":  6, "pattern": 25952256, "baseWinCredits":  1850                         },
		{"matchIn":  6, "pattern":     1063, "baseWinCredits":  1825                         },
		{"matchIn":  6, "pattern":    16924, "baseWinCredits":  1800                         },
		{"matchIn":  6, "pattern":  7373824, "baseWinCredits":  1775                         },
		{"matchIn":  6, "pattern": 29900800, "baseWinCredits":  1750                         },
		{"matchIn":  6, "pattern":  4328448, "baseWinCredits":  1725                         },
		{"matchIn":  6, "pattern":  4349952, "baseWinCredits":  1700                         },
		{"matchIn":  6, "pattern":     3204, "baseWinCredits":  1675                         },
		{"matchIn":  6, "pattern":    24708, "baseWinCredits":  1650                         },
		{"matchIn":  6, "pattern":  1115201, "baseWinCredits":  1625                         },
		{"matchIn":  6, "pattern": 17056016, "baseWinCredits":  1600                         },
		{"matchIn":  6, "pattern":      341, "baseWinCredits":  1575                         },
		{"matchIn":  6, "pattern": 22347776, "baseWinCredits":  1550                         },
		{"matchIn":  6, "pattern": 17039425, "baseWinCredits":  1525                         },
		{"matchIn":  6, "pattern":  1114384, "baseWinCredits":  1500                         },
		{"matchIn":  6, "pattern":   141440, "baseWinCredits":  1475                         },
		{"matchIn":  6, "pattern":   328000, "baseWinCredits":  1450                         },
		{"matchIn":  6, "pattern":  4211716, "baseWinCredits":  1425                         },
		{"matchIn":  6, "pattern": 17825809, "baseWinCredits":  1400                         },
		{"matchIn":  6, "pattern":   131520, "baseWinCredits":  1375                         },
		{"matchIn":  6, "pattern":    10564, "baseWinCredits":  1350                         },
		{"matchIn":  6, "pattern":  4532224, "baseWinCredits":  1350                         },
		{"matchIn":  7, "pattern":       99, "baseWinCredits":  1350                         },
		{"matchIn":  7, "pattern":      792, "baseWinCredits":  1350                         },
		{"matchIn":  7, "pattern":  3244032, "baseWinCredits":  1350                         },
		{"matchIn":  7, "pattern": 25952256, "baseWinCredits":  1325                         },
		{"matchIn":  7, "pattern":     1063, "baseWinCredits":  1325                         },
		{"matchIn":  7, "pattern":    16924, "baseWinCredits":  1325                         },
		{"matchIn":  7, "pattern":  7373824, "baseWinCredits":  1325                         },
		{"matchIn":  7, "pattern": 29900800, "baseWinCredits":  1325                         },
		{"matchIn":  7, "pattern":  4328448, "baseWinCredits":  1300                         },
		{"matchIn":  7, "pattern":  4349952, "baseWinCredits":  1275                         },
		{"matchIn":  7, "pattern":     3204, "baseWinCredits":  1250                         },
		{"matchIn":  7, "pattern":    24708, "baseWinCredits":  1225                         },
		{"matchIn":  7, "pattern":  1115201, "baseWinCredits":  1200                         },
		{"matchIn":  7, "pattern": 17056016, "baseWinCredits":  1175                         },
		{"matchIn":  7, "pattern":      341, "baseWinCredits":  1175                         },
		{"matchIn":  7, "pattern": 22347776, "baseWinCredits":  1175                         },
		{"matchIn":  7, "pattern": 17039425, "baseWinCredits":  1175                         },
		{"matchIn":  7, "pattern":  1114384, "baseWinCredits":  1150                         },
		{"matchIn":  7, "pattern":   141440, "baseWinCredits":  1125                         },
		{"matchIn":  7, "pattern":   328000, "baseWinCredits":  1125                         },
		{"matchIn":  7, "pattern":  4211716, "baseWinCredits":  1100                         },
		{"matchIn":  7, "pattern": 17825809, "baseWinCredits":  1100                         },
		{"matchIn":  7, "pattern":   131520, "baseWinCredits":  1075                         },
		{"matchIn":  7, "pattern":    10564, "baseWinCredits":  1075                         },
		{"matchIn":  7, "pattern":  4532224, "baseWinCredits":  1075                         },
		{"matchIn":  8, "pattern":       99, "baseWinCredits":  1075                         },
		{"matchIn":  8, "pattern":      792, "baseWinCredits":  1050                         },
		{"matchIn":  8, "pattern":  3244032, "baseWinCredits":  1050                         },
		{"matchIn":  8, "pattern": 25952256, "baseWinCredits":  1025                         },
		{"matchIn":  8, "pattern":     1063, "baseWinCredits":  1025                         },
		{"matchIn":  8, "pattern":    16924, "baseWinCredits":  1025                         },
		{"matchIn":  8, "pattern":  7373824, "baseWinCredits":  1025                         },
		{"matchIn":  8, "pattern": 29900800, "baseWinCredits":  1025                         },
		{"matchIn":  8, "pattern":  4328448, "baseWinCredits":  1025                         },
		{"matchIn":  8, "pattern":  4349952, "baseWinCredits":  1025                         },
		{"matchIn":  8, "pattern":     3204, "baseWinCredits":  1000                         },
		{"matchIn":  8, "pattern":    24708, "baseWinCredits":   975                         },
		{"matchIn":  8, "pattern":  1115201, "baseWinCredits":   960                         },
		{"matchIn":  8, "pattern": 17056016, "baseWinCredits":   950                         },
		{"matchIn":  8, "pattern":      341, "baseWinCredits":   940                         },
		{"matchIn":  8, "pattern": 22347776, "baseWinCredits":   930                         },
		{"matchIn":  8, "pattern": 17039425, "baseWinCredits":   920                         },
		{"matchIn":  8, "pattern":  1114384, "baseWinCredits":   910                         },
		{"matchIn":  8, "pattern":   141440, "baseWinCredits":   900                         },
		{"matchIn":  8, "pattern":   328000, "baseWinCredits":   890                         },
		{"matchIn":  8, "pattern":  4211716, "baseWinCredits":   880                         },
		{"matchIn":  8, "pattern": 17825809, "baseWinCredits":   870                         },
		{"matchIn":  8, "pattern":   131520, "baseWinCredits":   860                         },
		{"matchIn":  8, "pattern":    10564, "baseWinCredits":   850                         },
		{"matchIn":  8, "pattern":  4532224, "baseWinCredits":   840                         },
		{"matchIn":  9, "pattern":       99, "baseWinCredits":   830                         },
		{"matchIn":  9, "pattern":      792, "baseWinCredits":   820                         },
		{"matchIn":  9, "pattern":  3244032, "baseWinCredits":   810                         },
		{"matchIn":  9, "pattern": 25952256, "baseWinCredits":   800                         },
		{"matchIn":  9, "pattern":     1063, "baseWinCredits":   790                         },
		{"matchIn":  9, "pattern":    16924, "baseWinCredits":   780                         },
		{"matchIn":  9, "pattern":  7373824, "baseWinCredits":   780                         },
		{"matchIn":  9, "pattern": 29900800, "baseWinCredits":   780                         },
		{"matchIn":  9, "pattern":  4328448, "baseWinCredits":   770                         },
		{"matchIn":  9, "pattern":  4349952, "baseWinCredits":   760                         },
		{"matchIn":  9, "pattern":     3204, "baseWinCredits":   760                         },
		{"matchIn":  9, "pattern":    24708, "baseWinCredits":   750                         },
		{"matchIn":  9, "pattern":  1115201, "baseWinCredits":   750                         },
		{"matchIn":  9, "pattern": 17056016, "baseWinCredits":   750                         },
		{"matchIn":  9, "pattern":      341, "baseWinCredits":   750                         },
		{"matchIn":  9, "pattern": 22347776, "baseWinCredits":   740                         },
		{"matchIn":  9, "pattern": 17039425, "baseWinCredits":   730                         },
		{"matchIn":  9, "pattern":  1114384, "baseWinCredits":   720                         },
		{"matchIn":  9, "pattern":   141440, "baseWinCredits":   710                         },
		{"matchIn":  9, "pattern":   328000, "baseWinCredits":   700                         },
		{"matchIn":  9, "pattern":  4211716, "baseWinCredits":   690                         },
		{"matchIn":  9, "pattern": 17825809, "baseWinCredits":   680                         },
		{"matchIn":  9, "pattern":   131520, "baseWinCredits":   670                         },
		{"matchIn":  9, "pattern":    10564, "baseWinCredits":   660                         },
		{"matchIn":  9, "pattern":  4532224, "baseWinCredits":   660                         },
		{"matchIn": 10, "pattern":       99, "baseWinCredits":   650                         },
		{"matchIn": 10, "pattern":      792, "baseWinCredits":   640                         },
		{"matchIn": 10, "pattern":  3244032, "baseWinCredits":   630                         },
		{"matchIn": 10, "pattern": 25952256, "baseWinCredits":   620                         },
		{"matchIn": 10, "pattern":     1063, "baseWinCredits":   620                         },
		{"matchIn": 10, "pattern":    16924, "baseWinCredits":   620                         },
		{"matchIn": 10, "pattern":  7373824, "baseWinCredits":   620                         },
		{"matchIn": 10, "pattern": 29900800, "baseWinCredits":   620                         },
		{"matchIn": 10, "pattern":  4328448, "baseWinCredits":   610                         },
		{"matchIn": 10, "pattern":  4349952, "baseWinCredits":   600                         },
		{"matchIn": 10, "pattern":     3204, "baseWinCredits":   590                         },
		{"matchIn": 10, "pattern":    24708, "baseWinCredits":   580                         },
		{"matchIn": 10, "pattern":  1115201, "baseWinCredits":   570                         },
		{"matchIn": 10, "pattern": 17056016, "baseWinCredits":   570                         },
		{"matchIn": 10, "pattern":      341, "baseWinCredits":   570                         },
		{"matchIn": 10, "pattern": 22347776, "baseWinCredits":   570                         },
		{"matchIn": 10, "pattern": 17039425, "baseWinCredits":   560                         },
		{"matchIn": 10, "pattern":  1114384, "baseWinCredits":   560                         },
		{"matchIn": 10, "pattern":   141440, "baseWinCredits":   550                         },
		{"matchIn": 10, "pattern":   328000, "baseWinCredits":   540                         },
		{"matchIn": 10, "pattern":  4211716, "baseWinCredits":   540                         },
		{"matchIn": 10, "pattern": 17825809, "baseWinCredits":   530                         },
		{"matchIn": 10, "pattern":   131520, "baseWinCredits":   530                         },
		{"matchIn": 10, "pattern":    10564, "baseWinCredits":   520                         },
		{"matchIn": 10, "pattern":  4532224, "baseWinCredits":   520                         },
		{"matchIn": 11, "pattern":       99, "baseWinCredits":   520                         },
		{"matchIn": 11, "pattern":      792, "baseWinCredits":   520                         },
		{"matchIn": 11, "pattern":  3244032, "baseWinCredits":   520                         },
		{"matchIn": 11, "pattern": 25952256, "baseWinCredits":   510                         },
		{"matchIn": 11, "pattern":     1063, "baseWinCredits":   510                         },
		{"matchIn": 11, "pattern":    16924, "baseWinCredits":   510                         },
		{"matchIn": 11, "pattern":  7373824, "baseWinCredits":   510                         },
		{"matchIn": 11, "pattern": 29900800, "baseWinCredits":   510                         },
		{"matchIn": 11, "pattern":  4328448, "baseWinCredits":   510                         },
		{"matchIn": 11, "pattern":  4349952, "baseWinCredits":   500                         },
		{"matchIn": 11, "pattern":     3204, "baseWinCredits":   490                         },
		{"matchIn": 11, "pattern":    24708, "baseWinCredits":   490                         },
		{"matchIn": 11, "pattern":  1115201, "baseWinCredits":   250, "bonusGamesAwarded":  5},
		{"matchIn": 11, "pattern": 17056016, "baseWinCredits":   480                         },
		{"matchIn": 11, "pattern":      341, "baseWinCredits":   480                         },
		{"matchIn": 11, "pattern": 22347776, "baseWinCredits":   480                         },
		{"matchIn": 11, "pattern": 17039425, "baseWinCredits":   480                         },
		{"matchIn": 11, "pattern":  1114384, "baseWinCredits":   470                         },
		{"matchIn": 11, "pattern":   141440, "baseWinCredits":   460                         },
		{"matchIn": 11, "pattern":   328000, "baseWinCredits":   450                         },
		{"matchIn": 11, "pattern":  4211716, "baseWinCredits":   440                         },
		{"matchIn": 11, "pattern": 17825809, "baseWinCredits":   430                         },
		{"matchIn": 11, "pattern":   131520, "baseWinCredits":   420                         },
		{"matchIn": 11, "pattern":    10564, "baseWinCredits":   410                         },
		{"matchIn": 11, "pattern":  4532224, "baseWinCredits":   410                         },
		{"matchIn": 12, "pattern":       99, "baseWinCredits":   410                         },
		{"matchIn": 12, "pattern":      792, "baseWinCredits":   410                         },
		{"matchIn": 12, "pattern":  3244032, "baseWinCredits":   400                         },
		{"matchIn": 12, "pattern": 25952256, "baseWinCredits":   400                         },
		{"matchIn": 12, "pattern":     1063, "baseWinCredits":   390                         },
		{"matchIn": 12, "pattern":    16924, "baseWinCredits":   390                         },
		{"matchIn": 12, "pattern":  7373824, "baseWinCredits":   390                         },
		{"matchIn": 12, "pattern": 29900800, "baseWinCredits":   390                         },
		{"matchIn": 12, "pattern":  4328448, "baseWinCredits":   380                         },
		{"matchIn": 12, "pattern":  4349952, "baseWinCredits":   370                         },
		{"matchIn": 12, "pattern":     3204, "baseWinCredits":   360                         },
		{"matchIn": 12, "pattern":    24708, "baseWinCredits":   350                         },
		{"matchIn": 12, "pattern":  1115201, "baseWinCredits":   200, "bonusGamesAwarded":  5},
		{"matchIn": 12, "pattern": 17056016, "baseWinCredits":   340                         },
		{"matchIn": 12, "pattern":      341, "baseWinCredits":   340                         },
		{"matchIn": 12, "pattern": 22347776, "baseWinCredits":   340                         },
		{"matchIn": 12, "pattern": 17039425, "baseWinCredits":   340                         },
		{"matchIn": 12, "pattern":  1114384, "baseWinCredits":   330                         },
		{"matchIn": 12, "pattern":   141440, "baseWinCredits":   325                         },
		{"matchIn": 12, "pattern":   328000, "baseWinCredits":   325                         },
		{"matchIn": 12, "pattern":  4211716, "baseWinCredits":   310                         },
		{"matchIn": 12, "pattern": 17825809, "baseWinCredits":   310                         },
		{"matchIn": 12, "pattern":   131520, "baseWinCredits":   300                         },
		{"matchIn": 12, "pattern":    10564, "baseWinCredits":   300                         },
		{"matchIn": 12, "pattern":  4532224, "baseWinCredits":   300                         },
		{"matchIn": 13, "pattern":       99, "baseWinCredits":   300                         },
		{"matchIn": 13, "pattern":      792, "baseWinCredits":   290                         },
		{"matchIn": 13, "pattern":  3244032, "baseWinCredits":   290                         },
		{"matchIn": 13, "pattern": 25952256, "baseWinCredits":   280                         },
		{"matchIn": 13, "pattern":     1063, "baseWinCredits":   270                         },
		{"matchIn": 13, "pattern":    16924, "baseWinCredits":   270                         },
		{"matchIn": 13, "pattern":  7373824, "baseWinCredits":   270                         },
		{"matchIn": 13, "pattern": 29900800, "baseWinCredits":   270                         },
		{"matchIn": 13, "pattern":  4328448, "baseWinCredits":   270                         },
		{"matchIn": 13, "pattern":  4349952, "baseWinCredits":   270                         },
		{"matchIn": 13, "pattern":     3204, "baseWinCredits":   260                         },
		{"matchIn": 13, "pattern":    24708, "baseWinCredits":   260                         },
		{"matchIn": 13, "pattern":  1115201, "baseWinCredits":   250                         },
		{"matchIn": 13, "pattern": 17056016, "baseWinCredits":   250                         },
		{"matchIn": 13, "pattern":      341, "baseWinCredits":   250                         },
		{"matchIn": 13, "pattern": 22347776, "baseWinCredits":   250                         },
		{"matchIn": 13, "pattern": 17039425, "baseWinCredits":   250                         },
		{"matchIn": 13, "pattern":  1114384, "baseWinCredits":   240                         },
		{"matchIn": 13, "pattern":   141440, "baseWinCredits":   240                         },
		{"matchIn": 13, "pattern":   328000, "baseWinCredits":   240                         },
		{"matchIn": 13, "pattern":  4211716, "baseWinCredits":   230                         },
		{"matchIn": 13, "pattern": 17825809, "baseWinCredits":   230                         },
		{"matchIn": 13, "pattern":   131520, "baseWinCredits":   230                         },
		{"matchIn": 13, "pattern":    10564, "baseWinCredits":   220                         },
		{"matchIn": 13, "pattern":  4532224, "baseWinCredits":   220                         },
		{"matchIn": 14, "pattern":       99, "baseWinCredits":   220                         },
		{"matchIn": 14, "pattern":      792, "baseWinCredits":   220                         },
		{"matchIn": 14, "pattern":  3244032, "baseWinCredits":   220                         },
		{"matchIn": 14, "pattern": 25952256, "baseWinCredits":   210                         },
		{"matchIn": 14, "pattern":     1063, "baseWinCredits":   210                         },
		{"matchIn": 14, "pattern":    16924, "baseWinCredits":   210                         },
		{"matchIn": 14, "pattern":  7373824, "baseWinCredits":   210                         },
		{"matchIn": 14, "pattern": 29900800, "baseWinCredits":   210                         },
		{"matchIn": 14, "pattern":  4328448, "baseWinCredits":   210                         },
		{"matchIn": 14, "pattern":  4349952, "baseWinCredits":   210                         },
		{"matchIn": 14, "pattern":     3204, "baseWinCredits":   200                         },
		{"matchIn": 14, "pattern":    24708, "baseWinCredits":   200                         },
		{"matchIn": 14, "pattern":  1115201, "baseWinCredits":   195                         },
		{"matchIn": 14, "pattern": 17056016, "baseWinCredits":   195                         },
		{"matchIn": 14, "pattern":      341, "baseWinCredits":   195                         },
		{"matchIn": 14, "pattern": 22347776, "baseWinCredits":   195                         },
		{"matchIn": 14, "pattern": 17039425, "baseWinCredits":   195                         },
		{"matchIn": 14, "pattern":  1114384, "baseWinCredits":   190                         },
		{"matchIn": 14, "pattern":   141440, "baseWinCredits":   190                         },
		{"matchIn": 14, "pattern":   328000, "baseWinCredits":   185                         },
		{"matchIn": 14, "pattern":  4211716, "baseWinCredits":   180                         },
		{"matchIn": 14, "pattern": 17825809, "baseWinCredits":   180                         },
		{"matchIn": 14, "pattern":   131520, "baseWinCredits":   175                         },
		{"matchIn": 14, "pattern":    10564, "baseWinCredits":   175                         },
		{"matchIn": 14, "pattern":  4532224, "baseWinCredits":   175                         },
		{"matchIn": 15, "pattern":       99, "baseWinCredits":   175                         },
		{"matchIn": 15, "pattern":      792, "baseWinCredits":   175                         },
		{"matchIn": 15, "pattern":  3244032, "baseWinCredits":   170                         },
		{"matchIn": 15, "pattern": 25952256, "baseWinCredits":   170                         },
		{"matchIn": 15, "pattern":     1063, "baseWinCredits":   165                         },
		{"matchIn": 15, "pattern":    16924, "baseWinCredits":   165                         },
		{"matchIn": 15, "pattern":  7373824, "baseWinCredits":   165                         },
		{"matchIn": 15, "pattern": 29900800, "baseWinCredits":   165                         },
		{"matchIn": 15, "pattern":  4328448, "baseWinCredits":   165                         },
		{"matchIn": 15, "pattern":  4349952, "baseWinCredits":   165                         },
		{"matchIn": 15, "pattern":     3204, "baseWinCredits":   160                         },
		{"matchIn": 15, "pattern":    24708, "baseWinCredits":   160                         },
		{"matchIn": 15, "pattern":  1115201, "baseWinCredits":   160                         },
		{"matchIn": 15, "pattern": 17056016, "baseWinCredits":   160                         },
		{"matchIn": 15, "pattern":      341, "baseWinCredits":   160                         },
		{"matchIn": 15, "pattern": 22347776, "baseWinCredits":   160                         },
		{"matchIn": 15, "pattern": 17039425, "baseWinCredits":   160                         },
		{"matchIn": 15, "pattern":  1114384, "baseWinCredits":   160                         },
		{"matchIn": 15, "pattern":   141440, "baseWinCredits":   155                         },
		{"matchIn": 15, "pattern":   328000, "baseWinCredits":   155                         },
		{"matchIn": 15, "pattern":  4211716, "baseWinCredits":   155                         },
		{"matchIn": 15, "pattern": 17825809, "baseWinCredits":   150                         },
		{"matchIn": 15, "pattern":   131520, "baseWinCredits":   150                         },
		{"matchIn": 15, "pattern":    10564, "baseWinCredits":   150                         },
		{"matchIn": 15, "pattern":  4532224, "baseWinCredits":   150                         },
		{"matchIn": 16, "pattern":       99, "baseWinCredits":   150                         },
		{"matchIn": 16, "pattern":      792, "baseWinCredits":   150                         },
		{"matchIn": 16, "pattern":  3244032, "baseWinCredits":   145                         },
		{"matchIn": 16, "pattern": 25952256, "baseWinCredits":   145                         },
		{"matchIn": 16, "pattern":     1063, "baseWinCredits":   145                         },
		{"matchIn": 16, "pattern":    16924, "baseWinCredits":   145                         },
		{"matchIn": 16, "pattern":  7373824, "baseWinCredits":   145                         },
		{"matchIn": 16, "pattern": 29900800, "baseWinCredits":   145                         },
		{"matchIn": 16, "pattern":  4328448, "baseWinCredits":   145                         },
		{"matchIn": 16, "pattern":  4349952, "baseWinCredits":   140                         },
		{"matchIn": 16, "pattern":     3204, "baseWinCredits":   140                         },
		{"matchIn": 16, "pattern":    24708, "baseWinCredits":   140                         },
		{"matchIn": 16, "pattern":  1115201, "baseWinCredits":   140                         },
		{"matchIn": 16, "pattern": 17056016, "baseWinCredits":   140                         },
		{"matchIn": 16, "pattern":      341, "baseWinCredits":   140                         },
		{"matchIn": 16, "pattern": 22347776, "baseWinCredits":   140                         },
		{"matchIn": 16, "pattern": 17039425, "baseWinCredits":   140                         },
		{"matchIn": 16, "pattern":  1114384, "baseWinCredits":   135                         },
		{"matchIn": 16, "pattern":   141440, "baseWinCredits":   135                         },
		{"matchIn": 16, "pattern":   328000, "baseWinCredits":   135                         },
		{"matchIn": 16, "pattern":  4211716, "baseWinCredits":   130                         },
		{"matchIn": 16, "pattern": 17825809, "baseWinCredits":   130                         },
		{"matchIn": 16, "pattern":   131520, "baseWinCredits":   130                         },
		{"matchIn": 16, "pattern":    10564, "baseWinCredits":   130                         },
		{"matchIn": 16, "pattern":  4532224, "baseWinCredits":   130                         },
		{"matchIn": 17, "pattern":       99, "baseWinCredits":    50, "bonusGamesAwarded":  5},
		{"matchIn": 17, "pattern":      792, "baseWinCredits":   130                         },
		{"matchIn": 17, "pattern":  3244032, "baseWinCredits":   125                         },
		{"matchIn": 17, "pattern": 25952256, "baseWinCredits":   125                         },
		{"matchIn": 17, "pattern":     1063, "baseWinCredits":   125                         },
		{"matchIn": 17, "pattern":    16924, "baseWinCredits":   125                         },
		{"matchIn": 17, "pattern":  7373824, "baseWinCredits":   125                         },
		{"matchIn": 17, "pattern": 29900800, "baseWinCredits":   125                         },
		{"matchIn": 17, "pattern":  4328448, "baseWinCredits":   120                         },
		{"matchIn": 17, "pattern":  4349952, "baseWinCredits":   120                         },
		{"matchIn": 17, "pattern":     3204, "baseWinCredits":   120                         },
		{"matchIn": 17, "pattern":    24708, "baseWinCredits":   120                         },
		{"matchIn": 17, "pattern":  1115201, "baseWinCredits":   120                         },
		{"matchIn": 17, "pattern": 17056016, "baseWinCredits":   120                         },
		{"matchIn": 17, "pattern":      341, "baseWinCredits":   115                         },
		{"matchIn": 17, "pattern": 22347776, "baseWinCredits":   115                         },
		{"matchIn": 17, "pattern": 17039425, "baseWinCredits":   115                         },
		{"matchIn": 17, "pattern":  1114384, "baseWinCredits":   115                         },
		{"matchIn": 17, "pattern":   141440, "baseWinCredits":   110                         },
		{"matchIn": 17, "pattern":   328000, "baseWinCredits":   110                         },
		{"matchIn": 17, "pattern":  4211716, "baseWinCredits":   110                         },
		{"matchIn": 17, "pattern": 17825809, "baseWinCredits":   110                         },
		{"matchIn": 17, "pattern":   131520, "baseWinCredits":   110                         },
		{"matchIn": 17, "pattern":    10564, "baseWinCredits":   105                         },
		{"matchIn": 17, "pattern":  4532224, "baseWinCredits":   105                         },
		{"matchIn": 18, "pattern":       99, "baseWinCredits":   105                         },
		{"matchIn": 18, "pattern":      792, "baseWinCredits":   105                         },
		{"matchIn": 18, "pattern":  3244032, "baseWinCredits":   105                         },
		{"matchIn": 18, "pattern": 25952256, "baseWinCredits":   105                         },
		{"matchIn": 18, "pattern":     1063, "baseWinCredits":   100                         },
		{"matchIn": 18, "pattern":    16924, "baseWinCredits":   100                         },
		{"matchIn": 18, "pattern":  7373824, "baseWinCredits":   100                         },
		{"matchIn": 18, "pattern": 29900800, "baseWinCredits":   100                         },
		{"matchIn": 18, "pattern":  4328448, "baseWinCredits":   100                         },
		{"matchIn": 18, "pattern":  4349952, "baseWinCredits":   100                         },
		{"matchIn": 18, "pattern":     3204, "baseWinCredits":   100                         },
		{"matchIn": 18, "pattern":    24708, "baseWinCredits":   100                         },
		{"matchIn": 18, "pattern":  1115201, "baseWinCredits":   100                         },
		{"matchIn": 18, "pattern": 17056016, "baseWinCredits":   100                         },
		{"matchIn": 18, "pattern":      341, "baseWinCredits":   100                         },
		{"matchIn": 18, "pattern": 22347776, "baseWinCredits":   100                         },
		{"matchIn": 18, "pattern": 17039425, "baseWinCredits":   100                         },
		{"matchIn": 18, "pattern":  1114384, "baseWinCredits":    95                         },
		{"matchIn": 18, "pattern":   141440, "baseWinCredits":    95                         },
		{"matchIn": 18, "pattern":   328000, "baseWinCredits":    90                         },
		{"matchIn": 18, "pattern":  4211716, "baseWinCredits":    90                         },
		{"matchIn": 18, "pattern": 17825809, "baseWinCredits":    85                         },
		{"matchIn": 18, "pattern":   131520, "baseWinCredits":    85                         },
		{"matchIn": 18, "pattern":    10564, "baseWinCredits":    85                         },
		{"matchIn": 18, "pattern":  4532224, "baseWinCredits":    85                         },
		{"matchIn": 19, "pattern":       99, "baseWinCredits":    85                         },
		{"matchIn": 19, "pattern":      792, "baseWinCredits":    80                         },
		{"matchIn": 19, "pattern":  3244032, "baseWinCredits":    80                         },
		{"matchIn": 19, "pattern": 25952256, "baseWinCredits":    80                         },
		{"matchIn": 19, "pattern":     1063, "baseWinCredits":    75                         },
		{"matchIn": 19, "pattern":    16924, "baseWinCredits":    75                         },
		{"matchIn": 19, "pattern":  7373824, "baseWinCredits":    75                         },
		{"matchIn": 19, "pattern": 29900800, "baseWinCredits":    75                         },
		{"matchIn": 19, "pattern":  4328448, "baseWinCredits":    75                         },
		{"matchIn": 19, "pattern":  4349952, "baseWinCredits":    75                         },
		{"matchIn": 19, "pattern":     3204, "baseWinCredits":    75                         },
		{"matchIn": 19, "pattern":    24708, "baseWinCredits":    70                         },
		{"matchIn": 19, "pattern":  1115201, "baseWinCredits":    70                         },
		{"matchIn": 19, "pattern": 17056016, "baseWinCredits":    70                         },
		{"matchIn": 19, "pattern":      341, "baseWinCredits":    70                         },
		{"matchIn": 19, "pattern": 22347776, "baseWinCredits":    70                         },
		{"matchIn": 19, "pattern": 17039425, "baseWinCredits":    70                         },
		{"matchIn": 19, "pattern":  1114384, "baseWinCredits":    70                         },
		{"matchIn": 19, "pattern":   141440, "baseWinCredits":    70                         },
		{"matchIn": 19, "pattern":   328000, "baseWinCredits":    70                         },
		{"matchIn": 19, "pattern":  4211716, "baseWinCredits":    65                         },
		{"matchIn": 19, "pattern": 17825809, "baseWinCredits":    65                         },
		{"matchIn": 19, "pattern":   131520, "baseWinCredits":    65                         },
		{"matchIn": 19, "pattern":    10564, "baseWinCredits":    65                         },
		{"matchIn": 19, "pattern":  4532224, "baseWinCredits":    65                         },
		{"matchIn": 20, "pattern":       99, "baseWinCredits":    65                         },
		{"matchIn": 20, "pattern":      792, "baseWinCredits":    60                         },
		{"matchIn": 20, "pattern":  3244032, "baseWinCredits":    60                         },
		{"matchIn": 20, "pattern": 25952256, "baseWinCredits":    60                         },
		{"matchIn": 20, "pattern":     1063, "baseWinCredits":    60                         },
		{"matchIn": 20, "pattern":    16924, "baseWinCredits":    60                         },
		{"matchIn": 20, "pattern":  7373824, "baseWinCredits":    60                         },
		{"matchIn": 20, "pattern": 29900800, "baseWinCredits":    75, "bonusGamesAwarded":  5},
		{"matchIn": 20, "pattern":  4328448, "baseWinCredits":    60                         },
		{"matchIn": 20, "pattern":  4349952, "baseWinCredits":    60                         },
		{"matchIn": 20, "pattern":     3204, "baseWinCredits":    60                         },
		{"matchIn": 20, "pattern":    24708, "baseWinCredits":    60                         },
		{"matchIn": 20, "pattern":  1115201, "baseWinCredits":    60                         },
		{"matchIn": 20, "pattern": 17056016, "baseWinCredits":    60                         },
		{"matchIn": 20, "pattern":      341, "baseWinCredits":    60                         },
		{"matchIn": 20, "pattern": 22347776, "baseWinCredits":    60                         },
		{"matchIn": 20, "pattern": 17039425, "baseWinCredits":    55                         },
		{"matchIn": 20, "pattern":  1114384, "baseWinCredits":    55                         },
		{"matchIn": 20, "pattern":   141440, "baseWinCredits":    55                         },
		{"matchIn": 20, "pattern":   328000, "baseWinCredits":    55                         },
		{"matchIn": 20, "pattern":  4211716, "baseWinCredits":    55                         },
		{"matchIn": 20, "pattern": 17825809, "baseWinCredits":    55                         },
		{"matchIn": 20, "pattern":   131520, "baseWinCredits":    55                         },
		{"matchIn": 20, "pattern":    10564, "baseWinCredits":    50                         },
		{"matchIn": 20, "pattern":  4532224, "baseWinCredits":    50                         },
		{"matchIn": 21, "pattern":       99, "baseWinCredits":    50                         },
		{"matchIn": 21, "pattern":      792, "baseWinCredits":    50                         },
		{"matchIn": 21, "pattern":  3244032, "baseWinCredits":    50                         },
		{"matchIn": 21, "pattern": 25952256, "baseWinCredits":    50                         },
		{"matchIn": 21, "pattern":     1063, "baseWinCredits":    50                         },
		{"matchIn": 21, "pattern":    16924, "baseWinCredits":    50                         },
		{"matchIn": 21, "pattern":  7373824, "baseWinCredits":    50                         },
		{"matchIn": 21, "pattern": 29900800, "baseWinCredits":    50                         },
		{"matchIn": 21, "pattern":  4328448, "baseWinCredits":    50                         },
		{"matchIn": 21, "pattern":  4349952, "baseWinCredits":    45                         },
		{"matchIn": 21, "pattern":     3204, "baseWinCredits":    45                         },
		{"matchIn": 21, "pattern":    24708, "baseWinCredits":    45                         },
		{"matchIn": 21, "pattern":  1115201, "baseWinCredits":    45                         },
		{"matchIn": 21, "pattern": 17056016, "baseWinCredits":    45                         },
		{"matchIn": 21, "pattern":      341, "baseWinCredits":    45                         },
		{"matchIn": 21, "pattern": 22347776, "baseWinCredits":    45                         },
		{"matchIn": 21, "pattern": 17039425, "baseWinCredits":    45                         },
		{"matchIn": 21, "pattern":  1114384, "baseWinCredits":    45                         },
		{"matchIn": 21, "pattern":   141440, "baseWinCredits":    40                         },
		{"matchIn": 21, "pattern":   328000, "baseWinCredits":    40                         },
		{"matchIn": 21, "pattern":  4211716, "baseWinCredits":    40                         },
		{"matchIn": 21, "pattern": 17825809, "baseWinCredits":    40                         },
		{"matchIn": 21, "pattern":   131520, "baseWinCredits":    40                         },
		{"matchIn": 21, "pattern":    10564, "baseWinCredits":    40                         },
		{"matchIn": 21, "pattern":  4532224, "baseWinCredits":    40                         },
		{"matchIn": 22, "pattern":       99, "baseWinCredits":    40                         },
		{"matchIn": 22, "pattern":      792, "baseWinCredits":    40                         },
		{"matchIn": 22, "pattern":  3244032, "baseWinCredits":    40                         },
		{"matchIn": 22, "pattern": 25952256, "baseWinCredits":    40                         },
		{"matchIn": 22, "pattern":     1063, "baseWinCredits":    40                         },
		{"matchIn": 22, "pattern":    16924, "baseWinCredits":    40                         },
		{"matchIn": 22, "pattern":  7373824, "baseWinCredits":    40                         },
		{"matchIn": 22, "pattern": 29900800, "baseWinCredits":    35                         },
		{"matchIn": 22, "pattern":  4328448, "baseWinCredits":    35                         },
		{"matchIn": 22, "pattern":  4349952, "baseWinCredits":    35                         },
		{"matchIn": 22, "pattern":     3204, "baseWinCredits":    35                         },
		{"matchIn": 22, "pattern":    24708, "baseWinCredits":    35                         },
		{"matchIn": 22, "pattern":  1115201, "baseWinCredits":    35                         },
		{"matchIn": 22, "pattern": 17056016, "baseWinCredits":    35                         },
		{"matchIn": 22, "pattern":      341, "baseWinCredits":    35                         },
		{"matchIn": 22, "pattern": 22347776, "baseWinCredits":    35                         },
		{"matchIn": 22, "pattern": 17039425, "baseWinCredits":    35                         },
		{"matchIn": 22, "pattern":  1114384, "baseWinCredits":    35                         },
		{"matchIn": 22, "pattern":   141440, "baseWinCredits":    35                         },
		{"matchIn": 22, "pattern":   328000, "baseWinCredits":    35                         },
		{"matchIn": 22, "pattern":  4211716, "baseWinCredits":    35                         },
		{"matchIn": 22, "pattern": 17825809, "baseWinCredits":    35                         },
		{"matchIn": 22, "pattern":   131520, "baseWinCredits":    30                         },
		{"matchIn": 22, "pattern":    10564, "baseWinCredits":    30                         },
		{"matchIn": 22, "pattern":  4532224, "baseWinCredits":    30                         },
		{"matchIn": 23, "pattern":       99, "baseWinCredits":    30                         },
		{"matchIn": 23, "pattern":      792, "baseWinCredits":    30                         },
		{"matchIn": 23, "pattern":  3244032, "baseWinCredits":    30                         },
		{"matchIn": 23, "pattern": 25952256, "baseWinCredits":    30                         },
		{"matchIn": 23, "pattern":     1063, "baseWinCredits":    30                         },
		{"matchIn": 23, "pattern":    16924, "baseWinCredits":    30                         },
		{"matchIn": 23, "pattern":  7373824, "baseWinCredits":    30                         },
		{"matchIn": 23, "pattern": 29900800, "baseWinCredits":    30                         },
		{"matchIn": 23, "pattern":  4328448, "baseWinCredits":    30                         },
		{"matchIn": 23, "pattern":  4349952, "baseWinCredits":    30                         },
		{"matchIn": 23, "pattern":     3204, "baseWinCredits":    30                         },
		{"matchIn": 23, "pattern":    24708, "baseWinCredits":    30                         },
		{"matchIn": 23, "pattern":  1115201, "baseWinCredits":    30                         },
		{"matchIn": 23, "pattern": 17056016, "baseWinCredits":    30                         },
		{"matchIn": 23, "pattern":      341, "baseWinCredits":    30                         },
		{"matchIn": 23, "pattern": 22347776, "baseWinCredits":    30                         },
		{"matchIn": 23, "pattern": 17039425, "baseWinCredits":    30                         },
		{"matchIn": 23, "pattern":  1114384, "baseWinCredits":    30                         },
		{"matchIn": 23, "pattern":   141440, "baseWinCredits":    30                         },
		{"matchIn": 23, "pattern":   328000, "baseWinCredits":    30                         },
		{"matchIn": 23, "pattern":  4211716, "baseWinCredits":    30                         },
		{"matchIn": 23, "pattern": 17825809, "baseWinCredits":    30                         },
		{"matchIn": 23, "pattern":   131520, "baseWinCredits":    30                         },
		{"matchIn": 23, "pattern":    10564, "baseWinCredits":    30                         },
		{"matchIn": 23, "pattern":  4532224, "baseWinCredits":    25                         },
		{"matchIn": 24, "pattern":       99, "baseWinCredits":    25                         },
		{"matchIn": 24, "pattern":      792, "baseWinCredits":    25                         },
		{"matchIn": 24, "pattern":  3244032, "baseWinCredits":    25                         },
		{"matchIn": 24, "pattern": 25952256, "baseWinCredits":    25                         },
		{"matchIn": 24, "pattern":     1063, "baseWinCredits":    25                         },
		{"matchIn": 24, "pattern":    16924, "baseWinCredits":    25                         },
		{"matchIn": 24, "pattern":  7373824, "baseWinCredits":    25                         },
		{"matchIn": 24, "pattern": 29900800, "baseWinCredits":    25                         },
		{"matchIn": 24, "pattern":  4328448, "baseWinCredits":    25                         },
		{"matchIn": 24, "pattern":  4349952, "baseWinCredits":    25                         },
		{"matchIn": 24, "pattern":     3204, "baseWinCredits":    25                         },
		{"matchIn": 24, "pattern":    24708, "baseWinCredits":    25                         },
		{"matchIn": 24, "pattern":  1115201, "baseWinCredits":    25                         },
		{"matchIn": 24, "pattern": 17056016, "baseWinCredits":    25                         },
		{"matchIn": 24, "pattern":      341, "baseWinCredits":    25                         },
		{"matchIn": 24, "pattern": 22347776, "baseWinCredits":    25                         },
		{"matchIn": 24, "pattern": 17039425, "baseWinCredits":    22                         },
		{"matchIn": 24, "pattern":  1114384, "baseWinCredits":    20                         },
		{"matchIn": 24, "pattern":   141440, "baseWinCredits":    20                         },
		{"matchIn": 24, "pattern":   328000, "baseWinCredits":    20                         },
		{"matchIn": 24, "pattern":  4211716, "baseWinCredits":    20                         },
		{"matchIn": 24, "pattern": 17825809, "baseWinCredits":    20                         },
		{"matchIn": 24, "pattern":   131520, "baseWinCredits":    20                         },
		{"matchIn": 24, "pattern":    10564, "baseWinCredits":    20                         },
		{"matchIn": 24, "pattern":  4532224, "baseWinCredits":    20                         },
		{"matchIn": 25, "pattern":       99, "baseWinCredits":    20                         },
		{"matchIn": 25, "pattern":      792, "baseWinCredits":    20                         },
		{"matchIn": 25, "pattern":  3244032, "baseWinCredits":    20                         },
		{"matchIn": 25, "pattern": 25952256, "baseWinCredits":    20                         },
		{"matchIn": 25, "pattern":     1063, "baseWinCredits":    20                         },
		{"matchIn": 25, "pattern":    16924, "baseWinCredits":    20                         },
		{"matchIn": 25, "pattern":  7373824, "baseWinCredits":    20                         },
		{"matchIn": 25, "pattern": 29900800, "baseWinCredits":    20                         },
		{"matchIn": 25, "pattern":  4328448, "baseWinCredits":    20                         },
		{"matchIn": 25, "pattern":  4349952, "baseWinCredits":    20                         },
		{"matchIn": 25, "pattern":     3204, "baseWinCredits":    20                         },
		{"matchIn": 25, "pattern":    24708, "baseWinCredits":    20                         },
		{"matchIn": 25, "pattern":  1115201, "baseWinCredits":    20                         },
		{"matchIn": 25, "pattern": 17056016, "baseWinCredits":    20                         },
		{"matchIn": 25, "pattern":      341, "baseWinCredits":    20                         },
		{"matchIn": 25, "pattern": 22347776, "baseWinCredits":    20                         },
		{"matchIn": 25, "pattern": 17039425, "baseWinCredits":    20                         },
		{"matchIn": 25, "pattern":  1114384, "baseWinCredits":    20                         },
		{"matchIn": 25, "pattern":   141440, "baseWinCredits":    25, "bonusGamesAwarded":  5},
		{"matchIn": 25, "pattern":   328000, "baseWinCredits":    20                         },
		{"matchIn": 25, "pattern":  4211716, "baseWinCredits":    20                         },
		{"matchIn": 25, "pattern": 17825809, "baseWinCredits":    20                         },
		{"matchIn": 25, "pattern":   131520, "baseWinCredits":    20                         },
		{"matchIn": 25, "pattern":    10564, "baseWinCredits":    20                         },
		{"matchIn": 25, "pattern":  4532224, "baseWinCredits":    20                         },
		{"matchIn": 26, "pattern":       99, "baseWinCredits":    20                         },
		{"matchIn": 26, "pattern":      792, "baseWinCredits":    20                         },
		{"matchIn": 26, "pattern":  3244032, "baseWinCredits":    20                         },
		{"matchIn": 26, "pattern": 25952256, "baseWinCredits":    15                         },
		{"matchIn": 26, "pattern":     1063, "baseWinCredits":    15                         },
		{"matchIn": 26, "pattern":    16924, "baseWinCredits":    15                         },
		{"matchIn": 26, "pattern":  7373824, "baseWinCredits":    15                         },
		{"matchIn": 26, "pattern": 29900800, "baseWinCredits":    15                         },
		{"matchIn": 26, "pattern":  4328448, "baseWinCredits":    15                         },
		{"matchIn": 26, "pattern":  4349952, "baseWinCredits":    15                         },
		{"matchIn": 26, "pattern":     3204, "baseWinCredits":    15                         },
		{"matchIn": 26, "pattern":    24708, "baseWinCredits":    15                         },
		{"matchIn": 26, "pattern":  1115201, "baseWinCredits":    15                         },
		{"matchIn": 26, "pattern": 17056016, "baseWinCredits":    15                         },
		{"matchIn": 26, "pattern":      341, "baseWinCredits":    15                         },
		{"matchIn": 26, "pattern": 22347776, "baseWinCredits":    15                         },
		{"matchIn": 26, "pattern": 17039425, "baseWinCredits":    15                         },
		{"matchIn": 26, "pattern":  1114384, "baseWinCredits":    15                         },
		{"matchIn": 26, "pattern":   141440, "baseWinCredits":    15                         },
		{"matchIn": 26, "pattern":   328000, "baseWinCredits":    15                         },
		{"matchIn": 26, "pattern":  4211716, "baseWinCredits":    15                         },
		{"matchIn": 26, "pattern": 17825809, "baseWinCredits":    15                         },
		{"matchIn": 26, "pattern":   131520, "baseWinCredits":    15                         },
		{"matchIn": 26, "pattern":    10564, "baseWinCredits":    15                         },
		{"matchIn": 26, "pattern":  4532224, "baseWinCredits":    15                         },
		{"matchIn": 27, "pattern":       99, "baseWinCredits":    15                         },
		{"matchIn": 27, "pattern":      792, "baseWinCredits":    15                         },
		{"matchIn": 27, "pattern":  3244032, "baseWinCredits":    12                         },
		{"matchIn": 27, "pattern": 25952256, "baseWinCredits":    11                         },
		{"matchIn": 27, "pattern":     1063, "baseWinCredits":    10                         },
		{"matchIn": 27, "pattern":    16924, "baseWinCredits":    10                         },
		{"matchIn": 27, "pattern":  7373824, "baseWinCredits":    10                         },
		{"matchIn": 27, "pattern": 29900800, "baseWinCredits":    10                         },
		{"matchIn": 27, "pattern":  4328448, "baseWinCredits":    10                         },
		{"matchIn": 27, "pattern":  4349952, "baseWinCredits":    10                         },
		{"matchIn": 27, "pattern":     3204, "baseWinCredits":    10                         },
		{"matchIn": 27, "pattern":    24708, "baseWinCredits":    10                         },
		{"matchIn": 27, "pattern":  1115201, "baseWinCredits":    10                         },
		{"matchIn": 27, "pattern": 17056016, "baseWinCredits":    10                         },
		{"matchIn": 27, "pattern":      341, "baseWinCredits":    10                         },
		{"matchIn": 27, "pattern": 22347776, "baseWinCredits":    10                         },
		{"matchIn": 27, "pattern": 17039425, "baseWinCredits":    10                         },
		{"matchIn": 27, "pattern":  1114384, "baseWinCredits":    10                         },
		{"matchIn": 27, "pattern":   141440, "baseWinCredits":    10                         },
		{"matchIn": 27, "pattern":   328000, "baseWinCredits":    10                         },
		{"matchIn": 27, "pattern":  4211716, "baseWinCredits":    10                         },
		{"matchIn": 27, "pattern": 17825809, "baseWinCredits":    10                         },
		{"matchIn": 27, "pattern":   131520, "baseWinCredits":    10                         },
		{"matchIn": 27, "pattern":    10564, "baseWinCredits":    10                         },
		{"matchIn": 27, "pattern":  4532224, "baseWinCredits":    10                         },
		{"matchIn": 28, "pattern":       99, "baseWinCredits":    10                         },
		{"matchIn": 28, "pattern":      792, "baseWinCredits":    10                         },
		{"matchIn": 28, "pattern":  3244032, "baseWinCredits":    10                         },
		{"matchIn": 28, "pattern": 25952256, "baseWinCredits":    10                         },
		{"matchIn": 28, "pattern":     1063, "baseWinCredits":    10                         },
		{"matchIn": 28, "pattern":    16924, "baseWinCredits":    10                         },
		{"matchIn": 28, "pattern":  7373824, "baseWinCredits":    10                         },
		{"matchIn": 28, "pattern": 29900800, "baseWinCredits":    10                         },
		{"matchIn": 28, "pattern":  4328448, "baseWinCredits":    10                         },
		{"matchIn": 28, "pattern":  4349952, "baseWinCredits":    10                         },
		{"matchIn": 28, "pattern":     3204, "baseWinCredits":    10                         },
		{"matchIn": 28, "pattern":    24708, "baseWinCredits":    10                         },
		{"matchIn": 28, "pattern":  1115201, "baseWinCredits":    10                         },
		{"matchIn": 28, "pattern": 17056016, "baseWinCredits":    10                         },
		{"matchIn": 28, "pattern":      341, "baseWinCredits":    10                         },
		{"matchIn": 28, "pattern": 22347776, "baseWinCredits":    10                         },
		{"matchIn": 28, "pattern": 17039425, "baseWinCredits":    10                         },
		{"matchIn": 28, "pattern":  1114384, "baseWinCredits":    10                         },
		{"matchIn": 28, "pattern":   141440, "baseWinCredits":    10                         },
		{"matchIn": 28, "pattern":   328000, "baseWinCredits":    10                         },
		{"matchIn": 28, "pattern":  4211716, "baseWinCredits":    10                         },
		{"matchIn": 28, "pattern": 17825809, "baseWinCredits":    10                         },
		{"matchIn": 28, "pattern":   131520, "baseWinCredits":    10                         },
		{"matchIn": 28, "pattern":    10564, "baseWinCredits":    10                         },
		{"matchIn": 28, "pattern":  4532224, "baseWinCredits":    10                         },
		{"matchIn": 29, "pattern":       99, "baseWinCredits":    10                         },
		{"matchIn": 29, "pattern":      792, "baseWinCredits":    10                         },
		{"matchIn": 29, "pattern":  3244032, "baseWinCredits":    10                         },
		{"matchIn": 29, "pattern": 25952256, "baseWinCredits":    10                         },
		{"matchIn": 29, "pattern":     1063, "baseWinCredits":    10                         },
		{"matchIn": 29, "pattern":    16924, "baseWinCredits":    10                         },
		{"matchIn": 29, "pattern":  7373824, "baseWinCredits":    10                         },
		{"matchIn": 29, "pattern": 29900800, "baseWinCredits":     9                         },
		{"matchIn": 29, "pattern":  4328448, "baseWinCredits":     8                         },
		{"matchIn": 29, "pattern":  4349952, "baseWinCredits":     8                         },
		{"matchIn": 29, "pattern":     3204, "baseWinCredits":     7                         },
		{"matchIn": 29, "pattern":    24708, "baseWinCredits":     6                         },
		{"matchIn": 29, "pattern":  1115201, "baseWinCredits":     5                         },
		{"matchIn": 29, "pattern": 17056016, "baseWinCredits":     5                         },
		{"matchIn": 29, "pattern":      341, "baseWinCredits":     5                         },
		{"matchIn": 29, "pattern": 22347776, "baseWinCredits":     5                         },
		{"matchIn": 29, "pattern": 17039425, "baseWinCredits":     5                         },
		{"matchIn": 29, "pattern":  1114384, "baseWinCredits":     5                         },
		{"matchIn": 29, "pattern":   141440, "baseWinCredits":     5                         },
		{"matchIn": 29, "pattern":   328000, "baseWinCredits":     5                         },
		{"matchIn": 29, "pattern":  4211716, "baseWinCredits":     5                         },
		{"matchIn": 29, "pattern": 17825809, "baseWinCredits":     5                         },
		{"matchIn": 29, "pattern":   131520, "baseWinCredits":     5                         },
		{"matchIn": 29, "pattern":    10564, "baseWinCredits":     5                         },
		{"matchIn": 29, "pattern":  4532224, "baseWinCredits":     5                         },
		{"matchIn": 30, "pattern":       99, "baseWinCredits":     5                         },
		{"matchIn": 30, "pattern":      792, "baseWinCredits":     5                         },
		{"matchIn": 30, "pattern":  3244032, "baseWinCredits":     5                         },
		{"matchIn": 30, "pattern": 25952256, "baseWinCredits":     5                         },
		{"matchIn": 30, "pattern":     1063, "baseWinCredits":     5                         },
		{"matchIn": 30, "pattern":    16924, "baseWinCredits":     5                         },
		{"matchIn": 30, "pattern":  7373824, "baseWinCredits":     5                         },
		{"matchIn": 30, "pattern": 29900800, "baseWinCredits":     5                         },
		{"matchIn": 30, "pattern":  4328448, "baseWinCredits":     5                         },
		{"matchIn": 30, "pattern":  4349952, "baseWinCredits":     5                         },
		{"matchIn": 30, "pattern":     3204, "baseWinCredits":     5                         },
		{"matchIn": 30, "pattern":    24708, "baseWinCredits":     5                         },
		{"matchIn": 30, "pattern":  1115201, "baseWinCredits":     5                         },
		{"matchIn": 30, "pattern": 17056016, "baseWinCredits":     5                         },
		{"matchIn": 30, "pattern":      341, "baseWinCredits":     5                         },
		{"matchIn": 30, "pattern": 22347776, "baseWinCredits":     5                         },
		{"matchIn": 30, "pattern": 17039425, "baseWinCredits":     5                         },
		{"matchIn": 30, "pattern":  1114384, "baseWinCredits":     5                         },
		{"matchIn": 30, "pattern":   141440, "baseWinCredits":     5                         },
		{"matchIn": 30, "pattern":   328000, "baseWinCredits":     5                         },
		{"matchIn": 30, "pattern":  4211716, "baseWinCredits":     5                         },
		{"matchIn": 30, "pattern": 17825809, "baseWinCredits":     5                         },
		{"matchIn": 30, "pattern":   131520, "baseWinCredits":     5                         },
		{"matchIn": 30, "pattern":    10564, "baseWinCredits":     5                         },
		{"matchIn": 30, "pattern":  4532224, "baseWinCredits":     5                         },
		{"matchIn": 31, "pattern":       99, "baseWinCredits":     5                         },
		{"matchIn": 31, "pattern":      792, "baseWinCredits":     5                         },
		{"matchIn": 31, "pattern":  3244032, "baseWinCredits":     5                         },
		{"matchIn": 31, "pattern": 25952256, "baseWinCredits":     5                         },
		{"matchIn": 31, "pattern":     1063, "baseWinCredits":     5                         },
		{"matchIn": 31, "pattern":    16924, "baseWinCredits":     5                         },
		{"matchIn": 31, "pattern":  7373824, "baseWinCredits":     5                         },
		{"matchIn": 31, "pattern": 29900800, "baseWinCredits":     5                         },
		{"matchIn": 31, "pattern":  4328448, "baseWinCredits":     5                         },
		{"matchIn": 31, "pattern":  4349952, "baseWinCredits":     5                         },
		{"matchIn": 31, "pattern":     3204, "baseWinCredits":     5                         },
		{"matchIn": 31, "pattern":    24708, "baseWinCredits":     5                         },
		{"matchIn": 31, "pattern":  1115201, "baseWinCredits":     5                         },
		{"matchIn": 31, "pattern": 17056016, "baseWinCredits":     5                         },
		{"matchIn": 31, "pattern":      341, "baseWinCredits":     5                         },
		{"matchIn": 31, "pattern": 22347776, "baseWinCredits":     5                         },
		{"matchIn": 31, "pattern": 17039425, "baseWinCredits":     5                         },
		{"matchIn": 31, "pattern":  1114384, "baseWinCredits":     5                         },
		{"matchIn": 31, "pattern":   141440, "baseWinCredits":     4                         },
		{"matchIn": 37, "pattern":  3244032, "baseWinCredits":    25, "bonusGamesAwarded":  5},
		{"matchIn": 37, "pattern": 25952256, "baseWinCredits":    50, "bonusGamesAwarded": 10},
		{"matchIn": 38, "pattern":  3244032, "baseWinCredits":    25, "bonusGamesAwarded":  5},
		{"matchIn": 38, "pattern": 25952256, "baseWinCredits":    25, "bonusGamesAwarded":  5},
		{"matchIn": 39, "pattern":  3244032, "baseWinCredits":    25, "bonusGamesAwarded":  5},
		{"matchIn": 39, "pattern": 25952256, "baseWinCredits":    25, "bonusGamesAwarded":  5},
		{"matchIn": 41, "pattern":     3204, "baseWinCredits":    50, "bonusGamesAwarded": 10},
		{"matchIn": 43, "pattern":     3204, "baseWinCredits":   500, "bonusGamesAwarded": 20},
		{"matchIn": 56, "pattern":    10564, "baseWinCredits":   150, "bonusGamesAwarded":  5},
		{"matchIn": 57, "pattern":    16924, "baseWinCredits":  1000, "bonusGamesAwarded": 60},
		{"matchIn": 57, "pattern": 17039425, "baseWinCredits":    75, "bonusGamesAwarded": 10},
		{"matchIn": 58, "pattern":  7373824, "baseWinCredits":   100, "bonusGamesAwarded":  5},
		{"matchIn": 61, "pattern": 29900800, "baseWinCredits":   100, "bonusGamesAwarded": 10},
		{"matchIn": 62, "pattern":  7373824, "baseWinCredits":   500, "bonusGamesAwarded": 20},
		{"matchIn": 62, "pattern":  1115201, "baseWinCredits":   200, "bonusGamesAwarded": 10},
		{"matchIn": 62, "pattern":      341, "baseWinCredits":    50, "bonusGamesAwarded": 10},
		{"matchIn": 62, "pattern":  4211716, "baseWinCredits":    75, "bonusGamesAwarded": 10},
		{"matchIn": 63, "pattern":     1063, "baseWinCredits":   325, "bonusGamesAwarded":  5},
		{"matchIn": 63, "pattern":  1115201, "baseWinCredits":   325, "bonusGamesAwarded": 10},
		{"matchIn": 64, "pattern":       99, "baseWinCredits":   150, "bonusGamesAwarded": 10},
		{"matchIn": 65, "pattern": 29900800, "baseWinCredits":   250, "bonusGamesAwarded": 10},
		{"matchIn": 65, "pattern":    24708, "baseWinCredits":   150, "bonusGamesAwarded":  5},
		{"matchIn": 65, "pattern":  1115201, "baseWinCredits":  1000, "bonusGamesAwarded": 20},
		{"matchIn": 65, "pattern": 17056016, "baseWinCredits":    25, "bonusGamesAwarded":  5},
		{"matchIn": 65, "pattern":      341, "baseWinCredits":    50, "bonusGamesAwarded":  5},
		{"matchIn": 65, "pattern":  4211716, "baseWinCredits":   325, "bonusGamesAwarded": 10},
		{"matchIn": 66, "pattern":    10564, "baseWinCredits":   100, "bonusGamesAwarded": 10},
		{"matchIn": 66, "pattern":  4532224, "baseWinCredits":   200, "bonusGamesAwarded": 10},
		{"matchIn": 67, "pattern":  4349952, "baseWinCredits":   100, "bonusGamesAwarded":  5},
		{"matchIn": 67, "pattern": 17039425, "baseWinCredits":   150, "bonusGamesAwarded":  5},
		{"matchIn": 67, "pattern":   141440, "baseWinCredits":    50, "bonusGamesAwarded": 10},
		{"matchIn": 67, "pattern":   328000, "baseWinCredits":  1000, "bonusGamesAwarded": 60},
		{"matchIn": 67, "pattern":  4211716, "baseWinCredits":   150, "bonusGamesAwarded":  5},
		{"matchIn": 67, "pattern":    10564, "baseWinCredits":   250, "bonusGamesAwarded": 10},
		{"matchIn": 68, "pattern":     1063, "baseWinCredits":   325, "bonusGamesAwarded":  5},
		{"matchIn": 68, "pattern":  4349952, "baseWinCredits":   150, "bonusGamesAwarded": 10},
		{"matchIn": 68, "pattern":    24708, "baseWinCredits":   100, "bonusGamesAwarded":  5},
		{"matchIn": 68, "pattern":  1115201, "baseWinCredits":   500, "bonusGamesAwarded": 20},
		{"matchIn": 68, "pattern":   141440, "baseWinCredits":   250, "bonusGamesAwarded":  5},
		{"matchIn": 68, "pattern": 17825809, "baseWinCredits":   325, "bonusGamesAwarded":  5},
		{"matchIn": 68, "pattern":   131520, "baseWinCredits":    75, "bonusGamesAwarded": 10},
		{"matchIn": 69, "pattern":  4328448, "baseWinCredits":    75, "bonusGamesAwarded":  5},
		{"matchIn": 69, "pattern":  4349952, "baseWinCredits":   200, "bonusGamesAwarded":  5},
		{"matchIn": 69, "pattern":    24708, "baseWinCredits":   250, "bonusGamesAwarded":  5},
		{"matchIn": 69, "pattern": 17039425, "baseWinCredits":  1000, "bonusGamesAwarded": 20},
		{"matchIn": 69, "pattern":   328000, "baseWinCredits":    50, "bonusGamesAwarded": 10},
		{"matchIn": 69, "pattern":   131520, "baseWinCredits":    50, "bonusGamesAwarded":  5},
		{"matchIn": 69, "pattern":    10564, "baseWinCredits":   200, "bonusGamesAwarded": 10}
	]
}
