{
	"configuration": {
		"tableType": "Bingo",
		"formatVersion": "1.2",
		"name": "20LineM",
		"tableName": "main",
		"lines": 20,
		"percentage": 94,
		"baseBet": 0,
		"betLevelGroups": {
			"1" : [1, 2, 3, 4, 5, 6, 7, 8, 9],
			"2" : [1, 2, 3, 4, 5, 6, 7, 8, 9],
			"5" : [1, 2, 3, 4, 5, 6, 7, 8, 9],
			"10": [1, 2, 3, 4, 5, 6, 7, 8, 9],
			"25": [1, 2, 3, 4, 5, 6, 7, 8, 9]
		},
		"entries": 700,
		"progressiveBases": {
			"1": {"valueCredits": 150000}
		},
		"version": 1
	},
	"entries": [
		{"matchIn":  4, "pattern":       99, "baseWinCredits": 1002                         },
		{"matchIn":  4, "pattern":      792, "baseWinCredits": 5590                         },
		{"matchIn":  4, "pattern":  3244032, "baseWinCredits": 5370                         },
		{"matchIn":  4, "pattern": 25952256, "baseWinCredits": 5284                         },
		{"matchIn":  4, "pattern":  4328448, "baseWinCredits": 5127                         },
		{"matchIn":  4, "pattern":  4349952, "baseWinCredits":  800, "bonusGamesAwarded": 60},
		{"matchIn":  4, "pattern":     3204, "baseWinCredits":  800, "bonusGamesAwarded": 60},
		{"matchIn":  4, "pattern":    24708, "baseWinCredits":  800, "bonusGamesAwarded": 60},
		{"matchIn":  4, "pattern": 17039425, "baseWinCredits":  800, "bonusGamesAwarded": 60},
		{"matchIn":  4, "pattern":  1114384, "baseWinCredits":  800, "bonusGamesAwarded": 60},
		{"matchIn":  4, "pattern":   141440, "baseWinCredits":  800, "bonusGamesAwarded": 60},
		{"matchIn":  4, "pattern":   328000, "baseWinCredits":  800, "bonusGamesAwarded": 60},
		{"matchIn":  4, "pattern":  4211716, "baseWinCredits":  800, "bonusGamesAwarded": 60},
		{"matchIn":  4, "pattern": 17825809, "baseWinCredits":  800, "bonusGamesAwarded": 60},
		{"matchIn":  4, "pattern":   131520, "baseWinCredits":  800, "bonusGamesAwarded": 60},
		{"matchIn":  5, "pattern":       99, "baseWinCredits":  800, "bonusGamesAwarded": 60},
		{"matchIn":  5, "pattern":      792, "baseWinCredits":  800, "bonusGamesAwarded": 60},
		{"matchIn":  5, "pattern":  3244032, "baseWinCredits":  800, "bonusGamesAwarded": 60},
		{"matchIn":  5, "pattern": 25952256, "baseWinCredits":  800, "bonusGamesAwarded": 60},
		{"matchIn":  5, "pattern":     1063, "baseWinCredits":  800, "bonusGamesAwarded": 60},
		{"matchIn":  5, "pattern":    16924, "baseWinCredits":  800, "bonusGamesAwarded": 60},
		{"matchIn":  5, "pattern":  7373824, "baseWinCredits":  800, "bonusGamesAwarded": 60},
		{"matchIn":  5, "pattern": 29900800, "baseWinCredits":  800, "bonusGamesAwarded": 60},
		{"matchIn":  5, "pattern":  4328448, "baseWinCredits":  800, "bonusGamesAwarded": 60},
		{"matchIn":  5, "pattern":  4349952, "baseWinCredits":  800, "bonusGamesAwarded": 60},
		{"matchIn":  5, "pattern":     3204, "baseWinCredits":  800, "bonusGamesAwarded": 60},
		{"matchIn":  5, "pattern":    24708, "baseWinCredits":  800, "bonusGamesAwarded": 60},
		{"matchIn":  5, "pattern":  1115201, "baseWinCredits":  800, "bonusGamesAwarded": 60},
		{"matchIn":  5, "pattern": 17056016, "baseWinCredits":  800, "bonusGamesAwarded": 60},
		{"matchIn":  5, "pattern":      341, "baseWinCredits":  800, "bonusGamesAwarded": 60},
		{"matchIn":  5, "pattern": 22347776, "baseWinCredits":  800, "bonusGamesAwarded": 60},
		{"matchIn":  5, "pattern": 17039425, "baseWinCredits":  800, "bonusGamesAwarded": 60},
		{"matchIn":  5, "pattern":  1114384, "baseWinCredits":  800, "bonusGamesAwarded": 60},
		{"matchIn":  5, "pattern":   141440, "baseWinCredits":  800, "bonusGamesAwarded": 60},
		{"matchIn":  5, "pattern":   328000, "baseWinCredits":  800, "bonusGamesAwarded": 60},
		{"matchIn":  5, "pattern":  4211716, "baseWinCredits":  800, "bonusGamesAwarded": 60},
		{"matchIn":  5, "pattern": 17825809, "baseWinCredits":  800, "bonusGamesAwarded": 60},
		{"matchIn":  5, "pattern":   131520, "baseWinCredits":  800, "bonusGamesAwarded": 60},
		{"matchIn":  5, "pattern":    10564, "baseWinCredits":  800, "bonusGamesAwarded": 60},
		{"matchIn":  5, "pattern":  4532224, "baseWinCredits":  800, "bonusGamesAwarded": 60},
		{"matchIn":  6, "pattern":       99, "baseWinCredits":  800, "bonusGamesAwarded": 60},
		{"matchIn":  6, "pattern":      792, "baseWinCredits":  800, "bonusGamesAwarded": 60},
		{"matchIn":  6, "pattern":  3244032, "baseWinCredits":  800, "bonusGamesAwarded": 60},
		{"matchIn":  6, "pattern": 25952256, "baseWinCredits":  800, "bonusGamesAwarded": 60},
		{"matchIn":  6, "pattern":     1063, "baseWinCredits":  800, "bonusGamesAwarded": 60},
		{"matchIn":  6, "pattern":    16924, "baseWinCredits":  800, "bonusGamesAwarded": 60},
		{"matchIn":  6, "pattern":  7373824, "baseWinCredits":  800, "bonusGamesAwarded": 60},
		{"matchIn":  6, "pattern": 29900800, "baseWinCredits":  800, "bonusGamesAwarded": 60},
		{"matchIn":  6, "pattern":  4328448, "baseWinCredits": 2072                         },
		{"matchIn":  6, "pattern":  4349952, "baseWinCredits":  400, "bonusGamesAwarded": 20},
		{"matchIn":  6, "pattern":     3204, "baseWinCredits":  400, "bonusGamesAwarded": 20},
		{"matchIn":  6, "pattern":    24708, "baseWinCredits":  400, "bonusGamesAwarded": 20},
		{"matchIn":  6, "pattern":  1115201, "baseWinCredits":  400, "bonusGamesAwarded": 20},
		{"matchIn":  6, "pattern": 17056016, "baseWinCredits":  400, "bonusGamesAwarded": 20},
		{"matchIn":  6, "pattern":      341, "baseWinCredits":  400, "bonusGamesAwarded": 20},
		{"matchIn":  6, "pattern": 22347776, "baseWinCredits":  400, "bonusGamesAwarded": 20},
		{"matchIn":  6, "pattern": 17039425, "baseWinCredits":  400, "bonusGamesAwarded": 20},
		{"matchIn":  6, "pattern":  1114384, "baseWinCredits":  400, "bonusGamesAwarded": 20},
		{"matchIn":  6, "pattern":   141440, "baseWinCredits":  400, "bonusGamesAwarded": 20},
		{"matchIn":  6, "pattern":   328000, "baseWinCredits":  400, "bonusGamesAwarded": 20},
		{"matchIn":  6, "pattern":  4211716, "baseWinCredits":  400, "bonusGamesAwarded": 20},
		{"matchIn":  6, "pattern": 17825809, "baseWinCredits":  400, "bonusGamesAwarded": 20},
		{"matchIn":  6, "pattern":   131520, "baseWinCredits":  400, "bonusGamesAwarded": 20},
		{"matchIn":  6, "pattern":    10564, "baseWinCredits":  400, "bonusGamesAwarded": 20},
		{"matchIn":  6, "pattern":  4532224, "baseWinCredits":  400, "bonusGamesAwarded": 20},
		{"matchIn":  7, "pattern":       99, "baseWinCredits":  400, "bonusGamesAwarded": 20},
		{"matchIn":  7, "pattern":      792, "baseWinCredits":  400, "bonusGamesAwarded": 20},
		{"matchIn":  7, "pattern":  3244032, "baseWinCredits":  400, "bonusGamesAwarded": 20},
		{"matchIn":  7, "pattern": 25952256, "baseWinCredits":  400, "bonusGamesAwarded": 20},
		{"matchIn":  7, "pattern":     1063, "baseWinCredits":  400, "bonusGamesAwarded": 20},
		{"matchIn":  7, "pattern":    16924, "baseWinCredits":  400, "bonusGamesAwarded": 20},
		{"matchIn":  7, "pattern":  7373824, "baseWinCredits":  400, "bonusGamesAwarded": 20},
		{"matchIn":  7, "pattern": 29900800, "baseWinCredits":  400, "bonusGamesAwarded": 20},
		{"matchIn":  7, "pattern":  4328448, "baseWinCredits":  400, "bonusGamesAwarded": 20},
		{"matchIn":  7, "pattern":  4349952, "baseWinCredits":  400, "bonusGamesAwarded": 20},
		{"matchIn":  7, "pattern":     3204, "baseWinCredits":  400, "bonusGamesAwarded": 20},
		{"matchIn":  7, "pattern":    24708, "baseWinCredits":  400, "bonusGamesAwarded": 20},
		{"matchIn":  7, "pattern":  1115201, "baseWinCredits":  400, "bonusGamesAwarded": 20},
		{"matchIn":  7, "pattern": 17056016, "baseWinCredits":  400, "bonusGamesAwarded": 20},
		{"matchIn":  7, "pattern":      341, "baseWinCredits":  400, "bonusGamesAwarded": 20},
		{"matchIn":  7, "pattern": 22347776, "baseWinCredits":  400, "bonusGamesAwarded": 20},
		{"matchIn":  7, "pattern": 17039425, "baseWinCredits":  400, "bonusGamesAwarded": 20},
		{"matchIn":  7, "pattern":  1114384, "baseWinCredits":  400, "bonusGamesAwarded": 20},
		{"matchIn":  7, "pattern":   141440, "baseWinCredits":  400, "bonusGamesAwarded": 20},
		{"matchIn":  7, "pattern":   328000, "baseWinCredits":  400, "bonusGamesAwarded": 20},
		{"matchIn":  7, "pattern":  4211716, "baseWinCredits":  400, "bonusGamesAwarded": 20},
		{"matchIn":  7, "pattern": 17825809, "baseWinCredits":  400, "bonusGamesAwarded": 20},
		{"matchIn":  7, "pattern":   131520, "baseWinCredits":  400, "bonusGamesAwarded": 20},
		{"matchIn":  7, "pattern":    10564, "baseWinCredits":  400, "bonusGamesAwarded": 20},
		{"matchIn":  7, "pattern":  4532224, "baseWinCredits":  400, "bonusGamesAwarded": 20},
		{"matchIn":  8, "pattern":       99, "baseWinCredits":  400, "bonusGamesAwarded": 20},
		{"matchIn":  8, "pattern":      792, "baseWinCredits":  400, "bonusGamesAwarded": 20},
		{"matchIn":  8, "pattern":  3244032, "baseWinCredits":  400, "bonusGamesAwarded": 20},
		{"matchIn":  8, "pattern": 25952256, "baseWinCredits":  400, "bonusGamesAwarded": 20},
		{"matchIn":  8, "pattern":     1063, "baseWinCredits":  400, "bonusGamesAwarded": 20},
		{"matchIn":  8, "pattern":    16924, "baseWinCredits":  400, "bonusGamesAwarded": 20},
		{"matchIn":  8, "pattern":  7373824, "baseWinCredits":  400, "bonusGamesAwarded": 20},
		{"matchIn":  8, "pattern": 29900800, "baseWinCredits":  400, "bonusGamesAwarded": 20},
		{"matchIn":  8, "pattern":  4328448, "baseWinCredits":  400, "bonusGamesAwarded": 20},
		{"matchIn":  8, "pattern":  4349952, "baseWinCredits":  400, "bonusGamesAwarded": 20},
		{"matchIn":  8, "pattern":     3204, "baseWinCredits": 1136                         },
		{"matchIn":  8, "pattern":    24708, "baseWinCredits": 1058                         },
		{"matchIn":  8, "pattern":  1115201, "baseWinCredits": 1054                         },
		{"matchIn":  8, "pattern": 17056016, "baseWinCredits": 1054                         },
		{"matchIn":  8, "pattern":      341, "baseWinCredits": 1054                         },
		{"matchIn":  8, "pattern": 22347776, "baseWinCredits": 1054                         },
		{"matchIn":  8, "pattern": 17039425, "baseWinCredits": 1032                         },
		{"matchIn":  8, "pattern":  1114384, "baseWinCredits": 1012                         },
		{"matchIn":  8, "pattern":   141440, "baseWinCredits": 1004                         },
		{"matchIn":  8, "pattern":   328000, "baseWinCredits": 1002                         },
		{"matchIn":  8, "pattern":  4211716, "baseWinCredits":  814                         },
		{"matchIn":  8, "pattern": 17825809, "baseWinCredits":  707                         },
		{"matchIn":  8, "pattern":   131520, "baseWinCredits":   40, "bonusGamesAwarded": 10},
		{"matchIn":  8, "pattern":    10564, "baseWinCredits":   40, "bonusGamesAwarded": 10},
		{"matchIn":  8, "pattern":  4532224, "baseWinCredits":   40, "bonusGamesAwarded": 10},
		{"matchIn":  9, "pattern":       99, "baseWinCredits":   40, "bonusGamesAwarded": 10},
		{"matchIn":  9, "pattern":      792, "baseWinCredits":   40, "bonusGamesAwarded": 10},
		{"matchIn":  9, "pattern":  3244032, "baseWinCredits":   40, "bonusGamesAwarded": 10},
		{"matchIn":  9, "pattern": 25952256, "baseWinCredits":   40, "bonusGamesAwarded": 10},
		{"matchIn":  9, "pattern":     1063, "baseWinCredits":   40, "bonusGamesAwarded": 10},
		{"matchIn":  9, "pattern":    16924, "baseWinCredits":   40, "bonusGamesAwarded": 10},
		{"matchIn":  9, "pattern":  7373824, "baseWinCredits":   40, "bonusGamesAwarded": 10},
		{"matchIn":  9, "pattern": 29900800, "baseWinCredits":   40, "bonusGamesAwarded": 10},
		{"matchIn":  9, "pattern":  4328448, "baseWinCredits":   40, "bonusGamesAwarded": 10},
		{"matchIn":  9, "pattern":  4349952, "baseWinCredits":   40, "bonusGamesAwarded": 10},
		{"matchIn":  9, "pattern":     3204, "baseWinCredits":   40, "bonusGamesAwarded": 10},
		{"matchIn":  9, "pattern":    24708, "baseWinCredits":   40, "bonusGamesAwarded": 10},
		{"matchIn":  9, "pattern":  1115201, "baseWinCredits":   40, "bonusGamesAwarded": 10},
		{"matchIn":  9, "pattern": 17056016, "baseWinCredits":   40, "bonusGamesAwarded": 10},
		{"matchIn":  9, "pattern":      341, "baseWinCredits":   40, "bonusGamesAwarded": 10},
		{"matchIn":  9, "pattern": 22347776, "baseWinCredits":   40, "bonusGamesAwarded": 10},
		{"matchIn":  9, "pattern": 17039425, "baseWinCredits":   40, "bonusGamesAwarded": 10},
		{"matchIn":  9, "pattern":  1114384, "baseWinCredits":   40, "bonusGamesAwarded": 10},
		{"matchIn":  9, "pattern":   141440, "baseWinCredits":   40, "bonusGamesAwarded": 10},
		{"matchIn":  9, "pattern":   328000, "baseWinCredits":   40, "bonusGamesAwarded": 10},
		{"matchIn":  9, "pattern":  4211716, "baseWinCredits":   40, "bonusGamesAwarded": 10},
		{"matchIn":  9, "pattern": 17825809, "baseWinCredits":   40, "bonusGamesAwarded": 10},
		{"matchIn":  9, "pattern":   131520, "baseWinCredits":   40, "bonusGamesAwarded": 10},
		{"matchIn":  9, "pattern":    10564, "baseWinCredits":   40, "bonusGamesAwarded": 10},
		{"matchIn":  9, "pattern":  4532224, "baseWinCredits":   40, "bonusGamesAwarded": 10},
		{"matchIn": 10, "pattern":       99, "baseWinCredits":   40, "bonusGamesAwarded": 10},
		{"matchIn": 10, "pattern":      792, "baseWinCredits":   40, "bonusGamesAwarded": 10},
		{"matchIn": 10, "pattern":  3244032, "baseWinCredits":   40, "bonusGamesAwarded": 10},
		{"matchIn": 10, "pattern": 25952256, "baseWinCredits":   40, "bonusGamesAwarded": 10},
		{"matchIn": 10, "pattern":     1063, "baseWinCredits":   40, "bonusGamesAwarded": 10},
		{"matchIn": 10, "pattern":    16924, "baseWinCredits":   40, "bonusGamesAwarded": 10},
		{"matchIn": 10, "pattern":  7373824, "baseWinCredits":   40, "bonusGamesAwarded": 10},
		{"matchIn": 10, "pattern": 29900800, "baseWinCredits":   40, "bonusGamesAwarded": 10},
		{"matchIn": 10, "pattern":  4328448, "baseWinCredits":   40, "bonusGamesAwarded": 10},
		{"matchIn": 10, "pattern":  4349952, "baseWinCredits":   40, "bonusGamesAwarded": 10},
		{"matchIn": 10, "pattern":     3204, "baseWinCredits":   40, "bonusGamesAwarded": 10},
		{"matchIn": 10, "pattern":    24708, "baseWinCredits":   40, "bonusGamesAwarded": 10},
		{"matchIn": 10, "pattern":  1115201, "baseWinCredits":   40, "bonusGamesAwarded": 10},
		{"matchIn": 10, "pattern": 17056016, "baseWinCredits":   40, "bonusGamesAwarded": 10},
		{"matchIn": 10, "pattern":      341, "baseWinCredits":   40, "bonusGamesAwarded": 10},
		{"matchIn": 10, "pattern": 22347776, "baseWinCredits":   40, "bonusGamesAwarded": 10},
		{"matchIn": 10, "pattern": 17039425, "baseWinCredits":   40, "bonusGamesAwarded": 10},
		{"matchIn": 10, "pattern":  1114384, "baseWinCredits":   40, "bonusGamesAwarded": 10},
		{"matchIn": 10, "pattern":   141440, "baseWinCredits":   40, "bonusGamesAwarded": 10},
		{"matchIn": 10, "pattern":   328000, "baseWinCredits":   40, "bonusGamesAwarded": 10},
		{"matchIn": 10, "pattern":  4211716, "baseWinCredits":   40, "bonusGamesAwarded": 10},
		{"matchIn": 10, "pattern": 17825809, "baseWinCredits":   40, "bonusGamesAwarded": 10},
		{"matchIn": 10, "pattern":   131520, "baseWinCredits":   40, "bonusGamesAwarded": 10},
		{"matchIn": 10, "pattern":    10564, "baseWinCredits":   40, "bonusGamesAwarded": 10},
		{"matchIn": 10, "pattern":  4532224, "baseWinCredits":   40, "bonusGamesAwarded": 10},
		{"matchIn": 11, "pattern":       99, "baseWinCredits":   40, "bonusGamesAwarded": 10},
		{"matchIn": 11, "pattern":      792, "baseWinCredits":   40, "bonusGamesAwarded": 10},
		{"matchIn": 11, "pattern":  3244032, "baseWinCredits":   40, "bonusGamesAwarded": 10},
		{"matchIn": 11, "pattern": 25952256, "baseWinCredits":   40, "bonusGamesAwarded": 10},
		{"matchIn": 11, "pattern":     1063, "baseWinCredits":   40, "bonusGamesAwarded": 10},
		{"matchIn": 11, "pattern":    16924, "baseWinCredits":   40, "bonusGamesAwarded": 10},
		{"matchIn": 11, "pattern":  7373824, "baseWinCredits":   40, "bonusGamesAwarded": 10},
		{"matchIn": 11, "pattern": 29900800, "baseWinCredits":   40, "bonusGamesAwarded": 10},
		{"matchIn": 11, "pattern":  4328448, "baseWinCredits":   40, "bonusGamesAwarded": 10},
		{"matchIn": 11, "pattern":  4349952, "baseWinCredits":   40, "bonusGamesAwarded": 10},
		{"matchIn": 11, "pattern":     3204, "baseWinCredits":   40, "bonusGamesAwarded": 10},
		{"matchIn": 11, "pattern":    24708, "baseWinCredits":   40, "bonusGamesAwarded": 10},
		{"matchIn": 11, "pattern":  1115201, "baseWinCredits":   40, "bonusGamesAwarded": 10},
		{"matchIn": 11, "pattern": 17056016, "baseWinCredits":   40, "bonusGamesAwarded": 10},
		{"matchIn": 11, "pattern":      341, "baseWinCredits":   40, "bonusGamesAwarded": 10},
		{"matchIn": 11, "pattern": 22347776, "baseWinCredits":   40, "bonusGamesAwarded": 10},
		{"matchIn": 11, "pattern": 17039425, "baseWinCredits":   40, "bonusGamesAwarded": 10},
		{"matchIn": 11, "pattern":  1114384, "baseWinCredits":   40, "bonusGamesAwarded": 10},
		{"matchIn": 11, "pattern":   141440, "baseWinCredits":   40, "bonusGamesAwarded": 10},
		{"matchIn": 11, "pattern":   328000, "baseWinCredits":   40, "bonusGamesAwarded": 10},
		{"matchIn": 11, "pattern":  4211716, "baseWinCredits":   40, "bonusGamesAwarded": 10},
		{"matchIn": 11, "pattern": 17825809, "baseWinCredits":  579                         },
		{"matchIn": 11, "pattern":   131520, "baseWinCredits":  525                         },
		{"matchIn": 11, "pattern":    10564, "baseWinCredits":  515                         },
		{"matchIn": 11, "pattern":  4532224, "baseWinCredits":  505                         },
		{"matchIn": 12, "pattern":       99, "baseWinCredits":  431                         },
		{"matchIn": 12, "pattern":      792, "baseWinCredits":  400                         },
		{"matchIn": 12, "pattern":  3244032, "baseWinCredits":  372                         },
		{"matchIn": 12, "pattern": 25952256, "baseWinCredits":  355                         },
		{"matchIn": 12, "pattern":     1063, "baseWinCredits":  354                         },
		{"matchIn": 12, "pattern":    16924, "baseWinCredits":  352                         },
		{"matchIn": 12, "pattern":  7373824, "baseWinCredits":  352                         },
		{"matchIn": 12, "pattern": 29900800, "baseWinCredits":  350                         },
		{"matchIn": 12, "pattern":  4328448, "baseWinCredits":  337                         },
		{"matchIn": 12, "pattern":  4349952, "baseWinCredits":  326                         },
		{"matchIn": 12, "pattern":     3204, "baseWinCredits":  320                         },
		{"matchIn": 12, "pattern":    24708, "baseWinCredits":  314                         },
		{"matchIn": 12, "pattern":  1115201, "baseWinCredits":  313                         },
		{"matchIn": 12, "pattern": 17056016, "baseWinCredits":  312                         },
		{"matchIn": 12, "pattern":      341, "baseWinCredits":  310                         },
		{"matchIn": 12, "pattern": 22347776, "baseWinCredits":  310                         },
		{"matchIn": 12, "pattern": 17039425, "baseWinCredits":    0, "bonusGamesAwarded":  5},
		{"matchIn": 12, "pattern":  1114384, "baseWinCredits":    0, "bonusGamesAwarded":  5},
		{"matchIn": 12, "pattern":   141440, "baseWinCredits":    0, "bonusGamesAwarded":  5},
		{"matchIn": 12, "pattern":   328000, "baseWinCredits":    0, "bonusGamesAwarded":  5},
		{"matchIn": 12, "pattern":  4211716, "baseWinCredits":    0, "bonusGamesAwarded":  5},
		{"matchIn": 12, "pattern": 17825809, "baseWinCredits":    0, "bonusGamesAwarded":  5},
		{"matchIn": 12, "pattern":   131520, "baseWinCredits":    0, "bonusGamesAwarded":  5},
		{"matchIn": 12, "pattern":    10564, "baseWinCredits":    0, "bonusGamesAwarded":  5},
		{"matchIn": 12, "pattern":  4532224, "baseWinCredits":    0, "bonusGamesAwarded":  5},
		{"matchIn": 13, "pattern":       99, "baseWinCredits":    0, "bonusGamesAwarded":  5},
		{"matchIn": 13, "pattern":      792, "baseWinCredits":    0, "bonusGamesAwarded":  5},
		{"matchIn": 13, "pattern":  3244032, "baseWinCredits":    0, "bonusGamesAwarded":  5},
		{"matchIn": 13, "pattern": 25952256, "baseWinCredits":    0, "bonusGamesAwarded":  5},
		{"matchIn": 13, "pattern":     1063, "baseWinCredits":    0, "bonusGamesAwarded":  5},
		{"matchIn": 13, "pattern":    16924, "baseWinCredits":    0, "bonusGamesAwarded":  5},
		{"matchIn": 13, "pattern":  7373824, "baseWinCredits":    0, "bonusGamesAwarded":  5},
		{"matchIn": 13, "pattern": 29900800, "baseWinCredits":    0, "bonusGamesAwarded":  5},
		{"matchIn": 13, "pattern":  4328448, "baseWinCredits":    0, "bonusGamesAwarded":  5},
		{"matchIn": 13, "pattern":  4349952, "baseWinCredits":    0, "bonusGamesAwarded":  5},
		{"matchIn": 13, "pattern":     3204, "baseWinCredits":    0, "bonusGamesAwarded":  5},
		{"matchIn": 13, "pattern":    24708, "baseWinCredits":    0, "bonusGamesAwarded":  5},
		{"matchIn": 13, "pattern":  1115201, "baseWinCredits":    0, "bonusGamesAwarded":  5},
		{"matchIn": 13, "pattern": 17056016, "baseWinCredits":    0, "bonusGamesAwarded":  5},
		{"matchIn": 13, "pattern":      341, "baseWinCredits":    0, "bonusGamesAwarded":  5},
		{"matchIn": 13, "pattern": 22347776, "baseWinCredits":    0, "bonusGamesAwarded":  5},
		{"matchIn": 13, "pattern": 17039425, "baseWinCredits":    0, "bonusGamesAwarded":  5},
		{"matchIn": 13, "pattern":  1114384, "baseWinCredits":    0, "bonusGamesAwarded":  5},
		{"matchIn": 13, "pattern":   141440, "baseWinCredits":    0, "bonusGamesAwarded":  5},
		{"matchIn": 13, "pattern":   328000, "baseWinCredits":    0, "bonusGamesAwarded":  5},
		{"matchIn": 13, "pattern":  4211716, "baseWinCredits":    0, "bonusGamesAwarded":  5},
		{"matchIn": 13, "pattern": 17825809, "baseWinCredits":    0, "bonusGamesAwarded":  5},
		{"matchIn": 13, "pattern":   131520, "baseWinCredits":    0, "bonusGamesAwarded":  5},
		{"matchIn": 13, "pattern":    10564, "baseWinCredits":    0, "bonusGamesAwarded":  5},
		{"matchIn": 13, "pattern":  4532224, "baseWinCredits":    0, "bonusGamesAwarded":  5},
		{"matchIn": 14, "pattern":       99, "baseWinCredits":    0, "bonusGamesAwarded":  5},
		{"matchIn": 14, "pattern":      792, "baseWinCredits":    0, "bonusGamesAwarded":  5},
		{"matchIn": 14, "pattern":  3244032, "baseWinCredits":    0, "bonusGamesAwarded":  5},
		{"matchIn": 14, "pattern": 25952256, "baseWinCredits":    0, "bonusGamesAwarded":  5},
		{"matchIn": 14, "pattern":     1063, "baseWinCredits":    0, "bonusGamesAwarded":  5},
		{"matchIn": 14, "pattern":    16924, "baseWinCredits":    0, "bonusGamesAwarded":  5},
		{"matchIn": 14, "pattern":  7373824, "baseWinCredits":    0, "bonusGamesAwarded":  5},
		{"matchIn": 14, "pattern": 29900800, "baseWinCredits":    0, "bonusGamesAwarded":  5},
		{"matchIn": 14, "pattern":  4328448, "baseWinCredits":    0, "bonusGamesAwarded":  5},
		{"matchIn": 14, "pattern":  4349952, "baseWinCredits":    0, "bonusGamesAwarded":  5},
		{"matchIn": 14, "pattern":     3204, "baseWinCredits":    0, "bonusGamesAwarded":  5},
		{"matchIn": 14, "pattern":    24708, "baseWinCredits":    0, "bonusGamesAwarded":  5},
		{"matchIn": 14, "pattern":  1115201, "baseWinCredits":    0, "bonusGamesAwarded":  5},
		{"matchIn": 14, "pattern": 17056016, "baseWinCredits":    0, "bonusGamesAwarded":  5},
		{"matchIn": 14, "pattern":      341, "baseWinCredits":    0, "bonusGamesAwarded":  5},
		{"matchIn": 14, "pattern": 22347776, "baseWinCredits":    0, "bonusGamesAwarded":  5},
		{"matchIn": 14, "pattern": 17039425, "baseWinCredits":    0, "bonusGamesAwarded":  5},
		{"matchIn": 14, "pattern":  1114384, "baseWinCredits":    0, "bonusGamesAwarded":  5},
		{"matchIn": 14, "pattern":   141440, "baseWinCredits":    0, "bonusGamesAwarded":  5},
		{"matchIn": 14, "pattern":   328000, "baseWinCredits":    0, "bonusGamesAwarded":  5},
		{"matchIn": 14, "pattern":  4211716, "baseWinCredits":    0, "bonusGamesAwarded":  5},
		{"matchIn": 14, "pattern": 17825809, "baseWinCredits":    0, "bonusGamesAwarded":  5},
		{"matchIn": 14, "pattern":   131520, "baseWinCredits":    0, "bonusGamesAwarded":  5},
		{"matchIn": 14, "pattern":    10564, "baseWinCredits":    0, "bonusGamesAwarded":  5},
		{"matchIn": 14, "pattern":  4532224, "baseWinCredits":    0, "bonusGamesAwarded":  5},
		{"matchIn": 15, "pattern":       99, "baseWinCredits":    0, "bonusGamesAwarded":  5},
		{"matchIn": 15, "pattern":      792, "baseWinCredits":    0, "bonusGamesAwarded":  5},
		{"matchIn": 15, "pattern":  3244032, "baseWinCredits":    0, "bonusGamesAwarded":  5},
		{"matchIn": 15, "pattern": 25952256, "baseWinCredits":    0, "bonusGamesAwarded":  5},
		{"matchIn": 15, "pattern":     1063, "baseWinCredits":    0, "bonusGamesAwarded":  5},
		{"matchIn": 15, "pattern":    16924, "baseWinCredits":    0, "bonusGamesAwarded":  5},
		{"matchIn": 15, "pattern":  7373824, "baseWinCredits":    0, "bonusGamesAwarded":  5},
		{"matchIn": 15, "pattern": 29900800, "baseWinCredits":    0, "bonusGamesAwarded":  5},
		{"matchIn": 15, "pattern":  4328448, "baseWinCredits":    0, "bonusGamesAwarded":  5},
		{"matchIn": 15, "pattern":  4349952, "baseWinCredits":    0, "bonusGamesAwarded":  5},
		{"matchIn": 15, "pattern":     3204, "baseWinCredits":    0, "bonusGamesAwarded":  5},
		{"matchIn": 15, "pattern":    24708, "baseWinCredits":    0, "bonusGamesAwarded":  5},
		{"matchIn": 15, "pattern":  1115201, "baseWinCredits":    0, "bonusGamesAwarded":  5},
		{"matchIn": 15, "pattern": 17056016, "baseWinCredits":    0, "bonusGamesAwarded":  5},
		{"matchIn": 15, "pattern":      341, "baseWinCredits":    0, "bonusGamesAwarded":  5},
		{"matchIn": 15, "pattern": 22347776, "baseWinCredits":    0, "bonusGamesAwarded":  5},
		{"matchIn": 15, "pattern": 17039425, "baseWinCredits":    0, "bonusGamesAwarded":  5},
		{"matchIn": 15, "pattern":  1114384, "baseWinCredits":    0, "bonusGamesAwarded":  5},
		{"matchIn": 15, "pattern":   141440, "baseWinCredits":    0, "bonusGamesAwarded":  5},
		{"matchIn": 15, "pattern":   328000, "baseWinCredits":    0, "bonusGamesAwarded":  5},
		{"matchIn": 15, "pattern":  4211716, "baseWinCredits":    0, "bonusGamesAwarded":  5},
		{"matchIn": 15, "pattern": 17825809, "baseWinCredits":    0, "bonusGamesAwarded":  5},
		{"matchIn": 15, "pattern":   131520, "baseWinCredits":    0, "bonusGamesAwarded":  5},
		{"matchIn": 15, "pattern":    10564, "baseWinCredits":    0, "bonusGamesAwarded":  5},
		{"matchIn": 15, "pattern":  4532224, "baseWinCredits":    0, "bonusGamesAwarded":  5},
		{"matchIn": 16, "pattern":       99, "baseWinCredits":    0, "bonusGamesAwarded":  5},
		{"matchIn": 16, "pattern":      792, "baseWinCredits":    0, "bonusGamesAwarded":  5},
		{"matchIn": 16, "pattern":  3244032, "baseWinCredits":    0, "bonusGamesAwarded":  5},
		{"matchIn": 16, "pattern": 25952256, "baseWinCredits":    0, "bonusGamesAwarded":  5},
		{"matchIn": 16, "pattern":     1063, "baseWinCredits":    0, "bonusGamesAwarded":  5},
		{"matchIn": 16, "pattern":    16924, "baseWinCredits":    0, "bonusGamesAwarded":  5},
		{"matchIn": 16, "pattern":  7373824, "baseWinCredits":    0, "bonusGamesAwarded":  5},
		{"matchIn": 16, "pattern": 29900800, "baseWinCredits":    0, "bonusGamesAwarded":  5},
		{"matchIn": 16, "pattern":  4328448, "baseWinCredits":    0, "bonusGamesAwarded":  5},
		{"matchIn": 16, "pattern":  4349952, "baseWinCredits":    0, "bonusGamesAwarded":  5},
		{"matchIn": 16, "pattern":     3204, "baseWinCredits":    0, "bonusGamesAwarded":  5},
		{"matchIn": 16, "pattern":    24708, "baseWinCredits":    0, "bonusGamesAwarded":  5},
		{"matchIn": 16, "pattern":  1115201, "baseWinCredits":    0, "bonusGamesAwarded":  5},
		{"matchIn": 16, "pattern": 17056016, "baseWinCredits":    0, "bonusGamesAwarded":  5},
		{"matchIn": 16, "pattern":      341, "baseWinCredits":    0, "bonusGamesAwarded":  5},
		{"matchIn": 16, "pattern": 22347776, "baseWinCredits":    0, "bonusGamesAwarded":  5},
		{"matchIn": 16, "pattern": 17039425, "baseWinCredits":    0, "bonusGamesAwarded":  5},
		{"matchIn": 16, "pattern":  1114384, "baseWinCredits":    0, "bonusGamesAwarded":  5},
		{"matchIn": 16, "pattern":   141440, "baseWinCredits":    0, "bonusGamesAwarded":  5},
		{"matchIn": 16, "pattern":   328000, "baseWinCredits":    0, "bonusGamesAwarded":  5},
		{"matchIn": 16, "pattern":  4211716, "baseWinCredits":    0, "bonusGamesAwarded":  5},
		{"matchIn": 16, "pattern": 17825809, "baseWinCredits":    0, "bonusGamesAwarded":  5},
		{"matchIn": 16, "pattern":   131520, "baseWinCredits":    0, "bonusGamesAwarded":  5},
		{"matchIn": 16, "pattern":    10564, "baseWinCredits":    0, "bonusGamesAwarded":  5},
		{"matchIn": 16, "pattern":  4532224, "baseWinCredits":    0, "bonusGamesAwarded":  5},
		{"matchIn": 17, "pattern":       99, "baseWinCredits":    0, "bonusGamesAwarded":  5},
		{"matchIn": 17, "pattern":      792, "baseWinCredits":    0, "bonusGamesAwarded":  5},
		{"matchIn": 17, "pattern":  3244032, "baseWinCredits":    0, "bonusGamesAwarded":  5},
		{"matchIn": 17, "pattern": 25952256, "baseWinCredits":    0, "bonusGamesAwarded":  5},
		{"matchIn": 17, "pattern":     1063, "baseWinCredits":  305                         },
		{"matchIn": 17, "pattern":    16924, "baseWinCredits":  304                         },
		{"matchIn": 17, "pattern":  7373824, "baseWinCredits":  304                         },
		{"matchIn": 17, "pattern": 29900800, "baseWinCredits":  302                         },
		{"matchIn": 17, "pattern":  4328448, "baseWinCredits":  290                         },
		{"matchIn": 17, "pattern":  4349952, "baseWinCredits":  272                         },
		{"matchIn": 17, "pattern":     3204, "baseWinCredits":  260                         },
		{"matchIn": 17, "pattern":    24708, "baseWinCredits":  254                         },
		{"matchIn": 17, "pattern":  1115201, "baseWinCredits":  254                         },
		{"matchIn": 17, "pattern": 17056016, "baseWinCredits":  252                         },
		{"matchIn": 17, "pattern":      341, "baseWinCredits":  252                         },
		{"matchIn": 17, "pattern": 22347776, "baseWinCredits":  252                         },
		{"matchIn": 17, "pattern": 17039425, "baseWinCredits":  250                         },
		{"matchIn": 17, "pattern":  1114384, "baseWinCredits":  225                         },
		{"matchIn": 17, "pattern":   141440, "baseWinCredits":  215                         },
		{"matchIn": 17, "pattern":   328000, "baseWinCredits":  209                         },
		{"matchIn": 17, "pattern":  4211716, "baseWinCredits":  200                         },
		{"matchIn": 17, "pattern": 17825809, "baseWinCredits":  200                         },
		{"matchIn": 17, "pattern":   131520, "baseWinCredits":  190                         },
		{"matchIn": 17, "pattern":    10564, "baseWinCredits":  187                         },
		{"matchIn": 17, "pattern":  4532224, "baseWinCredits":  184                         },
		{"matchIn": 18, "pattern":       99, "baseWinCredits":  170                         },
		{"matchIn": 18, "pattern":      792, "baseWinCredits":  160                         },
		{"matchIn": 18, "pattern":  3244032, "baseWinCredits":  152                         },
		{"matchIn": 18, "pattern": 25952256, "baseWinCredits":  149                         },
		{"matchIn": 18, "pattern":     1063, "baseWinCredits":  146                         },
		{"matchIn": 18, "pattern":    16924, "baseWinCredits":  145                         },
		{"matchIn": 18, "pattern":  7373824, "baseWinCredits":  145                         },
		{"matchIn": 18, "pattern": 29900800, "baseWinCredits":  145                         },
		{"matchIn": 18, "pattern":  4328448, "baseWinCredits":  140                         },
		{"matchIn": 18, "pattern":  4349952, "baseWinCredits":  140                         },
		{"matchIn": 18, "pattern":     3204, "baseWinCredits":  131                         },
		{"matchIn": 18, "pattern":    24708, "baseWinCredits":  129                         },
		{"matchIn": 18, "pattern":  1115201, "baseWinCredits":  128                         },
		{"matchIn": 18, "pattern": 17056016, "baseWinCredits":  126                         },
		{"matchIn": 18, "pattern":      341, "baseWinCredits":  125                         },
		{"matchIn": 18, "pattern": 22347776, "baseWinCredits":  125                         },
		{"matchIn": 18, "pattern": 17039425, "baseWinCredits":  124                         },
		{"matchIn": 18, "pattern":  1114384, "baseWinCredits":  121                         },
		{"matchIn": 18, "pattern":   141440, "baseWinCredits":  120                         },
		{"matchIn": 18, "pattern":   328000, "baseWinCredits":  120                         },
		{"matchIn": 18, "pattern":  4211716, "baseWinCredits":  120                         },
		{"matchIn": 18, "pattern": 17825809, "baseWinCredits":  115                         },
		{"matchIn": 18, "pattern":   131520, "baseWinCredits":  112                         },
		{"matchIn": 18, "pattern":    10564, "baseWinCredits":  111                         },
		{"matchIn": 18, "pattern":  4532224, "baseWinCredits":  110                         },
		{"matchIn": 19, "pattern":       99, "baseWinCredits":  108                         },
		{"matchIn": 19, "pattern":      792, "baseWinCredits":  105                         },
		{"matchIn": 19, "pattern":  3244032, "baseWinCredits":  105                         },
		{"matchIn": 19, "pattern": 25952256, "baseWinCredits":  104                         },
		{"matchIn": 19, "pattern":     1063, "baseWinCredits":  104                         },
		{"matchIn": 19, "pattern":    16924, "baseWinCredits":  104                         },
		{"matchIn": 19, "pattern":  7373824, "baseWinCredits":  104                         },
		{"matchIn": 19, "pattern": 29900800, "baseWinCredits":  104                         },
		{"matchIn": 19, "pattern":  4328448, "baseWinCredits":  102                         },
		{"matchIn": 19, "pattern":  4349952, "baseWinCredits":  100                         },
		{"matchIn": 19, "pattern":     3204, "baseWinCredits":  100                         },
		{"matchIn": 19, "pattern":    24708, "baseWinCredits":  100                         },
		{"matchIn": 19, "pattern":  1115201, "baseWinCredits":  100                         },
		{"matchIn": 19, "pattern": 17056016, "baseWinCredits":  100                         },
		{"matchIn": 19, "pattern":      341, "baseWinCredits":  100                         },
		{"matchIn": 19, "pattern": 22347776, "baseWinCredits":  100                         },
		{"matchIn": 19, "pattern": 17039425, "baseWinCredits":  100                         },
		{"matchIn": 19, "pattern":  1114384, "baseWinCredits":  100                         },
		{"matchIn": 19, "pattern":   141440, "baseWinCredits":  100                         },
		{"matchIn": 19, "pattern":   328000, "baseWinCredits":  100                         },
		{"matchIn": 19, "pattern":  4211716, "baseWinCredits":   94                         },
		{"matchIn": 19, "pattern": 17825809, "baseWinCredits":   90                         },
		{"matchIn": 19, "pattern":   131520, "baseWinCredits":   85                         },
		{"matchIn": 19, "pattern":    10564, "baseWinCredits":   84                         },
		{"matchIn": 19, "pattern":  4532224, "baseWinCredits":   83                         },
		{"matchIn": 20, "pattern":       99, "baseWinCredits":   79                         },
		{"matchIn": 20, "pattern":      792, "baseWinCredits":   76                         },
		{"matchIn": 20, "pattern":  3244032, "baseWinCredits":   74                         },
		{"matchIn": 20, "pattern": 25952256, "baseWinCredits":   72                         },
		{"matchIn": 20, "pattern":     1063, "baseWinCredits":   71                         },
		{"matchIn": 20, "pattern":    16924, "baseWinCredits":   70                         },
		{"matchIn": 20, "pattern":  7373824, "baseWinCredits":   70                         },
		{"matchIn": 20, "pattern": 29900800, "baseWinCredits":   70                         },
		{"matchIn": 20, "pattern":  4328448, "baseWinCredits":   68                         },
		{"matchIn": 20, "pattern":  4349952, "baseWinCredits":   66                         },
		{"matchIn": 20, "pattern":     3204, "baseWinCredits":   65                         },
		{"matchIn": 20, "pattern":    24708, "baseWinCredits":   64                         },
		{"matchIn": 20, "pattern":  1115201, "baseWinCredits":   64                         },
		{"matchIn": 20, "pattern": 17056016, "baseWinCredits":   63                         },
		{"matchIn": 20, "pattern":      341, "baseWinCredits":   62                         },
		{"matchIn": 20, "pattern": 22347776, "baseWinCredits":   62                         },
		{"matchIn": 20, "pattern": 17039425, "baseWinCredits":   60                         },
		{"matchIn": 20, "pattern":  1114384, "baseWinCredits":   60                         },
		{"matchIn": 20, "pattern":   141440, "baseWinCredits":   60                         },
		{"matchIn": 20, "pattern":   328000, "baseWinCredits":   60                         },
		{"matchIn": 20, "pattern":  4211716, "baseWinCredits":   59                         },
		{"matchIn": 20, "pattern": 17825809, "baseWinCredits":   56                         },
		{"matchIn": 20, "pattern":   131520, "baseWinCredits":   56                         },
		{"matchIn": 20, "pattern":    10564, "baseWinCredits":   56                         },
		{"matchIn": 20, "pattern":  4532224, "baseWinCredits":   56                         },
		{"matchIn": 21, "pattern":       99, "baseWinCredits":   56                         },
		{"matchIn": 21, "pattern":      792, "baseWinCredits":   55                         },
		{"matchIn": 21, "pattern":  3244032, "baseWinCredits":   54                         },
		{"matchIn": 21, "pattern": 25952256, "baseWinCredits":   54                         },
		{"matchIn": 21, "pattern":     1063, "baseWinCredits":   54                         },
		{"matchIn": 21, "pattern":    16924, "baseWinCredits":   54                         },
		{"matchIn": 21, "pattern":  7373824, "baseWinCredits":   53                         },
		{"matchIn": 21, "pattern": 29900800, "baseWinCredits":   52                         },
		{"matchIn": 21, "pattern":  4328448, "baseWinCredits":   52                         },
		{"matchIn": 21, "pattern":  4349952, "baseWinCredits":   52                         },
		{"matchIn": 21, "pattern":     3204, "baseWinCredits":   52                         },
		{"matchIn": 21, "pattern":    24708, "baseWinCredits":   50                         },
		{"matchIn": 21, "pattern":  1115201, "baseWinCredits":   50                         },
		{"matchIn": 21, "pattern": 17056016, "baseWinCredits":   50                         },
		{"matchIn": 21, "pattern":      341, "baseWinCredits":   50                         },
		{"matchIn": 21, "pattern": 22347776, "baseWinCredits":   50                         },
		{"matchIn": 21, "pattern": 17039425, "baseWinCredits":   50                         },
		{"matchIn": 21, "pattern":  1114384, "baseWinCredits":   50                         },
		{"matchIn": 21, "pattern":   141440, "baseWinCredits":   48                         },
		{"matchIn": 21, "pattern":   328000, "baseWinCredits":   46                         },
		{"matchIn": 21, "pattern":  4211716, "baseWinCredits":   46                         },
		{"matchIn": 21, "pattern": 17825809, "baseWinCredits":   45                         },
		{"matchIn": 21, "pattern":   131520, "baseWinCredits":   45                         },
		{"matchIn": 21, "pattern":    10564, "baseWinCredits":   45                         },
		{"matchIn": 21, "pattern":  4532224, "baseWinCredits":   45                         },
		{"matchIn": 22, "pattern":       99, "baseWinCredits":   44                         },
		{"matchIn": 22, "pattern":      792, "baseWinCredits":   41                         },
		{"matchIn": 22, "pattern":  3244032, "baseWinCredits":   40                         },
		{"matchIn": 22, "pattern": 25952256, "baseWinCredits":   40                         },
		{"matchIn": 22, "pattern":     1063, "baseWinCredits":   40                         },
		{"matchIn": 22, "pattern":    16924, "baseWinCredits":   40                         },
		{"matchIn": 22, "pattern":  7373824, "baseWinCredits":   40                         },
		{"matchIn": 22, "pattern": 29900800, "baseWinCredits":   40                         },
		{"matchIn": 22, "pattern":  4328448, "baseWinCredits":   40                         },
		{"matchIn": 22, "pattern":  4349952, "baseWinCredits":   40                         },
		{"matchIn": 22, "pattern":     3204, "baseWinCredits":   40                         },
		{"matchIn": 22, "pattern":    24708, "baseWinCredits":   40                         },
		{"matchIn": 22, "pattern":  1115201, "baseWinCredits":   40                         },
		{"matchIn": 22, "pattern": 17056016, "baseWinCredits":   40                         },
		{"matchIn": 22, "pattern":      341, "baseWinCredits":   40                         },
		{"matchIn": 22, "pattern": 22347776, "baseWinCredits":   40                         },
		{"matchIn": 22, "pattern": 17039425, "baseWinCredits":   40                         },
		{"matchIn": 22, "pattern":  1114384, "baseWinCredits":   40                         },
		{"matchIn": 22, "pattern":   141440, "baseWinCredits":   40                         },
		{"matchIn": 22, "pattern":   328000, "baseWinCredits":   40                         },
		{"matchIn": 22, "pattern":  4211716, "baseWinCredits":   38                         },
		{"matchIn": 22, "pattern": 17825809, "baseWinCredits":   36                         },
		{"matchIn": 22, "pattern":   131520, "baseWinCredits":   35                         },
		{"matchIn": 22, "pattern":    10564, "baseWinCredits":   35                         },
		{"matchIn": 22, "pattern":  4532224, "baseWinCredits":   35                         },
		{"matchIn": 23, "pattern":       99, "baseWinCredits":   35                         },
		{"matchIn": 23, "pattern":      792, "baseWinCredits":   34                         },
		{"matchIn": 23, "pattern":  3244032, "baseWinCredits":   32                         },
		{"matchIn": 23, "pattern": 25952256, "baseWinCredits":   30                         },
		{"matchIn": 23, "pattern":     1063, "baseWinCredits":   30                         },
		{"matchIn": 23, "pattern":    16924, "baseWinCredits":   30                         },
		{"matchIn": 23, "pattern":  7373824, "baseWinCredits":   30                         },
		{"matchIn": 23, "pattern": 29900800, "baseWinCredits":   30                         },
		{"matchIn": 23, "pattern":  4328448, "baseWinCredits":   30                         },
		{"matchIn": 23, "pattern":  4349952, "baseWinCredits":   30                         },
		{"matchIn": 23, "pattern":     3204, "baseWinCredits":   30                         },
		{"matchIn": 23, "pattern":    24708, "baseWinCredits":   30                         },
		{"matchIn": 23, "pattern":  1115201, "baseWinCredits":   30                         },
		{"matchIn": 23, "pattern": 17056016, "baseWinCredits":   30                         },
		{"matchIn": 23, "pattern":      341, "baseWinCredits":   30                         },
		{"matchIn": 23, "pattern": 22347776, "baseWinCredits":   30                         },
		{"matchIn": 23, "pattern": 17039425, "baseWinCredits":   29                         },
		{"matchIn": 23, "pattern":  1114384, "baseWinCredits":   28                         },
		{"matchIn": 23, "pattern":   141440, "baseWinCredits":   28                         },
		{"matchIn": 23, "pattern":   328000, "baseWinCredits":   28                         },
		{"matchIn": 23, "pattern":  4211716, "baseWinCredits":   27                         },
		{"matchIn": 23, "pattern": 17825809, "baseWinCredits":   26                         },
		{"matchIn": 23, "pattern":   131520, "baseWinCredits":   26                         },
		{"matchIn": 23, "pattern":    10564, "baseWinCredits":   26                         },
		{"matchIn": 23, "pattern":  4532224, "baseWinCredits":   25                         },
		{"matchIn": 24, "pattern":       99, "baseWinCredits":   25                         },
		{"matchIn": 24, "pattern":      792, "baseWinCredits":   25                         },
		{"matchIn": 24, "pattern":  3244032, "baseWinCredits":   25                         },
		{"matchIn": 24, "pattern": 25952256, "baseWinCredits":   25                         },
		{"matchIn": 24, "pattern":     1063, "baseWinCredits":   25                         },
		{"matchIn": 24, "pattern":    16924, "baseWinCredits":   25                         },
		{"matchIn": 24, "pattern":  7373824, "baseWinCredits":   25                         },
		{"matchIn": 24, "pattern": 29900800, "baseWinCredits":   25                         },
		{"matchIn": 24, "pattern":  4328448, "baseWinCredits":   24                         },
		{"matchIn": 24, "pattern":  4349952, "baseWinCredits":   24                         },
		{"matchIn": 24, "pattern":     3204, "baseWinCredits":   24                         },
		{"matchIn": 24, "pattern":    24708, "baseWinCredits":   23                         },
		{"matchIn": 24, "pattern":  1115201, "baseWinCredits":   22                         },
		{"matchIn": 24, "pattern": 17056016, "baseWinCredits":   22                         },
		{"matchIn": 24, "pattern":      341, "baseWinCredits":   22                         },
		{"matchIn": 24, "pattern": 22347776, "baseWinCredits":   21                         },
		{"matchIn": 24, "pattern": 17039425, "baseWinCredits":   20                         },
		{"matchIn": 24, "pattern":  1114384, "baseWinCredits":   20                         },
		{"matchIn": 24, "pattern":   141440, "baseWinCredits":   20                         },
		{"matchIn": 24, "pattern":   328000, "baseWinCredits":   20                         },
		{"matchIn": 24, "pattern":  4211716, "baseWinCredits":   20                         },
		{"matchIn": 24, "pattern": 17825809, "baseWinCredits":   20                         },
		{"matchIn": 24, "pattern":   131520, "baseWinCredits":   20                         },
		{"matchIn": 24, "pattern":    10564, "baseWinCredits":   20                         },
		{"matchIn": 24, "pattern":  4532224, "baseWinCredits":   20                         },
		{"matchIn": 25, "pattern":       99, "baseWinCredits":   20                         },
		{"matchIn": 25, "pattern":      792, "baseWinCredits":   20                         },
		{"matchIn": 25, "pattern":  3244032, "baseWinCredits":   20                         },
		{"matchIn": 25, "pattern": 25952256, "baseWinCredits":   20                         },
		{"matchIn": 25, "pattern":     1063, "baseWinCredits":   20                         },
		{"matchIn": 25, "pattern":    16924, "baseWinCredits":   20                         },
		{"matchIn": 25, "pattern":  7373824, "baseWinCredits":   20                         },
		{"matchIn": 25, "pattern": 29900800, "baseWinCredits":   20                         },
		{"matchIn": 25, "pattern":  4328448, "baseWinCredits":   20                         },
		{"matchIn": 25, "pattern":  4349952, "baseWinCredits":   20                         },
		{"matchIn": 25, "pattern":     3204, "baseWinCredits":   20                         },
		{"matchIn": 25, "pattern":    24708, "baseWinCredits":   20                         },
		{"matchIn": 25, "pattern":  1115201, "baseWinCredits":   20                         },
		{"matchIn": 25, "pattern": 17056016, "baseWinCredits":   20                         },
		{"matchIn": 25, "pattern":      341, "baseWinCredits":   20                         },
		{"matchIn": 25, "pattern": 22347776, "baseWinCredits":   20                         },
		{"matchIn": 25, "pattern": 17039425, "baseWinCredits":   20                         },
		{"matchIn": 25, "pattern":  1114384, "baseWinCredits":   20                         },
		{"matchIn": 25, "pattern":   141440, "baseWinCredits":   20                         },
		{"matchIn": 25, "pattern":   328000, "baseWinCredits":   20                         },
		{"matchIn": 25, "pattern":  4211716, "baseWinCredits":   20                         },
		{"matchIn": 25, "pattern": 17825809, "baseWinCredits":   20                         },
		{"matchIn": 25, "pattern":   131520, "baseWinCredits":   20                         },
		{"matchIn": 25, "pattern":    10564, "baseWinCredits":   20                         },
		{"matchIn": 25, "pattern":  4532224, "baseWinCredits":   20                         },
		{"matchIn": 26, "pattern":       99, "baseWinCredits":   20                         },
		{"matchIn": 26, "pattern":      792, "baseWinCredits":   20                         },
		{"matchIn": 26, "pattern":  3244032, "baseWinCredits":   20                         },
		{"matchIn": 26, "pattern": 25952256, "baseWinCredits":   18                         },
		{"matchIn": 26, "pattern":     1063, "baseWinCredits":   18                         },
		{"matchIn": 26, "pattern":    16924, "baseWinCredits":   17                         },
		{"matchIn": 26, "pattern":  7373824, "baseWinCredits":   16                         },
		{"matchIn": 26, "pattern": 29900800, "baseWinCredits":   16                         },
		{"matchIn": 26, "pattern":  4328448, "baseWinCredits":   16                         },
		{"matchIn": 26, "pattern":  4349952, "baseWinCredits":   16                         },
		{"matchIn": 26, "pattern":     3204, "baseWinCredits":   15                         },
		{"matchIn": 26, "pattern":    24708, "baseWinCredits":   15                         },
		{"matchIn": 26, "pattern":  1115201, "baseWinCredits":   15                         },
		{"matchIn": 26, "pattern": 17056016, "baseWinCredits":   15                         },
		{"matchIn": 26, "pattern":      341, "baseWinCredits":   15                         },
		{"matchIn": 26, "pattern": 22347776, "baseWinCredits":   15                         },
		{"matchIn": 26, "pattern": 17039425, "baseWinCredits":   14                         },
		{"matchIn": 26, "pattern":  1114384, "baseWinCredits":   14                         },
		{"matchIn": 26, "pattern":   141440, "baseWinCredits":   14                         },
		{"matchIn": 26, "pattern":   328000, "baseWinCredits":   14                         },
		{"matchIn": 26, "pattern":  4211716, "baseWinCredits":   14                         },
		{"matchIn": 26, "pattern": 17825809, "baseWinCredits":   13                         },
		{"matchIn": 26, "pattern":   131520, "baseWinCredits":   12                         },
		{"matchIn": 26, "pattern":    10564, "baseWinCredits":   12                         },
		{"matchIn": 26, "pattern":  4532224, "baseWinCredits":   12                         },
		{"matchIn": 27, "pattern":       99, "baseWinCredits":   12                         },
		{"matchIn": 27, "pattern":      792, "baseWinCredits":   12                         },
		{"matchIn": 27, "pattern":  3244032, "baseWinCredits":   11                         },
		{"matchIn": 27, "pattern": 25952256, "baseWinCredits":   11                         },
		{"matchIn": 27, "pattern":     1063, "baseWinCredits":   10                         },
		{"matchIn": 27, "pattern":    16924, "baseWinCredits":   10                         },
		{"matchIn": 27, "pattern":  7373824, "baseWinCredits":   10                         },
		{"matchIn": 27, "pattern": 29900800, "baseWinCredits":   10                         },
		{"matchIn": 27, "pattern":  4328448, "baseWinCredits":   10                         },
		{"matchIn": 27, "pattern":  4349952, "baseWinCredits":   10                         },
		{"matchIn": 27, "pattern":     3204, "baseWinCredits":   10                         },
		{"matchIn": 27, "pattern":    24708, "baseWinCredits":   10                         },
		{"matchIn": 27, "pattern":  1115201, "baseWinCredits":   10                         },
		{"matchIn": 27, "pattern": 17056016, "baseWinCredits":   10                         },
		{"matchIn": 27, "pattern":      341, "baseWinCredits":   10                         },
		{"matchIn": 27, "pattern": 22347776, "baseWinCredits":   10                         },
		{"matchIn": 27, "pattern": 17039425, "baseWinCredits":   10                         },
		{"matchIn": 27, "pattern":  1114384, "baseWinCredits":   10                         },
		{"matchIn": 27, "pattern":   141440, "baseWinCredits":   10                         },
		{"matchIn": 27, "pattern":   328000, "baseWinCredits":   10                         },
		{"matchIn": 27, "pattern":  4211716, "baseWinCredits":   10                         },
		{"matchIn": 27, "pattern": 17825809, "baseWinCredits":   10                         },
		{"matchIn": 27, "pattern":   131520, "baseWinCredits":   10                         },
		{"matchIn": 27, "pattern":    10564, "baseWinCredits":   10                         },
		{"matchIn": 27, "pattern":  4532224, "baseWinCredits":   10                         },
		{"matchIn": 28, "pattern":       99, "baseWinCredits":   10                         },
		{"matchIn": 28, "pattern":      792, "baseWinCredits":   10                         },
		{"matchIn": 28, "pattern":  3244032, "baseWinCredits":   10                         },
		{"matchIn": 28, "pattern": 25952256, "baseWinCredits":   10                         },
		{"matchIn": 28, "pattern":     1063, "baseWinCredits":   10                         },
		{"matchIn": 28, "pattern":    16924, "baseWinCredits":   10                         },
		{"matchIn": 28, "pattern":  7373824, "baseWinCredits":   10                         },
		{"matchIn": 28, "pattern": 29900800, "baseWinCredits":   10                         },
		{"matchIn": 28, "pattern":  4328448, "baseWinCredits":   10                         },
		{"matchIn": 28, "pattern":  4349952, "baseWinCredits":   10                         },
		{"matchIn": 28, "pattern":     3204, "baseWinCredits":   10                         },
		{"matchIn": 28, "pattern":    24708, "baseWinCredits":   10                         },
		{"matchIn": 28, "pattern":  1115201, "baseWinCredits":   10                         },
		{"matchIn": 28, "pattern": 17056016, "baseWinCredits":   10                         },
		{"matchIn": 28, "pattern":      341, "baseWinCredits":   10                         },
		{"matchIn": 28, "pattern": 22347776, "baseWinCredits":   10                         },
		{"matchIn": 28, "pattern": 17039425, "baseWinCredits":   10                         },
		{"matchIn": 28, "pattern":  1114384, "baseWinCredits":   10                         },
		{"matchIn": 28, "pattern":   141440, "baseWinCredits":   10                         },
		{"matchIn": 28, "pattern":   328000, "baseWinCredits":    9                         },
		{"matchIn": 28, "pattern":  4211716, "baseWinCredits":    9                         },
		{"matchIn": 28, "pattern": 17825809, "baseWinCredits":    8                         },
		{"matchIn": 28, "pattern":   131520, "baseWinCredits":    8                         },
		{"matchIn": 28, "pattern":    10564, "baseWinCredits":    8                         },
		{"matchIn": 28, "pattern":  4532224, "baseWinCredits":    8                         },
		{"matchIn": 29, "pattern":       99, "baseWinCredits":    8                         },
		{"matchIn": 29, "pattern":      792, "baseWinCredits":    8                         },
		{"matchIn": 29, "pattern":  3244032, "baseWinCredits":    8                         },
		{"matchIn": 29, "pattern": 25952256, "baseWinCredits":    8                         },
		{"matchIn": 29, "pattern":     1063, "baseWinCredits":    8                         },
		{"matchIn": 29, "pattern":    16924, "baseWinCredits":    8                         },
		{"matchIn": 29, "pattern":  7373824, "baseWinCredits":    8                         },
		{"matchIn": 29, "pattern": 29900800, "baseWinCredits":    8                         },
		{"matchIn": 29, "pattern":  4328448, "baseWinCredits":    8                         },
		{"matchIn": 29, "pattern":  4349952, "baseWinCredits":    8                         },
		{"matchIn": 29, "pattern":     3204, "baseWinCredits":    8                         },
		{"matchIn": 29, "pattern":    24708, "baseWinCredits":    8                         },
		{"matchIn": 29, "pattern":  1115201, "baseWinCredits":    8                         },
		{"matchIn": 29, "pattern": 17056016, "baseWinCredits":    7                         },
		{"matchIn": 29, "pattern":      341, "baseWinCredits":    7                         },
		{"matchIn": 29, "pattern": 22347776, "baseWinCredits":    7                         },
		{"matchIn": 29, "pattern": 17039425, "baseWinCredits":    6                         },
		{"matchIn": 29, "pattern":  1114384, "baseWinCredits":    5                         },
		{"matchIn": 29, "pattern":   141440, "baseWinCredits":    5                         },
		{"matchIn": 29, "pattern":   328000, "baseWinCredits":    5                         },
		{"matchIn": 29, "pattern":  4211716, "baseWinCredits":    5                         },
		{"matchIn": 29, "pattern": 17825809, "baseWinCredits":    5                         },
		{"matchIn": 29, "pattern":   131520, "baseWinCredits":    5                         },
		{"matchIn": 29, "pattern":    10564, "baseWinCredits":    5                         },
		{"matchIn": 29, "pattern":  4532224, "baseWinCredits":    5                         },
		{"matchIn": 30, "pattern":       99, "baseWinCredits":    5                         },
		{"matchIn": 30, "pattern":      792, "baseWinCredits":    5                         },
		{"matchIn": 30, "pattern":  3244032, "baseWinCredits":    5                         },
		{"matchIn": 30, "pattern": 25952256, "baseWinCredits":    5                         },
		{"matchIn": 30, "pattern":     1063, "baseWinCredits":    5                         },
		{"matchIn": 30, "pattern":    16924, "baseWinCredits":    5                         },
		{"matchIn": 30, "pattern":  7373824, "baseWinCredits":    5                         },
		{"matchIn": 30, "pattern": 29900800, "baseWinCredits":    5                         },
		{"matchIn": 30, "pattern":  4328448, "baseWinCredits":    5                         },
		{"matchIn": 30, "pattern":  4349952, "baseWinCredits":    5                         },
		{"matchIn": 30, "pattern":     3204, "baseWinCredits":    5                         },
		{"matchIn": 30, "pattern":    24708, "baseWinCredits":    5                         },
		{"matchIn": 30, "pattern":  1115201, "baseWinCredits":    5                         },
		{"matchIn": 30, "pattern": 17056016, "baseWinCredits":    5                         },
		{"matchIn": 30, "pattern":      341, "baseWinCredits":    5                         },
		{"matchIn": 30, "pattern": 22347776, "baseWinCredits":    5                         },
		{"matchIn": 30, "pattern": 17039425, "baseWinCredits":    5                         },
		{"matchIn": 30, "pattern":  1114384, "baseWinCredits":    5                         },
		{"matchIn": 30, "pattern":   141440, "baseWinCredits":    5                         },
		{"matchIn": 30, "pattern":   328000, "baseWinCredits":    5                         },
		{"matchIn": 30, "pattern":  4211716, "baseWinCredits":    5                         },
		{"matchIn": 30, "pattern": 17825809, "baseWinCredits":    5                         },
		{"matchIn": 30, "pattern":   131520, "baseWinCredits":    5                         },
		{"matchIn": 30, "pattern":    10564, "baseWinCredits":    5                         },
		{"matchIn": 30, "pattern":  4532224, "baseWinCredits":    5                         },
		{"matchIn": 31, "pattern":       99, "baseWinCredits":    5                         },
		{"matchIn": 31, "pattern":      792, "baseWinCredits":    5                         },
		{"matchIn": 31, "pattern":  3244032, "baseWinCredits":    5                         },
		{"matchIn": 31, "pattern": 25952256, "baseWinCredits":    5                         },
		{"matchIn": 31, "pattern":     1063, "baseWinCredits":    5                         },
		{"matchIn": 31, "pattern":    16924, "baseWinCredits":    5                         },
		{"matchIn": 31, "pattern":  7373824, "baseWinCredits":    5                         },
		{"matchIn": 31, "pattern": 29900800, "baseWinCredits":    5                         },
		{"matchIn": 31, "pattern":  4328448, "baseWinCredits":    5                         },
		{"matchIn": 31, "pattern":  4349952, "baseWinCredits":    5                         },
		{"matchIn": 31, "pattern":     3204, "baseWinCredits":    5                         },
		{"matchIn": 31, "pattern":    24708, "baseWinCredits":    5                         },
		{"matchIn": 31, "pattern":  1115201, "baseWinCredits":    5                         },
		{"matchIn": 31, "pattern": 17056016, "baseWinCredits":    5                         },
		{"matchIn": 31, "pattern":      341, "baseWinCredits":    5                         },
		{"matchIn": 31, "pattern": 22347776, "baseWinCredits":    5                         },
		{"matchIn": 31, "pattern": 17039425, "baseWinCredits":    4                         },
		{"matchIn": 31, "pattern":  1114384, "baseWinCredits":    4                         },
		{"matchIn": 31, "pattern":   141440, "baseWinCredits":    4                         },
		{"matchIn": 31, "pattern":   328000, "baseWinCredits":    4                         },
		{"matchIn": 31, "pattern":  4211716, "baseWinCredits":    4                         },
		{"matchIn": 31, "pattern": 17825809, "baseWinCredits":    4                         },
		{"matchIn": 31, "pattern":   131520, "baseWinCredits":    4                         },
		{"matchIn": 31, "pattern":    10564, "baseWinCredits":    4                         },
		{"matchIn": 31, "pattern":  4532224, "baseWinCredits":    4                         },
		{"matchIn": 32, "pattern":       99, "baseWinCredits":    4                         },
		{"matchIn": 32, "pattern":      792, "baseWinCredits":    4                         },
		{"matchIn": 32, "pattern":  3244032, "baseWinCredits":    4                         },
		{"matchIn": 32, "pattern": 25952256, "baseWinCredits":    4                         },
		{"matchIn": 32, "pattern":     1063, "baseWinCredits":    4                         },
		{"matchIn": 32, "pattern":    16924, "baseWinCredits":    4                         },
		{"matchIn": 32, "pattern":  7373824, "baseWinCredits":    4                         },
		{"matchIn": 32, "pattern": 29900800, "baseWinCredits":    4                         },
		{"matchIn": 32, "pattern":  4328448, "baseWinCredits":    4                         },
		{"matchIn": 32, "pattern":  4349952, "baseWinCredits":    4                         }
	]
}
