{
	"configuration": {
		"tableType": "Bingo",
		"formatVersion": "1.2",
		"name": "1024WaysDX",
		"tableName": "main",
		"lines": 0,
		"percentage": 95,
		"baseBet": 50,
		"betLevelGroups": {
			"1": [2]
		},
		"entries": 852,
		"version": 5
	},
	"entries": [
		{"matchIn":  4, "pattern":       99, "baseWinCredits": 5400                                           },
		{"matchIn":  4, "pattern":      792, "baseWinCredits": 5400                                           },
		{"matchIn":  4, "pattern":  3244032, "baseWinCredits": 5400                                           },
		{"matchIn":  4, "pattern": 25952256, "baseWinCredits": 5400                                           },
		{"matchIn":  4, "pattern":  4328448, "baseWinCredits": 5400                                           },
		{"matchIn":  4, "pattern":  4349952, "baseWinCredits": 5400                                           },
		{"matchIn":  4, "pattern":     3204, "baseWinCredits": 5400                                           },
		{"matchIn":  4, "pattern":    24708, "baseWinCredits": 5400                                           },
		{"matchIn":  4, "pattern": 17039425, "baseWinCredits": 5400                                           },
		{"matchIn":  4, "pattern":  1114384, "baseWinCredits": 5400                                           },
		{"matchIn":  4, "pattern":   141440, "baseWinCredits": 5400                                           },
		{"matchIn":  4, "pattern":   328000, "baseWinCredits": 5400                                           },
		{"matchIn":  4, "pattern":  4211716, "baseWinCredits": 4800                                           },
		{"matchIn":  4, "pattern": 17825809, "baseWinCredits": 4800                                           },
		{"matchIn":  4, "pattern":   131520, "baseWinCredits": 4800                                           },
		{"matchIn":  5, "pattern":       99, "baseWinCredits": 4800                                           },
		{"matchIn":  5, "pattern":      792, "baseWinCredits": 4800                                           },
		{"matchIn":  5, "pattern":  3244032, "baseWinCredits": 4800                                           },
		{"matchIn":  5, "pattern": 25952256, "baseWinCredits": 4800                                           },
		{"matchIn":  5, "pattern":     1063, "baseWinCredits": 3600                                           },
		{"matchIn":  5, "pattern":    16924, "baseWinCredits": 3600                                           },
		{"matchIn":  5, "pattern":  7373824, "baseWinCredits": 3600                                           },
		{"matchIn":  5, "pattern": 29900800, "baseWinCredits": 3600                                           },
		{"matchIn":  5, "pattern":  4328448, "baseWinCredits": 3600                                           },
		{"matchIn":  5, "pattern":  4349952, "baseWinCredits": 3600                                           },
		{"matchIn":  5, "pattern":     3204, "baseWinCredits": 3600                                           },
		{"matchIn":  5, "pattern":    24708, "baseWinCredits": 3600                                           },
		{"matchIn":  5, "pattern":  1115201, "baseWinCredits": 3600                                           },
		{"matchIn":  5, "pattern": 17056016, "baseWinCredits": 3600                                           },
		{"matchIn":  5, "pattern":      341, "baseWinCredits": 3600                                           },
		{"matchIn":  5, "pattern": 22347776, "baseWinCredits": 3600                                           },
		{"matchIn":  5, "pattern": 17039425, "baseWinCredits": 3600                                           },
		{"matchIn":  5, "pattern":  1114384, "baseWinCredits": 3600                                           },
		{"matchIn":  5, "pattern":   141440, "baseWinCredits": 3600                                           },
		{"matchIn":  5, "pattern":   328000, "baseWinCredits": 3600                                           },
		{"matchIn":  5, "pattern":  4211716, "baseWinCredits": 3600                                           },
		{"matchIn":  5, "pattern": 17825809, "baseWinCredits": 3600                                           },
		{"matchIn":  5, "pattern":   131520, "baseWinCredits": 3600                                           },
		{"matchIn":  5, "pattern":    10564, "baseWinCredits": 3600                                           },
		{"matchIn":  5, "pattern":  4532224, "baseWinCredits": 3600                                           },
		{"matchIn":  6, "pattern":       99, "baseWinCredits": 3600                                           },
		{"matchIn":  6, "pattern":      792, "baseWinCredits": 3600                                           },
		{"matchIn":  6, "pattern":  3244032, "baseWinCredits": 3600                                           },
		{"matchIn":  6, "pattern": 25952256, "baseWinCredits": 3600                                           },
		{"matchIn":  6, "pattern":     1063, "baseWinCredits": 3600                                           },
		{"matchIn":  6, "pattern":    16924, "baseWinCredits": 2400                                           },
		{"matchIn":  6, "pattern":  7373824, "baseWinCredits": 2400                                           },
		{"matchIn":  6, "pattern": 29900800, "baseWinCredits": 2400                                           },
		{"matchIn":  6, "pattern":  4328448, "baseWinCredits": 2400                                           },
		{"matchIn":  6, "pattern":  4349952, "baseWinCredits": 2400                                           },
		{"matchIn":  6, "pattern":     3204, "baseWinCredits": 2400                                           },
		{"matchIn":  6, "pattern":    24708, "baseWinCredits": 2400                                           },
		{"matchIn":  6, "pattern":  1115201, "baseWinCredits": 2400                                           },
		{"matchIn":  6, "pattern": 17056016, "baseWinCredits": 2400                                           },
		{"matchIn":  6, "pattern":      341, "baseWinCredits": 2400                                           },
		{"matchIn":  6, "pattern": 22347776, "baseWinCredits": 2400                                           },
		{"matchIn":  6, "pattern": 17039425, "baseWinCredits": 2400                                           },
		{"matchIn":  6, "pattern":  1114384, "baseWinCredits": 2400                                           },
		{"matchIn":  6, "pattern":   141440, "baseWinCredits": 1900                                           },
		{"matchIn":  6, "pattern":   328000, "baseWinCredits": 1850                                           },
		{"matchIn":  6, "pattern":  4211716, "baseWinCredits": 1850                                           },
		{"matchIn":  6, "pattern": 17825809, "baseWinCredits": 1800                                           },
		{"matchIn":  6, "pattern":   131520, "baseWinCredits": 1800                                           },
		{"matchIn":  6, "pattern":    10564, "baseWinCredits": 1800                                           },
		{"matchIn":  6, "pattern":  4532224, "baseWinCredits": 1800                                           },
		{"matchIn":  7, "pattern":       99, "baseWinCredits": 1800                                           },
		{"matchIn":  7, "pattern":      792, "baseWinCredits": 1800                                           },
		{"matchIn":  7, "pattern":  3244032, "baseWinCredits": 1800                                           },
		{"matchIn":  7, "pattern": 25952256, "baseWinCredits": 1800                                           },
		{"matchIn":  7, "pattern":     1063, "baseWinCredits": 1600                                           },
		{"matchIn":  7, "pattern":    16924, "baseWinCredits": 1600                                           },
		{"matchIn":  7, "pattern":  7373824, "baseWinCredits": 1600                                           },
		{"matchIn":  7, "pattern": 29900800, "baseWinCredits": 1600                                           },
		{"matchIn":  7, "pattern":  4328448, "baseWinCredits": 1600                                           },
		{"matchIn":  7, "pattern":  4349952, "baseWinCredits": 1600                                           },
		{"matchIn":  7, "pattern":     3204, "baseWinCredits": 1600                                           },
		{"matchIn":  7, "pattern":    24708, "baseWinCredits": 1600                                           },
		{"matchIn":  7, "pattern":  1115201, "baseWinCredits": 1600                                           },
		{"matchIn":  7, "pattern": 17056016, "baseWinCredits": 1200                                           },
		{"matchIn":  7, "pattern":      341, "baseWinCredits": 1200                                           },
		{"matchIn":  7, "pattern": 22347776, "baseWinCredits": 1200                                           },
		{"matchIn":  7, "pattern": 17039425, "baseWinCredits": 1200                                           },
		{"matchIn":  7, "pattern":  1114384, "baseWinCredits": 1200                                           },
		{"matchIn":  7, "pattern":   141440, "baseWinCredits": 1200                                           },
		{"matchIn":  7, "pattern":   328000, "baseWinCredits": 1200                                           },
		{"matchIn":  7, "pattern":  4211716, "baseWinCredits": 1200                                           },
		{"matchIn":  7, "pattern": 17825809, "baseWinCredits": 1200                                           },
		{"matchIn":  7, "pattern":   131520, "baseWinCredits": 1200                                           },
		{"matchIn":  7, "pattern":    10564, "baseWinCredits": 1200                                           },
		{"matchIn":  7, "pattern":  4532224, "baseWinCredits": 1200                                           },
		{"matchIn":  8, "pattern":       99, "baseWinCredits": 1200                                           },
		{"matchIn":  8, "pattern":      792, "baseWinCredits": 1200                                           },
		{"matchIn":  8, "pattern":  3244032, "baseWinCredits": 1100                                           },
		{"matchIn":  8, "pattern": 25952256, "baseWinCredits": 1100                                           },
		{"matchIn":  8, "pattern":     1063, "baseWinCredits": 1100                                           },
		{"matchIn":  8, "pattern":    16924, "baseWinCredits": 1020                                           },
		{"matchIn":  8, "pattern":  7373824, "baseWinCredits": 1020                                           },
		{"matchIn":  8, "pattern": 29900800, "baseWinCredits": 1020                                           },
		{"matchIn":  8, "pattern":  4328448, "baseWinCredits": 1020                                           },
		{"matchIn":  8, "pattern":  4349952, "baseWinCredits": 1000                                           },
		{"matchIn":  8, "pattern":     3204, "baseWinCredits": 1000                                           },
		{"matchIn":  8, "pattern":    24708, "baseWinCredits": 1000                                           },
		{"matchIn":  8, "pattern":  1115201, "baseWinCredits": 1000                                           },
		{"matchIn":  8, "pattern": 17056016, "baseWinCredits":  920                                           },
		{"matchIn":  8, "pattern":      341, "baseWinCredits":  920                                           },
		{"matchIn":  8, "pattern": 22347776, "baseWinCredits":  920                                           },
		{"matchIn":  8, "pattern": 17039425, "baseWinCredits":  920                                           },
		{"matchIn":  8, "pattern":  1114384, "baseWinCredits":  900                                           },
		{"matchIn":  8, "pattern":   141440, "baseWinCredits":  900                                           },
		{"matchIn":  8, "pattern":   328000, "baseWinCredits":  900                                           },
		{"matchIn":  8, "pattern":  4211716, "baseWinCredits":  900                                           },
		{"matchIn":  8, "pattern": 17825809, "baseWinCredits":  860                                           },
		{"matchIn":  8, "pattern":   131520, "baseWinCredits":  860                                           },
		{"matchIn":  8, "pattern":    10564, "baseWinCredits":  860                                           },
		{"matchIn":  8, "pattern":  4532224, "baseWinCredits":  860                                           },
		{"matchIn":  9, "pattern":       99, "baseWinCredits":  200, "bonusData": "1"                         },
		{"matchIn":  9, "pattern":      792, "baseWinCredits":  200, "bonusData": "1"                         },
		{"matchIn":  9, "pattern":  3244032, "baseWinCredits":  200, "bonusData": "1"                         },
		{"matchIn":  9, "pattern": 25952256, "baseWinCredits":  200, "bonusData": "1"                         },
		{"matchIn":  9, "pattern":     1063, "baseWinCredits":  200, "bonusData": "1"                         },
		{"matchIn":  9, "pattern":    16924, "baseWinCredits":  200, "bonusData": "1"                         },
		{"matchIn":  9, "pattern":  7373824, "baseWinCredits":  200, "bonusData": "1"                         },
		{"matchIn":  9, "pattern": 29900800, "baseWinCredits":  200, "bonusData": "1"                         },
		{"matchIn":  9, "pattern":  4328448, "baseWinCredits":  200, "bonusData": "1"                         },
		{"matchIn":  9, "pattern":  4349952, "baseWinCredits":  200, "bonusData": "1"                         },
		{"matchIn":  9, "pattern":     3204, "baseWinCredits":  200, "bonusData": "1"                         },
		{"matchIn":  9, "pattern":    24708, "baseWinCredits":  200, "bonusData": "1"                         },
		{"matchIn":  9, "pattern":  1115201, "baseWinCredits":  200, "bonusData": "1"                         },
		{"matchIn":  9, "pattern": 17056016, "baseWinCredits":  200, "bonusData": "1"                         },
		{"matchIn":  9, "pattern":      341, "baseWinCredits":  200, "bonusData": "1"                         },
		{"matchIn":  9, "pattern": 22347776, "baseWinCredits":  200, "bonusData": "1"                         },
		{"matchIn":  9, "pattern": 17039425, "baseWinCredits":  200, "bonusData": "1"                         },
		{"matchIn":  9, "pattern":  1114384, "baseWinCredits":  200, "bonusData": "1"                         },
		{"matchIn":  9, "pattern":   141440, "baseWinCredits":  200, "bonusData": "1"                         },
		{"matchIn":  9, "pattern":   328000, "baseWinCredits":  200, "bonusData": "1"                         },
		{"matchIn":  9, "pattern":  4211716, "baseWinCredits":  200, "bonusData": "1"                         },
		{"matchIn":  9, "pattern": 17825809, "baseWinCredits":  200, "bonusData": "1"                         },
		{"matchIn":  9, "pattern":   131520, "baseWinCredits":  200, "bonusData": "1"                         },
		{"matchIn":  9, "pattern":    10564, "baseWinCredits":  200, "bonusData": "1"                         },
		{"matchIn":  9, "pattern":  4532224, "baseWinCredits":  100, "bonusData": "1"                         },
		{"matchIn": 10, "pattern":       99, "baseWinCredits":  100, "bonusData": "1"                         },
		{"matchIn": 10, "pattern":      792, "baseWinCredits":  100, "bonusData": "1"                         },
		{"matchIn": 10, "pattern":  3244032, "baseWinCredits":  100, "bonusData": "1"                         },
		{"matchIn": 10, "pattern": 25952256, "baseWinCredits":  100, "bonusData": "1"                         },
		{"matchIn": 10, "pattern":     1063, "baseWinCredits":  100, "bonusData": "1"                         },
		{"matchIn": 10, "pattern":    16924, "baseWinCredits":  100, "bonusData": "1"                         },
		{"matchIn": 10, "pattern":  7373824, "baseWinCredits":  100, "bonusData": "1"                         },
		{"matchIn": 10, "pattern": 29900800, "baseWinCredits":  100, "bonusData": "1"                         },
		{"matchIn": 10, "pattern":  4328448, "baseWinCredits":  100, "bonusData": "1"                         },
		{"matchIn": 10, "pattern":  4349952, "baseWinCredits":  100, "bonusData": "1"                         },
		{"matchIn": 10, "pattern":     3204, "baseWinCredits":  100, "bonusData": "1"                         },
		{"matchIn": 10, "pattern":    24708, "baseWinCredits":  100, "bonusData": "1"                         },
		{"matchIn": 10, "pattern":  1115201, "baseWinCredits":  100, "bonusData": "1"                         },
		{"matchIn": 10, "pattern": 17056016, "baseWinCredits":  100, "bonusData": "1"                         },
		{"matchIn": 10, "pattern":      341, "baseWinCredits":  100, "bonusData": "1"                         },
		{"matchIn": 10, "pattern": 22347776, "baseWinCredits":  100, "bonusData": "1"                         },
		{"matchIn": 10, "pattern": 17039425, "baseWinCredits":  100, "bonusData": "1"                         },
		{"matchIn": 10, "pattern":  1114384, "baseWinCredits":  100, "bonusData": "1"                         },
		{"matchIn": 10, "pattern":   141440, "baseWinCredits":  100, "bonusData": "1"                         },
		{"matchIn": 10, "pattern":   328000, "baseWinCredits":  100, "bonusData": "1"                         },
		{"matchIn": 10, "pattern":  4211716, "baseWinCredits":  100, "bonusData": "1"                         },
		{"matchIn": 10, "pattern": 17825809, "baseWinCredits":  100, "bonusData": "1"                         },
		{"matchIn": 10, "pattern":   131520, "baseWinCredits":  100, "bonusData": "1"                         },
		{"matchIn": 10, "pattern":    10564, "baseWinCredits":  100, "bonusData": "1"                         },
		{"matchIn": 10, "pattern":  4532224, "baseWinCredits":  100, "bonusData": "1"                         },
		{"matchIn": 11, "pattern":       99, "baseWinCredits":  100, "bonusData": "1"                         },
		{"matchIn": 11, "pattern":      792, "baseWinCredits":  100, "bonusData": "1"                         },
		{"matchIn": 11, "pattern":  3244032, "baseWinCredits":  100, "bonusData": "1"                         },
		{"matchIn": 11, "pattern": 25952256, "baseWinCredits":  100, "bonusData": "1"                         },
		{"matchIn": 11, "pattern":     1063, "baseWinCredits":   80, "bonusData": "1"                         },
		{"matchIn": 11, "pattern":    16924, "baseWinCredits":   80, "bonusData": "1"                         },
		{"matchIn": 11, "pattern":  7373824, "baseWinCredits":   80, "bonusData": "1"                         },
		{"matchIn": 11, "pattern": 29900800, "baseWinCredits":   80, "bonusData": "1"                         },
		{"matchIn": 11, "pattern":  4328448, "baseWinCredits":   80, "bonusData": "1"                         },
		{"matchIn": 11, "pattern":  4349952, "baseWinCredits":   80, "bonusData": "1"                         },
		{"matchIn": 11, "pattern":     3204, "baseWinCredits":   80, "bonusData": "1"                         },
		{"matchIn": 11, "pattern":    24708, "baseWinCredits":   40, "bonusData": "1"                         },
		{"matchIn": 11, "pattern":  1115201, "baseWinCredits":   40, "bonusData": "1"                         },
		{"matchIn": 11, "pattern": 17056016, "baseWinCredits":   40, "bonusData": "1"                         },
		{"matchIn": 11, "pattern":      341, "baseWinCredits":   40, "bonusData": "1"                         },
		{"matchIn": 11, "pattern": 22347776, "baseWinCredits":   40, "bonusData": "1"                         },
		{"matchIn": 11, "pattern": 17039425, "baseWinCredits":   40, "bonusData": "1"                         },
		{"matchIn": 11, "pattern":  1114384, "baseWinCredits":   40, "bonusData": "1"                         },
		{"matchIn": 11, "pattern":   141440, "baseWinCredits":   40, "bonusData": "1"                         },
		{"matchIn": 11, "pattern":   328000, "baseWinCredits":   40, "bonusData": "1"                         },
		{"matchIn": 11, "pattern":  4211716, "baseWinCredits":    0, "bonusData": "1"                         },
		{"matchIn": 11, "pattern": 17825809, "baseWinCredits":    0, "bonusData": "1"                         },
		{"matchIn": 11, "pattern":   131520, "baseWinCredits":    0, "bonusData": "1"                         },
		{"matchIn": 11, "pattern":    10564, "baseWinCredits":    0, "bonusData": "1"                         },
		{"matchIn": 11, "pattern":  4532224, "baseWinCredits":    0, "bonusData": "1"                         },
		{"matchIn": 12, "pattern":       99, "baseWinCredits":    0, "bonusData": "1"                         },
		{"matchIn": 12, "pattern":      792, "baseWinCredits":    0, "bonusData": "1"                         },
		{"matchIn": 12, "pattern":  3244032, "baseWinCredits":    0, "bonusData": "1"                         },
		{"matchIn": 12, "pattern": 25952256, "baseWinCredits":    0, "bonusData": "1"                         },
		{"matchIn": 12, "pattern":     1063, "baseWinCredits":    0, "bonusData": "1"                         },
		{"matchIn": 12, "pattern":    16924, "baseWinCredits":    0, "bonusData": "1"                         },
		{"matchIn": 12, "pattern":  7373824, "baseWinCredits":    0, "bonusData": "1"                         },
		{"matchIn": 12, "pattern": 29900800, "baseWinCredits":    0, "bonusData": "1"                         },
		{"matchIn": 12, "pattern":  4328448, "baseWinCredits":    0, "bonusData": "1"                         },
		{"matchIn": 12, "pattern":  4349952, "baseWinCredits":    0, "bonusData": "1"                         },
		{"matchIn": 12, "pattern":     3204, "baseWinCredits":    0, "bonusData": "1"                         },
		{"matchIn": 12, "pattern":    24708, "baseWinCredits":    0, "bonusData": "1"                         },
		{"matchIn": 12, "pattern":  1115201, "baseWinCredits":    0, "bonusData": "1"                         },
		{"matchIn": 12, "pattern": 17056016, "baseWinCredits":    0, "bonusData": "1"                         },
		{"matchIn": 12, "pattern":      341, "baseWinCredits":    0, "bonusData": "1"                         },
		{"matchIn": 12, "pattern": 22347776, "baseWinCredits":    0, "bonusData": "1"                         },
		{"matchIn": 12, "pattern": 17039425, "baseWinCredits":    0, "bonusData": "1"                         },
		{"matchIn": 12, "pattern":  1114384, "baseWinCredits":    0, "bonusData": "1"                         },
		{"matchIn": 12, "pattern":   141440, "baseWinCredits":    0, "bonusData": "1"                         },
		{"matchIn": 12, "pattern":   328000, "baseWinCredits":    0, "bonusData": "1"                         },
		{"matchIn": 12, "pattern":  4211716, "baseWinCredits":    0, "bonusData": "1"                         },
		{"matchIn": 12, "pattern": 17825809, "baseWinCredits":    0, "bonusData": "1"                         },
		{"matchIn": 12, "pattern":   131520, "baseWinCredits":    0, "bonusData": "1"                         },
		{"matchIn": 12, "pattern":    10564, "baseWinCredits":    0, "bonusData": "1"                         },
		{"matchIn": 12, "pattern":  4532224, "baseWinCredits":    0, "bonusData": "1"                         },
		{"matchIn": 13, "pattern":       99, "baseWinCredits":    0, "bonusData": "1"                         },
		{"matchIn": 13, "pattern":      792, "baseWinCredits":    0, "bonusData": "1"                         },
		{"matchIn": 13, "pattern":  3244032, "baseWinCredits":    0, "bonusData": "1"                         },
		{"matchIn": 13, "pattern": 25952256, "baseWinCredits":    0, "bonusData": "1"                         },
		{"matchIn": 13, "pattern":     1063, "baseWinCredits":    0, "bonusData": "1"                         },
		{"matchIn": 13, "pattern":    16924, "baseWinCredits":    0, "bonusData": "1"                         },
		{"matchIn": 13, "pattern":  7373824, "baseWinCredits":    0, "bonusData": "1"                         },
		{"matchIn": 13, "pattern": 29900800, "baseWinCredits":    0, "bonusData": "1"                         },
		{"matchIn": 13, "pattern":  4328448, "baseWinCredits":    0, "bonusData": "1"                         },
		{"matchIn": 13, "pattern":  4349952, "baseWinCredits":    0, "bonusData": "1"                         },
		{"matchIn": 13, "pattern":     3204, "baseWinCredits":    0, "bonusData": "1"                         },
		{"matchIn": 13, "pattern":    24708, "baseWinCredits":    0, "bonusData": "1"                         },
		{"matchIn": 13, "pattern":  1115201, "baseWinCredits":    0, "bonusData": "1"                         },
		{"matchIn": 13, "pattern": 17056016, "baseWinCredits":    0, "bonusData": "1"                         },
		{"matchIn": 13, "pattern":      341, "baseWinCredits":    0, "bonusData": "1"                         },
		{"matchIn": 13, "pattern": 22347776, "baseWinCredits":    0, "bonusData": "1"                         },
		{"matchIn": 13, "pattern": 17039425, "baseWinCredits":    0, "bonusData": "1"                         },
		{"matchIn": 13, "pattern":  1114384, "baseWinCredits":    0, "bonusData": "1"                         },
		{"matchIn": 13, "pattern":   141440, "baseWinCredits":    0, "bonusData": "1"                         },
		{"matchIn": 13, "pattern":   328000, "baseWinCredits":  120,                   "bonusGamesAwarded": 20},
		{"matchIn": 13, "pattern":  4211716, "baseWinCredits":  120,                   "bonusGamesAwarded": 20},
		{"matchIn": 13, "pattern": 17825809, "baseWinCredits":  120,                   "bonusGamesAwarded": 20},
		{"matchIn": 13, "pattern":   131520, "baseWinCredits":  120,                   "bonusGamesAwarded": 20},
		{"matchIn": 13, "pattern":    10564, "baseWinCredits":  120,                   "bonusGamesAwarded": 20},
		{"matchIn": 13, "pattern":  4532224, "baseWinCredits":  120,                   "bonusGamesAwarded": 15},
		{"matchIn": 14, "pattern":       99, "baseWinCredits":  120,                   "bonusGamesAwarded": 15},
		{"matchIn": 14, "pattern":      792, "baseWinCredits":  120,                   "bonusGamesAwarded": 15},
		{"matchIn": 14, "pattern":  3244032, "baseWinCredits":   60,                   "bonusGamesAwarded": 20},
		{"matchIn": 14, "pattern": 25952256, "baseWinCredits":   60,                   "bonusGamesAwarded": 20},
		{"matchIn": 14, "pattern":     1063, "baseWinCredits":   60,                   "bonusGamesAwarded": 15},
		{"matchIn": 14, "pattern":    16924, "baseWinCredits":   60,                   "bonusGamesAwarded": 15},
		{"matchIn": 14, "pattern":  7373824, "baseWinCredits":   60,                   "bonusGamesAwarded": 15},
		{"matchIn": 14, "pattern": 29900800, "baseWinCredits":   60,                   "bonusGamesAwarded": 15},
		{"matchIn": 14, "pattern":  4328448, "baseWinCredits":   60,                   "bonusGamesAwarded": 15},
		{"matchIn": 14, "pattern":  4349952, "baseWinCredits":   60,                   "bonusGamesAwarded": 15},
		{"matchIn": 14, "pattern":     3204, "baseWinCredits":   60,                   "bonusGamesAwarded": 15},
		{"matchIn": 14, "pattern":    24708, "baseWinCredits":   60,                   "bonusGamesAwarded": 15},
		{"matchIn": 14, "pattern":  1115201, "baseWinCredits":   60,                   "bonusGamesAwarded": 15},
		{"matchIn": 14, "pattern": 17056016, "baseWinCredits":   60,                   "bonusGamesAwarded": 15},
		{"matchIn": 14, "pattern":      341, "baseWinCredits":   50,                   "bonusGamesAwarded": 20},
		{"matchIn": 14, "pattern": 22347776, "baseWinCredits":   50,                   "bonusGamesAwarded": 20},
		{"matchIn": 14, "pattern": 17039425, "baseWinCredits":   50,                   "bonusGamesAwarded": 15},
		{"matchIn": 14, "pattern":  1114384, "baseWinCredits":   50,                   "bonusGamesAwarded": 15},
		{"matchIn": 14, "pattern":   141440, "baseWinCredits":   50,                   "bonusGamesAwarded": 15},
		{"matchIn": 14, "pattern":   328000, "baseWinCredits":   50,                   "bonusGamesAwarded": 15},
		{"matchIn": 14, "pattern":  4211716, "baseWinCredits":   30,                   "bonusGamesAwarded": 20},
		{"matchIn": 14, "pattern": 17825809, "baseWinCredits":   30,                   "bonusGamesAwarded": 15},
		{"matchIn": 14, "pattern":   131520, "baseWinCredits":   20,                   "bonusGamesAwarded": 20},
		{"matchIn": 14, "pattern":    10564, "baseWinCredits":   20,                   "bonusGamesAwarded": 20},
		{"matchIn": 14, "pattern":  4532224, "baseWinCredits":   20,                   "bonusGamesAwarded": 20},
		{"matchIn": 15, "pattern":       99, "baseWinCredits":   20,                   "bonusGamesAwarded": 20},
		{"matchIn": 15, "pattern":      792, "baseWinCredits":   20,                   "bonusGamesAwarded": 20},
		{"matchIn": 15, "pattern":  3244032, "baseWinCredits":   20,                   "bonusGamesAwarded": 20},
		{"matchIn": 15, "pattern": 25952256, "baseWinCredits":   20,                   "bonusGamesAwarded": 15},
		{"matchIn": 15, "pattern":     1063, "baseWinCredits":   20,                   "bonusGamesAwarded": 15},
		{"matchIn": 15, "pattern":    16924, "baseWinCredits":   20,                   "bonusGamesAwarded": 15},
		{"matchIn": 15, "pattern":  7373824, "baseWinCredits":   10,                   "bonusGamesAwarded": 15},
		{"matchIn": 15, "pattern": 29900800, "baseWinCredits":   10,                   "bonusGamesAwarded": 15},
		{"matchIn": 15, "pattern":  4328448, "baseWinCredits":   10,                   "bonusGamesAwarded": 15},
		{"matchIn": 15, "pattern":  4349952, "baseWinCredits":   10,                   "bonusGamesAwarded": 15},
		{"matchIn": 15, "pattern":     3204, "baseWinCredits":   10,                   "bonusGamesAwarded": 15},
		{"matchIn": 15, "pattern":    24708, "baseWinCredits":   10,                   "bonusGamesAwarded": 15},
		{"matchIn": 15, "pattern":  1115201, "baseWinCredits":   10,                   "bonusGamesAwarded": 15},
		{"matchIn": 15, "pattern": 17056016, "baseWinCredits":   10,                   "bonusGamesAwarded": 15},
		{"matchIn": 15, "pattern":      341, "baseWinCredits":   10,                   "bonusGamesAwarded": 15},
		{"matchIn": 15, "pattern": 22347776, "baseWinCredits":   10,                   "bonusGamesAwarded": 15},
		{"matchIn": 15, "pattern": 17039425, "baseWinCredits":   10,                   "bonusGamesAwarded": 15},
		{"matchIn": 15, "pattern":  1114384, "baseWinCredits":    7,                   "bonusGamesAwarded":  8},
		{"matchIn": 15, "pattern":   141440, "baseWinCredits":    7,                   "bonusGamesAwarded":  8},
		{"matchIn": 15, "pattern":   328000, "baseWinCredits":    7,                   "bonusGamesAwarded":  8},
		{"matchIn": 15, "pattern":  4211716, "baseWinCredits":    7,                   "bonusGamesAwarded":  8},
		{"matchIn": 15, "pattern": 17825809, "baseWinCredits":    7,                   "bonusGamesAwarded":  8},
		{"matchIn": 15, "pattern":   131520, "baseWinCredits":    7,                   "bonusGamesAwarded":  8},
		{"matchIn": 15, "pattern":    10564, "baseWinCredits":    7,                   "bonusGamesAwarded":  8},
		{"matchIn": 15, "pattern":  4532224, "baseWinCredits":    7,                   "bonusGamesAwarded":  8},
		{"matchIn": 16, "pattern":       99, "baseWinCredits":    7,                   "bonusGamesAwarded":  8},
		{"matchIn": 16, "pattern":      792, "baseWinCredits":    7,                   "bonusGamesAwarded":  8},
		{"matchIn": 16, "pattern":  3244032, "baseWinCredits":    7,                   "bonusGamesAwarded":  8},
		{"matchIn": 16, "pattern": 25952256, "baseWinCredits":    7,                   "bonusGamesAwarded":  8},
		{"matchIn": 16, "pattern":     1063, "baseWinCredits":    7,                   "bonusGamesAwarded":  8},
		{"matchIn": 16, "pattern":    16924, "baseWinCredits":    7,                   "bonusGamesAwarded":  8},
		{"matchIn": 16, "pattern":  7373824, "baseWinCredits":    7,                   "bonusGamesAwarded":  8},
		{"matchIn": 16, "pattern": 29900800, "baseWinCredits":    7,                   "bonusGamesAwarded":  8},
		{"matchIn": 16, "pattern":  4328448, "baseWinCredits":    7,                   "bonusGamesAwarded":  8},
		{"matchIn": 16, "pattern":  4349952, "baseWinCredits":    7,                   "bonusGamesAwarded":  8},
		{"matchIn": 16, "pattern":     3204, "baseWinCredits":    7,                   "bonusGamesAwarded":  8},
		{"matchIn": 16, "pattern":    24708, "baseWinCredits":    7,                   "bonusGamesAwarded":  8},
		{"matchIn": 16, "pattern":  1115201, "baseWinCredits":    7,                   "bonusGamesAwarded":  8},
		{"matchIn": 16, "pattern": 17056016, "baseWinCredits":    7,                   "bonusGamesAwarded":  8},
		{"matchIn": 16, "pattern":      341, "baseWinCredits":    7,                   "bonusGamesAwarded":  8},
		{"matchIn": 16, "pattern": 22347776, "baseWinCredits":    7,                   "bonusGamesAwarded":  8},
		{"matchIn": 16, "pattern": 17039425, "baseWinCredits":    7,                   "bonusGamesAwarded":  8},
		{"matchIn": 16, "pattern":  1114384, "baseWinCredits":    7,                   "bonusGamesAwarded":  8},
		{"matchIn": 16, "pattern":   141440, "baseWinCredits":    7,                   "bonusGamesAwarded":  8},
		{"matchIn": 16, "pattern":   328000, "baseWinCredits":    7,                   "bonusGamesAwarded":  8},
		{"matchIn": 16, "pattern":  4211716, "baseWinCredits":    7,                   "bonusGamesAwarded":  8},
		{"matchIn": 16, "pattern": 17825809, "baseWinCredits":    7,                   "bonusGamesAwarded":  8},
		{"matchIn": 16, "pattern":   131520, "baseWinCredits":    7,                   "bonusGamesAwarded":  8},
		{"matchIn": 16, "pattern":    10564, "baseWinCredits":    7,                   "bonusGamesAwarded":  8},
		{"matchIn": 16, "pattern":  4532224, "baseWinCredits":    7,                   "bonusGamesAwarded":  8},
		{"matchIn": 17, "pattern":       99, "baseWinCredits":    7,                   "bonusGamesAwarded":  8},
		{"matchIn": 17, "pattern":      792, "baseWinCredits":    7,                   "bonusGamesAwarded":  8},
		{"matchIn": 17, "pattern":  3244032, "baseWinCredits":    7,                   "bonusGamesAwarded":  8},
		{"matchIn": 17, "pattern": 25952256, "baseWinCredits":    2,                   "bonusGamesAwarded":  8},
		{"matchIn": 17, "pattern":     1063, "baseWinCredits":  820                                           },
		{"matchIn": 17, "pattern":    16924, "baseWinCredits":  800                                           },
		{"matchIn": 17, "pattern":  7373824, "baseWinCredits":  800                                           },
		{"matchIn": 17, "pattern": 29900800, "baseWinCredits":  800                                           },
		{"matchIn": 17, "pattern":  4328448, "baseWinCredits":  740                                           },
		{"matchIn": 17, "pattern":  4349952, "baseWinCredits":  700                                           },
		{"matchIn": 17, "pattern":     3204, "baseWinCredits":  620                                           },
		{"matchIn": 17, "pattern":    24708, "baseWinCredits":  600                                           },
		{"matchIn": 17, "pattern":  1115201, "baseWinCredits":  560                                           },
		{"matchIn": 17, "pattern": 17056016, "baseWinCredits":  520                                           },
		{"matchIn": 17, "pattern":      341, "baseWinCredits":  520                                           },
		{"matchIn": 17, "pattern": 22347776, "baseWinCredits":  500                                           },
		{"matchIn": 17, "pattern": 17039425, "baseWinCredits":  500                                           },
		{"matchIn": 17, "pattern":  1114384, "baseWinCredits":  480                                           },
		{"matchIn": 17, "pattern":   141440, "baseWinCredits":  480                                           },
		{"matchIn": 17, "pattern":   328000, "baseWinCredits":  440                                           },
		{"matchIn": 17, "pattern":  4211716, "baseWinCredits":  420                                           },
		{"matchIn": 17, "pattern": 17825809, "baseWinCredits":  420                                           },
		{"matchIn": 17, "pattern":   131520, "baseWinCredits":  400                                           },
		{"matchIn": 17, "pattern":    10564, "baseWinCredits":  400                                           },
		{"matchIn": 17, "pattern":  4532224, "baseWinCredits":  400                                           },
		{"matchIn": 18, "pattern":       99, "baseWinCredits":  400                                           },
		{"matchIn": 18, "pattern":      792, "baseWinCredits":  400                                           },
		{"matchIn": 18, "pattern":  3244032, "baseWinCredits":  400                                           },
		{"matchIn": 18, "pattern": 25952256, "baseWinCredits":  400                                           },
		{"matchIn": 18, "pattern":     1063, "baseWinCredits":  360                                           },
		{"matchIn": 18, "pattern":    16924, "baseWinCredits":  360                                           },
		{"matchIn": 18, "pattern":  7373824, "baseWinCredits":  360                                           },
		{"matchIn": 18, "pattern": 29900800, "baseWinCredits":  360                                           },
		{"matchIn": 18, "pattern":  4328448, "baseWinCredits":  350                                           },
		{"matchIn": 18, "pattern":  4349952, "baseWinCredits":  350                                           },
		{"matchIn": 18, "pattern":     3204, "baseWinCredits":  330                                           },
		{"matchIn": 18, "pattern":    24708, "baseWinCredits":  320                                           },
		{"matchIn": 18, "pattern":  1115201, "baseWinCredits":  320                                           },
		{"matchIn": 18, "pattern": 17056016, "baseWinCredits":  300                                           },
		{"matchIn": 18, "pattern":      341, "baseWinCredits":  300                                           },
		{"matchIn": 18, "pattern": 22347776, "baseWinCredits":  300                                           },
		{"matchIn": 18, "pattern": 17039425, "baseWinCredits":  300                                           },
		{"matchIn": 18, "pattern":  1114384, "baseWinCredits":  300                                           },
		{"matchIn": 18, "pattern":   141440, "baseWinCredits":  300                                           },
		{"matchIn": 18, "pattern":   328000, "baseWinCredits":  300                                           },
		{"matchIn": 18, "pattern":  4211716, "baseWinCredits":  300                                           },
		{"matchIn": 18, "pattern": 17825809, "baseWinCredits":  280                                           },
		{"matchIn": 18, "pattern":   131520, "baseWinCredits":  270                                           },
		{"matchIn": 18, "pattern":    10564, "baseWinCredits":  270                                           },
		{"matchIn": 18, "pattern":  4532224, "baseWinCredits":  260                                           },
		{"matchIn": 19, "pattern":       99, "baseWinCredits":  260                                           },
		{"matchIn": 19, "pattern":      792, "baseWinCredits":  250                                           },
		{"matchIn": 19, "pattern":  3244032, "baseWinCredits":  250                                           },
		{"matchIn": 19, "pattern": 25952256, "baseWinCredits":  250                                           },
		{"matchIn": 19, "pattern":     1063, "baseWinCredits":  240                                           },
		{"matchIn": 19, "pattern":    16924, "baseWinCredits":  240                                           },
		{"matchIn": 19, "pattern":  7373824, "baseWinCredits":  240                                           },
		{"matchIn": 19, "pattern": 29900800, "baseWinCredits":  240                                           },
		{"matchIn": 19, "pattern":  4328448, "baseWinCredits":  240                                           },
		{"matchIn": 19, "pattern":  4349952, "baseWinCredits":  240                                           },
		{"matchIn": 19, "pattern":     3204, "baseWinCredits":  240                                           },
		{"matchIn": 19, "pattern":    24708, "baseWinCredits":  220                                           },
		{"matchIn": 19, "pattern":  1115201, "baseWinCredits":  220                                           },
		{"matchIn": 19, "pattern": 17056016, "baseWinCredits":  220                                           },
		{"matchIn": 19, "pattern":      341, "baseWinCredits":  220                                           },
		{"matchIn": 19, "pattern": 22347776, "baseWinCredits":  220                                           },
		{"matchIn": 19, "pattern": 17039425, "baseWinCredits":  220                                           },
		{"matchIn": 19, "pattern":  1114384, "baseWinCredits":  220                                           },
		{"matchIn": 19, "pattern":   141440, "baseWinCredits":  210                                           },
		{"matchIn": 19, "pattern":   328000, "baseWinCredits":  210                                           },
		{"matchIn": 19, "pattern":  4211716, "baseWinCredits":  210                                           },
		{"matchIn": 19, "pattern": 17825809, "baseWinCredits":  210                                           },
		{"matchIn": 19, "pattern":   131520, "baseWinCredits":  210                                           },
		{"matchIn": 19, "pattern":    10564, "baseWinCredits":  200                                           },
		{"matchIn": 19, "pattern":  4532224, "baseWinCredits":  200                                           },
		{"matchIn": 20, "pattern":       99, "baseWinCredits":  200                                           },
		{"matchIn": 20, "pattern":      792, "baseWinCredits":  200                                           },
		{"matchIn": 20, "pattern":  3244032, "baseWinCredits":  200                                           },
		{"matchIn": 20, "pattern": 25952256, "baseWinCredits":  200                                           },
		{"matchIn": 20, "pattern":     1063, "baseWinCredits":  200                                           },
		{"matchIn": 20, "pattern":    16924, "baseWinCredits":  200                                           },
		{"matchIn": 20, "pattern":  7373824, "baseWinCredits":  200                                           },
		{"matchIn": 20, "pattern": 29900800, "baseWinCredits":  200                                           },
		{"matchIn": 20, "pattern":  4328448, "baseWinCredits":  200                                           },
		{"matchIn": 20, "pattern":  4349952, "baseWinCredits":  200                                           },
		{"matchIn": 20, "pattern":     3204, "baseWinCredits":  200                                           },
		{"matchIn": 20, "pattern":    24708, "baseWinCredits":  200                                           },
		{"matchIn": 20, "pattern":  1115201, "baseWinCredits":  200                                           },
		{"matchIn": 20, "pattern": 17056016, "baseWinCredits":  200                                           },
		{"matchIn": 20, "pattern":      341, "baseWinCredits":  200                                           },
		{"matchIn": 20, "pattern": 22347776, "baseWinCredits":  200                                           },
		{"matchIn": 20, "pattern": 17039425, "baseWinCredits":  200                                           },
		{"matchIn": 20, "pattern":  1114384, "baseWinCredits":  200                                           },
		{"matchIn": 20, "pattern":   141440, "baseWinCredits":  200                                           },
		{"matchIn": 20, "pattern":   328000, "baseWinCredits":  200                                           },
		{"matchIn": 20, "pattern":  4211716, "baseWinCredits":  200                                           },
		{"matchIn": 20, "pattern": 17825809, "baseWinCredits":  200                                           },
		{"matchIn": 20, "pattern":   131520, "baseWinCredits":  200                                           },
		{"matchIn": 20, "pattern":    10564, "baseWinCredits":  200                                           },
		{"matchIn": 20, "pattern":  4532224, "baseWinCredits":  200                                           },
		{"matchIn": 21, "pattern":       99, "baseWinCredits":  200                                           },
		{"matchIn": 21, "pattern":      792, "baseWinCredits":  200                                           },
		{"matchIn": 21, "pattern":  3244032, "baseWinCredits":  180                                           },
		{"matchIn": 21, "pattern": 25952256, "baseWinCredits":  180                                           },
		{"matchIn": 21, "pattern":     1063, "baseWinCredits":  170                                           },
		{"matchIn": 21, "pattern":    16924, "baseWinCredits":  170                                           },
		{"matchIn": 21, "pattern":  7373824, "baseWinCredits":  170                                           },
		{"matchIn": 21, "pattern": 29900800, "baseWinCredits":  170                                           },
		{"matchIn": 21, "pattern":  4328448, "baseWinCredits":  170                                           },
		{"matchIn": 21, "pattern":  4349952, "baseWinCredits":  170                                           },
		{"matchIn": 21, "pattern":     3204, "baseWinCredits":  160                                           },
		{"matchIn": 21, "pattern":    24708, "baseWinCredits":  160                                           },
		{"matchIn": 21, "pattern":  1115201, "baseWinCredits":  160                                           },
		{"matchIn": 21, "pattern": 17056016, "baseWinCredits":  160                                           },
		{"matchIn": 21, "pattern":      341, "baseWinCredits":  160                                           },
		{"matchIn": 21, "pattern": 22347776, "baseWinCredits":  160                                           },
		{"matchIn": 21, "pattern": 17039425, "baseWinCredits":  160                                           },
		{"matchIn": 21, "pattern":  1114384, "baseWinCredits":  160                                           },
		{"matchIn": 21, "pattern":   141440, "baseWinCredits":  160                                           },
		{"matchIn": 21, "pattern":   328000, "baseWinCredits":  160                                           },
		{"matchIn": 21, "pattern":  4211716, "baseWinCredits":  150                                           },
		{"matchIn": 21, "pattern": 17825809, "baseWinCredits":  150                                           },
		{"matchIn": 21, "pattern":   131520, "baseWinCredits":  150                                           },
		{"matchIn": 21, "pattern":    10564, "baseWinCredits":  150                                           },
		{"matchIn": 21, "pattern":  4532224, "baseWinCredits":  150                                           },
		{"matchIn": 22, "pattern":       99, "baseWinCredits":  150                                           },
		{"matchIn": 22, "pattern":      792, "baseWinCredits":  150                                           },
		{"matchIn": 22, "pattern":  3244032, "baseWinCredits":  150                                           },
		{"matchIn": 22, "pattern": 25952256, "baseWinCredits":  140                                           },
		{"matchIn": 22, "pattern":     1063, "baseWinCredits":  140                                           },
		{"matchIn": 22, "pattern":    16924, "baseWinCredits":  140                                           },
		{"matchIn": 22, "pattern":  7373824, "baseWinCredits":  140                                           },
		{"matchIn": 22, "pattern": 29900800, "baseWinCredits":  130                                           },
		{"matchIn": 22, "pattern":  4328448, "baseWinCredits":  130                                           },
		{"matchIn": 22, "pattern":  4349952, "baseWinCredits":  130                                           },
		{"matchIn": 22, "pattern":     3204, "baseWinCredits":  125                                           },
		{"matchIn": 22, "pattern":    24708, "baseWinCredits":  125                                           },
		{"matchIn": 22, "pattern":  1115201, "baseWinCredits":  120                                           },
		{"matchIn": 22, "pattern": 17056016, "baseWinCredits":  120                                           },
		{"matchIn": 22, "pattern":      341, "baseWinCredits":  120                                           },
		{"matchIn": 22, "pattern": 22347776, "baseWinCredits":  120                                           },
		{"matchIn": 22, "pattern": 17039425, "baseWinCredits":  120                                           },
		{"matchIn": 22, "pattern":  1114384, "baseWinCredits":  120                                           },
		{"matchIn": 22, "pattern":   141440, "baseWinCredits":  120                                           },
		{"matchIn": 22, "pattern":   328000, "baseWinCredits":  120                                           },
		{"matchIn": 22, "pattern":  4211716, "baseWinCredits":  120                                           },
		{"matchIn": 22, "pattern": 17825809, "baseWinCredits":  120                                           },
		{"matchIn": 22, "pattern":   131520, "baseWinCredits":  120                                           },
		{"matchIn": 22, "pattern":    10564, "baseWinCredits":  110                                           },
		{"matchIn": 22, "pattern":  4532224, "baseWinCredits":  110                                           },
		{"matchIn": 23, "pattern":       99, "baseWinCredits":  110                                           },
		{"matchIn": 23, "pattern":      792, "baseWinCredits":  110                                           },
		{"matchIn": 23, "pattern":  3244032, "baseWinCredits":  110                                           },
		{"matchIn": 23, "pattern": 25952256, "baseWinCredits":  105                                           },
		{"matchIn": 23, "pattern":     1063, "baseWinCredits":  105                                           },
		{"matchIn": 23, "pattern":    16924, "baseWinCredits":  105                                           },
		{"matchIn": 23, "pattern":  7373824, "baseWinCredits":  105                                           },
		{"matchIn": 23, "pattern": 29900800, "baseWinCredits":  105                                           },
		{"matchIn": 23, "pattern":  4328448, "baseWinCredits":  105                                           },
		{"matchIn": 23, "pattern":  4349952, "baseWinCredits":  100                                           },
		{"matchIn": 23, "pattern":     3204, "baseWinCredits":  100                                           },
		{"matchIn": 23, "pattern":    24708, "baseWinCredits":  100                                           },
		{"matchIn": 23, "pattern":  1115201, "baseWinCredits":  100                                           },
		{"matchIn": 23, "pattern": 17056016, "baseWinCredits":  100                                           },
		{"matchIn": 23, "pattern":      341, "baseWinCredits":  100                                           },
		{"matchIn": 23, "pattern": 22347776, "baseWinCredits":  100                                           },
		{"matchIn": 23, "pattern": 17039425, "baseWinCredits":  100                                           },
		{"matchIn": 23, "pattern":  1114384, "baseWinCredits":  100                                           },
		{"matchIn": 23, "pattern":   141440, "baseWinCredits":  100                                           },
		{"matchIn": 23, "pattern":   328000, "baseWinCredits":  100                                           },
		{"matchIn": 23, "pattern":  4211716, "baseWinCredits":  100                                           },
		{"matchIn": 23, "pattern": 17825809, "baseWinCredits":  100                                           },
		{"matchIn": 23, "pattern":   131520, "baseWinCredits":  100                                           },
		{"matchIn": 23, "pattern":    10564, "baseWinCredits":  100                                           },
		{"matchIn": 23, "pattern":  4532224, "baseWinCredits":  100                                           },
		{"matchIn": 24, "pattern":       99, "baseWinCredits":  100                                           },
		{"matchIn": 24, "pattern":      792, "baseWinCredits":  100                                           },
		{"matchIn": 24, "pattern":  3244032, "baseWinCredits":  100                                           },
		{"matchIn": 24, "pattern": 25952256, "baseWinCredits":  100                                           },
		{"matchIn": 24, "pattern":     1063, "baseWinCredits":  100                                           },
		{"matchIn": 24, "pattern":    16924, "baseWinCredits":  100                                           },
		{"matchIn": 24, "pattern":  7373824, "baseWinCredits":  100                                           },
		{"matchIn": 24, "pattern": 29900800, "baseWinCredits":  100                                           },
		{"matchIn": 24, "pattern":  4328448, "baseWinCredits":  100                                           },
		{"matchIn": 24, "pattern":  4349952, "baseWinCredits":  100                                           },
		{"matchIn": 24, "pattern":     3204, "baseWinCredits":  100                                           },
		{"matchIn": 24, "pattern":    24708, "baseWinCredits":  100                                           },
		{"matchIn": 24, "pattern":  1115201, "baseWinCredits":  100                                           },
		{"matchIn": 24, "pattern": 17056016, "baseWinCredits":  100                                           },
		{"matchIn": 24, "pattern":      341, "baseWinCredits":  100                                           },
		{"matchIn": 24, "pattern": 22347776, "baseWinCredits":  100                                           },
		{"matchIn": 24, "pattern": 17039425, "baseWinCredits":  100                                           },
		{"matchIn": 24, "pattern":  1114384, "baseWinCredits":  100                                           },
		{"matchIn": 24, "pattern":   141440, "baseWinCredits":  100                                           },
		{"matchIn": 24, "pattern":   328000, "baseWinCredits":  100                                           },
		{"matchIn": 24, "pattern":  4211716, "baseWinCredits":  100                                           },
		{"matchIn": 24, "pattern": 17825809, "baseWinCredits":  100                                           },
		{"matchIn": 24, "pattern":   131520, "baseWinCredits":  100                                           },
		{"matchIn": 24, "pattern":    10564, "baseWinCredits":  100                                           },
		{"matchIn": 24, "pattern":  4532224, "baseWinCredits":  100                                           },
		{"matchIn": 25, "pattern":       99, "baseWinCredits":  100                                           },
		{"matchIn": 25, "pattern":      792, "baseWinCredits":  100                                           },
		{"matchIn": 25, "pattern":  3244032, "baseWinCredits":  100                                           },
		{"matchIn": 25, "pattern": 25952256, "baseWinCredits":  100                                           },
		{"matchIn": 25, "pattern":     1063, "baseWinCredits":  100                                           },
		{"matchIn": 25, "pattern":    16924, "baseWinCredits":  100                                           },
		{"matchIn": 25, "pattern":  7373824, "baseWinCredits":  100                                           },
		{"matchIn": 25, "pattern": 29900800, "baseWinCredits":   90                                           },
		{"matchIn": 25, "pattern":  4328448, "baseWinCredits":   90                                           },
		{"matchIn": 25, "pattern":  4349952, "baseWinCredits":   90                                           },
		{"matchIn": 25, "pattern":     3204, "baseWinCredits":   85                                           },
		{"matchIn": 25, "pattern":    24708, "baseWinCredits":   85                                           },
		{"matchIn": 25, "pattern":  1115201, "baseWinCredits":   85                                           },
		{"matchIn": 25, "pattern": 17056016, "baseWinCredits":   85                                           },
		{"matchIn": 25, "pattern":      341, "baseWinCredits":   85                                           },
		{"matchIn": 25, "pattern": 22347776, "baseWinCredits":   80                                           },
		{"matchIn": 25, "pattern": 17039425, "baseWinCredits":   80                                           },
		{"matchIn": 25, "pattern":  1114384, "baseWinCredits":   80                                           },
		{"matchIn": 25, "pattern":   141440, "baseWinCredits":   80                                           },
		{"matchIn": 25, "pattern":   328000, "baseWinCredits":   80                                           },
		{"matchIn": 25, "pattern":  4211716, "baseWinCredits":   80                                           },
		{"matchIn": 25, "pattern": 17825809, "baseWinCredits":   80                                           },
		{"matchIn": 25, "pattern":   131520, "baseWinCredits":   80                                           },
		{"matchIn": 25, "pattern":    10564, "baseWinCredits":   80                                           },
		{"matchIn": 25, "pattern":  4532224, "baseWinCredits":   80                                           },
		{"matchIn": 26, "pattern":       99, "baseWinCredits":   80                                           },
		{"matchIn": 26, "pattern":      792, "baseWinCredits":   80                                           },
		{"matchIn": 26, "pattern":  3244032, "baseWinCredits":   70                                           },
		{"matchIn": 26, "pattern": 25952256, "baseWinCredits":   70                                           },
		{"matchIn": 26, "pattern":     1063, "baseWinCredits":   70                                           },
		{"matchIn": 26, "pattern":    16924, "baseWinCredits":   60                                           },
		{"matchIn": 26, "pattern":  7373824, "baseWinCredits":   60                                           },
		{"matchIn": 26, "pattern": 29900800, "baseWinCredits":   60                                           },
		{"matchIn": 26, "pattern":  4328448, "baseWinCredits":   60                                           },
		{"matchIn": 26, "pattern":  4349952, "baseWinCredits":   60                                           },
		{"matchIn": 26, "pattern":     3204, "baseWinCredits":   60                                           },
		{"matchIn": 26, "pattern":    24708, "baseWinCredits":   60                                           },
		{"matchIn": 26, "pattern":  1115201, "baseWinCredits":   55                                           },
		{"matchIn": 26, "pattern": 17056016, "baseWinCredits":   55                                           },
		{"matchIn": 26, "pattern":      341, "baseWinCredits":   55                                           },
		{"matchIn": 26, "pattern": 22347776, "baseWinCredits":   55                                           },
		{"matchIn": 26, "pattern": 17039425, "baseWinCredits":   55                                           },
		{"matchIn": 26, "pattern":  1114384, "baseWinCredits":   50                                           },
		{"matchIn": 26, "pattern":   141440, "baseWinCredits":   50                                           },
		{"matchIn": 26, "pattern":   328000, "baseWinCredits":   50                                           },
		{"matchIn": 26, "pattern":  4211716, "baseWinCredits":   50                                           },
		{"matchIn": 26, "pattern": 17825809, "baseWinCredits":   50                                           },
		{"matchIn": 26, "pattern":   131520, "baseWinCredits":   50                                           },
		{"matchIn": 26, "pattern":    10564, "baseWinCredits":   50                                           },
		{"matchIn": 26, "pattern":  4532224, "baseWinCredits":   50                                           },
		{"matchIn": 27, "pattern":       99, "baseWinCredits":   50                                           },
		{"matchIn": 27, "pattern":      792, "baseWinCredits":   50                                           },
		{"matchIn": 27, "pattern":  3244032, "baseWinCredits":   50                                           },
		{"matchIn": 27, "pattern": 25952256, "baseWinCredits":   50                                           },
		{"matchIn": 27, "pattern":     1063, "baseWinCredits":   50                                           },
		{"matchIn": 27, "pattern":    16924, "baseWinCredits":   50                                           },
		{"matchIn": 27, "pattern":  7373824, "baseWinCredits":   50                                           },
		{"matchIn": 27, "pattern": 29900800, "baseWinCredits":   50                                           },
		{"matchIn": 27, "pattern":  4328448, "baseWinCredits":   50                                           },
		{"matchIn": 27, "pattern":  4349952, "baseWinCredits":   50                                           },
		{"matchIn": 27, "pattern":     3204, "baseWinCredits":   50                                           },
		{"matchIn": 27, "pattern":    24708, "baseWinCredits":   50                                           },
		{"matchIn": 27, "pattern":  1115201, "baseWinCredits":   50                                           },
		{"matchIn": 27, "pattern": 17056016, "baseWinCredits":   50                                           },
		{"matchIn": 27, "pattern":      341, "baseWinCredits":   50                                           },
		{"matchIn": 27, "pattern": 22347776, "baseWinCredits":   50                                           },
		{"matchIn": 27, "pattern": 17039425, "baseWinCredits":   50                                           },
		{"matchIn": 27, "pattern":  1114384, "baseWinCredits":   50                                           },
		{"matchIn": 27, "pattern":   141440, "baseWinCredits":   50                                           },
		{"matchIn": 27, "pattern":   328000, "baseWinCredits":   50                                           },
		{"matchIn": 27, "pattern":  4211716, "baseWinCredits":   50                                           },
		{"matchIn": 27, "pattern": 17825809, "baseWinCredits":   50                                           },
		{"matchIn": 27, "pattern":   131520, "baseWinCredits":   50                                           },
		{"matchIn": 27, "pattern":    10564, "baseWinCredits":   45                                           },
		{"matchIn": 27, "pattern":  4532224, "baseWinCredits":   45                                           },
		{"matchIn": 28, "pattern":       99, "baseWinCredits":   45                                           },
		{"matchIn": 28, "pattern":      792, "baseWinCredits":   40                                           },
		{"matchIn": 28, "pattern":  3244032, "baseWinCredits":   40                                           },
		{"matchIn": 28, "pattern": 25952256, "baseWinCredits":   40                                           },
		{"matchIn": 28, "pattern":     1063, "baseWinCredits":   40                                           },
		{"matchIn": 28, "pattern":    16924, "baseWinCredits":   40                                           },
		{"matchIn": 28, "pattern":  7373824, "baseWinCredits":   40                                           },
		{"matchIn": 28, "pattern": 29900800, "baseWinCredits":   40                                           },
		{"matchIn": 28, "pattern":  4328448, "baseWinCredits":   40                                           },
		{"matchIn": 28, "pattern":  4349952, "baseWinCredits":   40                                           },
		{"matchIn": 28, "pattern":     3204, "baseWinCredits":   40                                           },
		{"matchIn": 28, "pattern":    24708, "baseWinCredits":   35                                           },
		{"matchIn": 28, "pattern":  1115201, "baseWinCredits":   30                                           },
		{"matchIn": 28, "pattern": 17056016, "baseWinCredits":   30                                           },
		{"matchIn": 28, "pattern":      341, "baseWinCredits":   30                                           },
		{"matchIn": 28, "pattern": 22347776, "baseWinCredits":   30                                           },
		{"matchIn": 28, "pattern": 17039425, "baseWinCredits":   30                                           },
		{"matchIn": 28, "pattern":  1114384, "baseWinCredits":   30                                           },
		{"matchIn": 28, "pattern":   141440, "baseWinCredits":   30                                           },
		{"matchIn": 28, "pattern":   328000, "baseWinCredits":   30                                           },
		{"matchIn": 28, "pattern":  4211716, "baseWinCredits":   30                                           },
		{"matchIn": 28, "pattern": 17825809, "baseWinCredits":   30                                           },
		{"matchIn": 28, "pattern":   131520, "baseWinCredits":   30                                           },
		{"matchIn": 28, "pattern":    10564, "baseWinCredits":   30                                           },
		{"matchIn": 28, "pattern":  4532224, "baseWinCredits":   30                                           },
		{"matchIn": 29, "pattern":       99, "baseWinCredits":   30                                           },
		{"matchIn": 29, "pattern":      792, "baseWinCredits":   30                                           },
		{"matchIn": 29, "pattern":  3244032, "baseWinCredits":   25                                           },
		{"matchIn": 29, "pattern": 25952256, "baseWinCredits":   25                                           },
		{"matchIn": 29, "pattern":     1063, "baseWinCredits":   25                                           },
		{"matchIn": 29, "pattern":    16924, "baseWinCredits":   25                                           },
		{"matchIn": 29, "pattern":  7373824, "baseWinCredits":   25                                           },
		{"matchIn": 29, "pattern": 29900800, "baseWinCredits":   25                                           },
		{"matchIn": 29, "pattern":  4328448, "baseWinCredits":   25                                           },
		{"matchIn": 29, "pattern":  4349952, "baseWinCredits":   20                                           },
		{"matchIn": 29, "pattern":     3204, "baseWinCredits":   20                                           },
		{"matchIn": 29, "pattern":    24708, "baseWinCredits":   20                                           },
		{"matchIn": 29, "pattern":  1115201, "baseWinCredits":   20                                           },
		{"matchIn": 29, "pattern": 17056016, "baseWinCredits":   20                                           },
		{"matchIn": 29, "pattern":      341, "baseWinCredits":   20                                           },
		{"matchIn": 29, "pattern": 22347776, "baseWinCredits":   20                                           },
		{"matchIn": 29, "pattern": 17039425, "baseWinCredits":   20                                           },
		{"matchIn": 29, "pattern":  1114384, "baseWinCredits":   20                                           },
		{"matchIn": 29, "pattern":   141440, "baseWinCredits":   20                                           },
		{"matchIn": 29, "pattern":   328000, "baseWinCredits":   20                                           },
		{"matchIn": 29, "pattern":  4211716, "baseWinCredits":   20                                           },
		{"matchIn": 29, "pattern": 17825809, "baseWinCredits":   20                                           },
		{"matchIn": 29, "pattern":   131520, "baseWinCredits":   20                                           },
		{"matchIn": 29, "pattern":    10564, "baseWinCredits":   20                                           },
		{"matchIn": 29, "pattern":  4532224, "baseWinCredits":   20                                           },
		{"matchIn": 30, "pattern":       99, "baseWinCredits":   20                                           },
		{"matchIn": 30, "pattern":      792, "baseWinCredits":   20                                           },
		{"matchIn": 30, "pattern":  3244032, "baseWinCredits":   20                                           },
		{"matchIn": 30, "pattern": 25952256, "baseWinCredits":   20                                           },
		{"matchIn": 30, "pattern":     1063, "baseWinCredits":   20                                           },
		{"matchIn": 30, "pattern":    16924, "baseWinCredits":   20                                           },
		{"matchIn": 30, "pattern":  7373824, "baseWinCredits":   20                                           },
		{"matchIn": 30, "pattern": 29900800, "baseWinCredits":   20                                           },
		{"matchIn": 30, "pattern":  4328448, "baseWinCredits":   20                                           },
		{"matchIn": 30, "pattern":  4349952, "baseWinCredits":   20                                           },
		{"matchIn": 30, "pattern":     3204, "baseWinCredits":   20                                           },
		{"matchIn": 30, "pattern":    24708, "baseWinCredits":   20                                           },
		{"matchIn": 30, "pattern":  1115201, "baseWinCredits":   20                                           },
		{"matchIn": 30, "pattern": 17056016, "baseWinCredits":   20                                           },
		{"matchIn": 30, "pattern":      341, "baseWinCredits":   20                                           },
		{"matchIn": 30, "pattern": 22347776, "baseWinCredits":   20                                           },
		{"matchIn": 30, "pattern": 17039425, "baseWinCredits":   20                                           },
		{"matchIn": 30, "pattern":  1114384, "baseWinCredits":   20                                           },
		{"matchIn": 30, "pattern":   141440, "baseWinCredits":   20                                           },
		{"matchIn": 30, "pattern":   328000, "baseWinCredits":   20                                           },
		{"matchIn": 30, "pattern":  4211716, "baseWinCredits":   20                                           },
		{"matchIn": 30, "pattern": 17825809, "baseWinCredits":   20                                           },
		{"matchIn": 30, "pattern":   131520, "baseWinCredits":   20                                           },
		{"matchIn": 30, "pattern":    10564, "baseWinCredits":   20                                           },
		{"matchIn": 30, "pattern":  4532224, "baseWinCredits":   20                                           },
		{"matchIn": 31, "pattern":       99, "baseWinCredits":   20                                           },
		{"matchIn": 31, "pattern":      792, "baseWinCredits":   20                                           },
		{"matchIn": 31, "pattern":  3244032, "baseWinCredits":   20                                           },
		{"matchIn": 31, "pattern": 25952256, "baseWinCredits":   20                                           },
		{"matchIn": 31, "pattern":     1063, "baseWinCredits":   20                                           },
		{"matchIn": 31, "pattern":    16924, "baseWinCredits":   20                                           },
		{"matchIn": 31, "pattern":  7373824, "baseWinCredits":   20                                           },
		{"matchIn": 31, "pattern": 29900800, "baseWinCredits":   20                                           },
		{"matchIn": 31, "pattern":  4328448, "baseWinCredits":   20                                           },
		{"matchIn": 31, "pattern":  4349952, "baseWinCredits":   20                                           },
		{"matchIn": 31, "pattern":     3204, "baseWinCredits":   15                                           },
		{"matchIn": 31, "pattern":    24708, "baseWinCredits":   15                                           },
		{"matchIn": 31, "pattern":  1115201, "baseWinCredits":   15                                           },
		{"matchIn": 31, "pattern": 17056016, "baseWinCredits":   15                                           },
		{"matchIn": 31, "pattern":      341, "baseWinCredits":   15                                           },
		{"matchIn": 31, "pattern": 22347776, "baseWinCredits":   15                                           },
		{"matchIn": 31, "pattern": 17039425, "baseWinCredits":   15                                           },
		{"matchIn": 31, "pattern":  1114384, "baseWinCredits":   10                                           },
		{"matchIn": 31, "pattern":   141440, "baseWinCredits":   10                                           },
		{"matchIn": 31, "pattern":   328000, "baseWinCredits":   10                                           },
		{"matchIn": 31, "pattern":  4211716, "baseWinCredits":   10                                           },
		{"matchIn": 31, "pattern": 17825809, "baseWinCredits":   10                                           },
		{"matchIn": 31, "pattern":   131520, "baseWinCredits":   10                                           },
		{"matchIn": 31, "pattern":    10564, "baseWinCredits":   10                                           },
		{"matchIn": 31, "pattern":  4532224, "baseWinCredits":   10                                           },
		{"matchIn": 32, "pattern":       99, "baseWinCredits":   10                                           },
		{"matchIn": 32, "pattern":      792, "baseWinCredits":   10                                           },
		{"matchIn": 32, "pattern":  3244032, "baseWinCredits":   10                                           },
		{"matchIn": 32, "pattern": 25952256, "baseWinCredits":   10                                           },
		{"matchIn": 32, "pattern":     1063, "baseWinCredits":   10                                           },
		{"matchIn": 32, "pattern":    16924, "baseWinCredits":   10                                           },
		{"matchIn": 32, "pattern":  7373824, "baseWinCredits":   10                                           },
		{"matchIn": 32, "pattern": 29900800, "baseWinCredits":   10                                           },
		{"matchIn": 32, "pattern":  4328448, "baseWinCredits":   10                                           },
		{"matchIn": 32, "pattern":  4349952, "baseWinCredits":   10                                           },
		{"matchIn": 32, "pattern":     3204, "baseWinCredits":   10                                           },
		{"matchIn": 32, "pattern":    24708, "baseWinCredits":   10                                           },
		{"matchIn": 32, "pattern":  1115201, "baseWinCredits":   10                                           },
		{"matchIn": 32, "pattern": 17056016, "baseWinCredits":   10                                           },
		{"matchIn": 32, "pattern":      341, "baseWinCredits":   10                                           },
		{"matchIn": 32, "pattern": 22347776, "baseWinCredits":   10                                           },
		{"matchIn": 32, "pattern": 17039425, "baseWinCredits":   10                                           },
		{"matchIn": 32, "pattern":  1114384, "baseWinCredits":   10                                           },
		{"matchIn": 32, "pattern":   141440, "baseWinCredits":   10                                           },
		{"matchIn": 32, "pattern":   328000, "baseWinCredits":   10                                           },
		{"matchIn": 32, "pattern":  4211716, "baseWinCredits":   10                                           },
		{"matchIn": 32, "pattern": 17825809, "baseWinCredits":   10                                           },
		{"matchIn": 32, "pattern":   131520, "baseWinCredits":   10                                           },
		{"matchIn": 32, "pattern":    10564, "baseWinCredits":   10                                           },
		{"matchIn": 32, "pattern":  4532224, "baseWinCredits":   10                                           },
		{"matchIn": 33, "pattern":       99, "baseWinCredits":   10                                           },
		{"matchIn": 33, "pattern":      792, "baseWinCredits":   10                                           },
		{"matchIn": 33, "pattern":  3244032, "baseWinCredits":   10                                           },
		{"matchIn": 33, "pattern": 25952256, "baseWinCredits":   10                                           },
		{"matchIn": 33, "pattern":     1063, "baseWinCredits":   10                                           },
		{"matchIn": 33, "pattern":    16924, "baseWinCredits":   10                                           },
		{"matchIn": 33, "pattern":  7373824, "baseWinCredits":   10                                           },
		{"matchIn": 33, "pattern": 29900800, "baseWinCredits":   10                                           },
		{"matchIn": 33, "pattern":  4328448, "baseWinCredits":   10                                           },
		{"matchIn": 33, "pattern":  4349952, "baseWinCredits":   10                                           },
		{"matchIn": 33, "pattern":     3204, "baseWinCredits":   10                                           },
		{"matchIn": 33, "pattern":    24708, "baseWinCredits":   10                                           },
		{"matchIn": 33, "pattern":  1115201, "baseWinCredits":   10                                           },
		{"matchIn": 33, "pattern": 17056016, "baseWinCredits":   10                                           },
		{"matchIn": 33, "pattern":      341, "baseWinCredits":   10                                           },
		{"matchIn": 33, "pattern": 22347776, "baseWinCredits":   10                                           },
		{"matchIn": 33, "pattern": 17039425, "baseWinCredits":   10                                           },
		{"matchIn": 33, "pattern":  1114384, "baseWinCredits":   10                                           },
		{"matchIn": 33, "pattern":   141440, "baseWinCredits":   10                                           },
		{"matchIn": 33, "pattern":   328000, "baseWinCredits":   10                                           },
		{"matchIn": 33, "pattern":  4211716, "baseWinCredits":   10                                           },
		{"matchIn": 33, "pattern": 17825809, "baseWinCredits":   10                                           },
		{"matchIn": 33, "pattern":   131520, "baseWinCredits":   10                                           },
		{"matchIn": 33, "pattern":    10564, "baseWinCredits":   10                                           },
		{"matchIn": 33, "pattern":  4532224, "baseWinCredits":   10                                           },
		{"matchIn": 34, "pattern":       99, "baseWinCredits":   10                                           },
		{"matchIn": 34, "pattern":      792, "baseWinCredits":   10                                           },
		{"matchIn": 34, "pattern":  3244032, "baseWinCredits":   10                                           },
		{"matchIn": 34, "pattern": 25952256, "baseWinCredits":   10                                           },
		{"matchIn": 34, "pattern":     1063, "baseWinCredits":   10                                           },
		{"matchIn": 34, "pattern":    16924, "baseWinCredits":   10                                           },
		{"matchIn": 34, "pattern":  7373824, "baseWinCredits":   10                                           },
		{"matchIn": 34, "pattern": 29900800, "baseWinCredits":   10                                           },
		{"matchIn": 34, "pattern":  4328448, "baseWinCredits":   10                                           },
		{"matchIn": 34, "pattern":  4349952, "baseWinCredits":   10                                           },
		{"matchIn": 34, "pattern":     3204, "baseWinCredits":   10                                           },
		{"matchIn": 34, "pattern":    24708, "baseWinCredits":   10                                           },
		{"matchIn": 34, "pattern":  1115201, "baseWinCredits":   10                                           },
		{"matchIn": 34, "pattern": 17056016, "baseWinCredits":   10                                           },
		{"matchIn": 34, "pattern":      341, "baseWinCredits":   10                                           },
		{"matchIn": 34, "pattern": 22347776, "baseWinCredits":   10                                           },
		{"matchIn": 34, "pattern": 17039425, "baseWinCredits":   10                                           },
		{"matchIn": 34, "pattern":  1114384, "baseWinCredits":   10                                           },
		{"matchIn": 34, "pattern":   141440, "baseWinCredits":   10                                           },
		{"matchIn": 34, "pattern":   328000, "baseWinCredits":   10                                           },
		{"matchIn": 34, "pattern":  4211716, "baseWinCredits":   10                                           },
		{"matchIn": 34, "pattern": 17825809, "baseWinCredits":   10                                           },
		{"matchIn": 34, "pattern":   131520, "baseWinCredits":   10                                           },
		{"matchIn": 34, "pattern":    10564, "baseWinCredits":    7                                           },
		{"matchIn": 34, "pattern":  4532224, "baseWinCredits":    7                                           },
		{"matchIn": 35, "pattern":       99, "baseWinCredits":    7                                           },
		{"matchIn": 35, "pattern":      792, "baseWinCredits":    7                                           },
		{"matchIn": 35, "pattern":  3244032, "baseWinCredits":    7                                           },
		{"matchIn": 35, "pattern": 25952256, "baseWinCredits":    7                                           },
		{"matchIn": 35, "pattern":     1063, "baseWinCredits":    7                                           },
		{"matchIn": 35, "pattern":    16924, "baseWinCredits":    7                                           },
		{"matchIn": 35, "pattern":  7373824, "baseWinCredits":    7                                           },
		{"matchIn": 35, "pattern": 29900800, "baseWinCredits":    7                                           },
		{"matchIn": 35, "pattern":  4328448, "baseWinCredits":    7                                           },
		{"matchIn": 35, "pattern":  4349952, "baseWinCredits":    7                                           },
		{"matchIn": 35, "pattern":     3204, "baseWinCredits":    7                                           },
		{"matchIn": 35, "pattern":    24708, "baseWinCredits":    7                                           },
		{"matchIn": 35, "pattern":  1115201, "baseWinCredits":    7                                           },
		{"matchIn": 35, "pattern": 17056016, "baseWinCredits":    7                                           },
		{"matchIn": 35, "pattern":      341, "baseWinCredits":    7                                           },
		{"matchIn": 35, "pattern": 22347776, "baseWinCredits":    7                                           },
		{"matchIn": 35, "pattern": 17039425, "baseWinCredits":    7                                           },
		{"matchIn": 35, "pattern":  1114384, "baseWinCredits":    7                                           },
		{"matchIn": 35, "pattern":   141440, "baseWinCredits":    7                                           },
		{"matchIn": 35, "pattern":   328000, "baseWinCredits":    7                                           },
		{"matchIn": 35, "pattern":  4211716, "baseWinCredits":    7                                           },
		{"matchIn": 35, "pattern": 17825809, "baseWinCredits":    7                                           },
		{"matchIn": 35, "pattern":   131520, "baseWinCredits":    7                                           },
		{"matchIn": 35, "pattern":    10564, "baseWinCredits":    7                                           },
		{"matchIn": 35, "pattern":  4532224, "baseWinCredits":    7                                           },
		{"matchIn": 36, "pattern":       99, "baseWinCredits":    7                                           },
		{"matchIn": 36, "pattern":      792, "baseWinCredits":    7                                           },
		{"matchIn": 36, "pattern":  3244032, "baseWinCredits":    7                                           },
		{"matchIn": 36, "pattern": 25952256, "baseWinCredits":    7                                           },
		{"matchIn": 36, "pattern":     1063, "baseWinCredits":    7                                           },
		{"matchIn": 36, "pattern":    16924, "baseWinCredits":    7                                           },
		{"matchIn": 36, "pattern":  7373824, "baseWinCredits":    7                                           },
		{"matchIn": 36, "pattern": 29900800, "baseWinCredits":    7                                           },
		{"matchIn": 36, "pattern":  4328448, "baseWinCredits":    7                                           },
		{"matchIn": 36, "pattern":  4349952, "baseWinCredits":    7                                           },
		{"matchIn": 36, "pattern":     3204, "baseWinCredits":    7                                           },
		{"matchIn": 36, "pattern":    24708, "baseWinCredits":    7                                           },
		{"matchIn": 36, "pattern":  1115201, "baseWinCredits":    7                                           },
		{"matchIn": 36, "pattern": 17056016, "baseWinCredits":    7                                           },
		{"matchIn": 36, "pattern":      341, "baseWinCredits":    7                                           },
		{"matchIn": 36, "pattern": 22347776, "baseWinCredits":    7                                           },
		{"matchIn": 36, "pattern": 17039425, "baseWinCredits":    7                                           },
		{"matchIn": 36, "pattern":  1114384, "baseWinCredits":    7                                           },
		{"matchIn": 36, "pattern":   141440, "baseWinCredits":    7                                           },
		{"matchIn": 36, "pattern":   328000, "baseWinCredits":    7                                           },
		{"matchIn": 36, "pattern":  4211716, "baseWinCredits":    7                                           },
		{"matchIn": 36, "pattern": 17825809, "baseWinCredits":    7                                           },
		{"matchIn": 36, "pattern":   131520, "baseWinCredits":    7                                           },
		{"matchIn": 36, "pattern":    10564, "baseWinCredits":    7                                           },
		{"matchIn": 36, "pattern":  4532224, "baseWinCredits":    7                                           },
		{"matchIn": 37, "pattern":       99, "baseWinCredits":    7                                           },
		{"matchIn": 37, "pattern":      792, "baseWinCredits":    7                                           },
		{"matchIn": 37, "pattern":  3244032, "baseWinCredits":    7                                           },
		{"matchIn": 37, "pattern": 25952256, "baseWinCredits":    7                                           },
		{"matchIn": 37, "pattern":     1063, "baseWinCredits":    7                                           },
		{"matchIn": 37, "pattern":    16924, "baseWinCredits":    7                                           },
		{"matchIn": 37, "pattern":  7373824, "baseWinCredits":    7                                           },
		{"matchIn": 37, "pattern": 29900800, "baseWinCredits":    7                                           },
		{"matchIn": 37, "pattern":  4328448, "baseWinCredits":    7                                           },
		{"matchIn": 37, "pattern":  4349952, "baseWinCredits":    7                                           },
		{"matchIn": 37, "pattern":     3204, "baseWinCredits":    7                                           },
		{"matchIn": 37, "pattern":    24708, "baseWinCredits":    7                                           },
		{"matchIn": 37, "pattern":  1115201, "baseWinCredits":    7                                           },
		{"matchIn": 37, "pattern": 17056016, "baseWinCredits":    7                                           },
		{"matchIn": 37, "pattern":      341, "baseWinCredits":    7                                           },
		{"matchIn": 37, "pattern": 22347776, "baseWinCredits":    7                                           },
		{"matchIn": 37, "pattern": 17039425, "baseWinCredits":    7                                           },
		{"matchIn": 37, "pattern":  1114384, "baseWinCredits":    7                                           },
		{"matchIn": 37, "pattern":   141440, "baseWinCredits":    7                                           },
		{"matchIn": 37, "pattern":   328000, "baseWinCredits":    7                                           },
		{"matchIn": 37, "pattern":  4211716, "baseWinCredits":    7                                           },
		{"matchIn": 37, "pattern": 17825809, "baseWinCredits":    7                                           },
		{"matchIn": 37, "pattern":   131520, "baseWinCredits":    7                                           },
		{"matchIn": 37, "pattern":    10564, "baseWinCredits":    7                                           },
		{"matchIn": 37, "pattern":  4532224, "baseWinCredits":    7                                           },
		{"matchIn": 38, "pattern":       99, "baseWinCredits":    7                                           },
		{"matchIn": 38, "pattern":      792, "baseWinCredits":    7                                           },
		{"matchIn": 38, "pattern":  3244032, "baseWinCredits":    7                                           },
		{"matchIn": 38, "pattern": 25952256, "baseWinCredits":    2                                           },
		{"matchIn": 38, "pattern":     1063, "baseWinCredits":    2                                           },
		{"matchIn": 38, "pattern":    16924, "baseWinCredits":    2                                           },
		{"matchIn": 38, "pattern":  7373824, "baseWinCredits":    2                                           },
		{"matchIn": 38, "pattern": 29900800, "baseWinCredits":    2                                           },
		{"matchIn": 38, "pattern":  4328448, "baseWinCredits":    2                                           },
		{"matchIn": 38, "pattern":  4349952, "baseWinCredits":    2                                           },
		{"matchIn": 38, "pattern":     3204, "baseWinCredits":    2                                           },
		{"matchIn": 38, "pattern":    24708, "baseWinCredits":    2                                           }
	]
}
