{
	"configuration": {
		"tableType": "Bingo",
		"formatVersion": "1.2",
		"name": "25LineMD",
		"tableName": "free",
		"lines": 25,
		"percentage": 92,
		"baseBet": 0,
		"betLevelGroups": {
			"5": [4]
		},
		"entries": 664,
		"progressiveBases": {
			"1": {"valueCredits": 500000}
		},
		"version": 7
	},
	"entries": [
		{ "matchIn":  4, "pattern":       99, "baseWinCredits": 29235                                                  },
		{ "matchIn":  4, "pattern":      792, "baseWinCredits": 29235                                                  },
		{ "matchIn":  4, "pattern":  3244032, "baseWinCredits": 29235                                                  },
		{ "matchIn":  4, "pattern": 25952256, "baseWinCredits": 29235                                                  },
		{ "matchIn":  4, "pattern":  4328448, "baseWinCredits": 29235                                                  },
		{ "matchIn":  4, "pattern":  4349952, "baseWinCredits": 29235                                                  },
		{ "matchIn":  4, "pattern":     3204, "baseWinCredits": 29235                                                  },
		{ "matchIn":  4, "pattern":    24708, "baseWinCredits": 29235                                                  },
		{ "matchIn":  4, "pattern": 17039425, "baseWinCredits": 29235                                                  },
		{ "matchIn":  4, "pattern":  1114384, "baseWinCredits": 29235                                                  },
		{ "matchIn":  4, "pattern":   141440, "baseWinCredits": 29235                                                  },
		{ "matchIn":  4, "pattern":   328000, "baseWinCredits": 29235                                                  },
		{ "matchIn":  4, "pattern":  4211716, "baseWinCredits": 29235                                                  },
		{ "matchIn":  4, "pattern": 17825809, "baseWinCredits": 29235                                                  },
		{ "matchIn":  4, "pattern":   131520, "baseWinCredits": 29235                                                  },
		{ "matchIn":  5, "pattern":       99, "baseWinCredits": 29235                                                  },
		{ "matchIn":  5, "pattern":      792, "baseWinCredits": 29235                                                  },
		{ "matchIn":  5, "pattern":  3244032, "baseWinCredits": 29235                                                  },
		{ "matchIn":  5, "pattern": 25952256, "baseWinCredits": 29235                                                  },
		{ "matchIn":  5, "pattern":     1063, "baseWinCredits": 29235                                                  },
		{ "matchIn":  5, "pattern":    16924, "baseWinCredits": 29235                                                  },
		{ "matchIn":  5, "pattern":  7373824, "baseWinCredits": 29235                                                  },
		{ "matchIn":  5, "pattern": 29900800, "baseWinCredits": 29235                                                  },
		{ "matchIn":  5, "pattern":  4328448, "baseWinCredits": 29235                                                  },
		{ "matchIn":  5, "pattern":  4349952, "baseWinCredits": 29235                                                  },
		{ "matchIn":  5, "pattern":     3204, "baseWinCredits": 29235                                                  },
		{ "matchIn":  5, "pattern":    24708, "baseWinCredits":  8870                                                  },
		{ "matchIn":  5, "pattern":  1115201, "baseWinCredits":  8870                                                  },
		{ "matchIn":  5, "pattern": 17056016, "baseWinCredits":  8870                                                  },
		{ "matchIn":  5, "pattern":      341, "baseWinCredits":  8870                                                  },
		{ "matchIn":  5, "pattern": 22347776, "baseWinCredits":  8870                                                  },
		{ "matchIn":  5, "pattern": 17039425, "baseWinCredits":  8870                                                  },
		{ "matchIn":  5, "pattern":  1114384, "baseWinCredits":  8870                                                  },
		{ "matchIn":  5, "pattern":   141440, "baseWinCredits":  8870                                                  },
		{ "matchIn":  5, "pattern":   328000, "baseWinCredits":  8870                                                  },
		{ "matchIn":  5, "pattern":  4211716, "baseWinCredits":  8870                                                  },
		{ "matchIn":  5, "pattern": 17825809, "baseWinCredits":  8870                                                  },
		{ "matchIn":  5, "pattern":   131520, "baseWinCredits":  8870                                                  },
		{ "matchIn":  5, "pattern":    10564, "baseWinCredits":  8870                                                  },
		{ "matchIn":  5, "pattern":  4532224, "baseWinCredits":  8870                                                  },
		{ "matchIn":  6, "pattern":       99, "baseWinCredits":  8870                                                  },
		{ "matchIn":  6, "pattern":      792, "baseWinCredits":  8870                                                  },
		{ "matchIn":  6, "pattern":  3244032, "baseWinCredits":  8870                                                  },
		{ "matchIn":  6, "pattern": 25952256, "baseWinCredits":  8870                                                  },
		{ "matchIn":  6, "pattern":     1063, "baseWinCredits":  8870                                                  },
		{ "matchIn":  6, "pattern":    16924, "baseWinCredits":  8870                                                  },
		{ "matchIn":  6, "pattern":  7373824, "baseWinCredits":  8870                                                  },
		{ "matchIn":  6, "pattern": 29900800, "baseWinCredits":  8870                                                  },
		{ "matchIn":  6, "pattern":  4328448, "baseWinCredits":  8870                                                  },
		{ "matchIn":  6, "pattern":  4349952, "baseWinCredits":  8870                                                  },
		{ "matchIn":  6, "pattern":     3204, "baseWinCredits":  8870                                                  },
		{ "matchIn":  6, "pattern":    24708, "baseWinCredits":  8870                                                  },
		{ "matchIn":  6, "pattern":  1115201, "baseWinCredits":  8870                                                  },
		{ "matchIn":  6, "pattern": 17056016, "baseWinCredits":  8870                                                  },
		{ "matchIn":  6, "pattern":      341, "baseWinCredits":  8870                                                  },
		{ "matchIn":  6, "pattern": 22347776, "baseWinCredits":  8870                                                  },
		{ "matchIn":  6, "pattern": 17039425, "baseWinCredits":  8870                                                  },
		{ "matchIn":  6, "pattern":  1114384, "baseWinCredits":  8870                                                  },
		{ "matchIn":  6, "pattern":   141440, "baseWinCredits":  8870                                                  },
		{ "matchIn":  6, "pattern":   328000, "baseWinCredits":  8870                                                  },
		{ "matchIn":  6, "pattern":  4211716, "baseWinCredits":  8870                                                  },
		{ "matchIn":  6, "pattern": 17825809, "baseWinCredits":  8870                                                  },
		{ "matchIn":  6, "pattern":   131520, "baseWinCredits":  8870                                                  },
		{ "matchIn":  6, "pattern":    10564, "baseWinCredits":  8870                                                  },
		{ "matchIn":  6, "pattern":  4532224, "baseWinCredits":  8870                                                  },
		{ "matchIn":  7, "pattern":       99, "baseWinCredits":  8870                                                  },
		{ "matchIn":  7, "pattern":      792, "baseWinCredits":  8870                                                  },
		{ "matchIn":  7, "pattern":  3244032, "baseWinCredits":  8870                                                  },
		{ "matchIn":  7, "pattern": 25952256, "baseWinCredits":  8870                                                  },
		{ "matchIn":  7, "pattern":     1063, "baseWinCredits":  8870                                                  },
		{ "matchIn":  7, "pattern":    16924, "baseWinCredits":  8870                                                  },
		{ "matchIn":  7, "pattern":  7373824, "baseWinCredits":  8870                                                  },
		{ "matchIn":  7, "pattern": 29900800, "baseWinCredits":  8870                                                  },
		{ "matchIn":  7, "pattern":  4328448, "baseWinCredits":  8870                                                  },
		{ "matchIn":  7, "pattern":  4349952, "baseWinCredits":  8870                                                  },
		{ "matchIn":  7, "pattern":     3204, "baseWinCredits":  8870                                                  },
		{ "matchIn":  7, "pattern":    24708, "baseWinCredits":  8870                                                  },
		{ "matchIn":  7, "pattern":  1115201, "baseWinCredits":  8870                                                  },
		{ "matchIn":  7, "pattern": 17056016, "baseWinCredits":  8870                                                  },
		{ "matchIn":  7, "pattern":      341, "baseWinCredits":  8870                                                  },
		{ "matchIn":  7, "pattern": 22347776, "baseWinCredits":  8870                                                  },
		{ "matchIn":  7, "pattern": 17039425, "baseWinCredits":  8870                                                  },
		{ "matchIn":  7, "pattern":  1114384, "baseWinCredits":  8870                                                  },
		{ "matchIn":  7, "pattern":   141440, "baseWinCredits":  8870                                                  },
		{ "matchIn":  7, "pattern":   328000, "baseWinCredits":  8870                                                  },
		{ "matchIn":  7, "pattern":  4211716, "baseWinCredits":  1370                                                  },
		{ "matchIn":  7, "pattern": 17825809, "baseWinCredits":  1370                                                  },
		{ "matchIn":  7, "pattern":   131520, "baseWinCredits":  1370                                                  },
		{ "matchIn":  7, "pattern":    10564, "baseWinCredits":  1370                                                  },
		{ "matchIn":  7, "pattern":  4532224, "baseWinCredits":  1370                                                  },
		{ "matchIn":  8, "pattern":       99, "baseWinCredits":  1370                                                  },
		{ "matchIn":  8, "pattern":      792, "baseWinCredits":  1370                                                  },
		{ "matchIn":  8, "pattern":  3244032, "baseWinCredits":  1370                                                  },
		{ "matchIn":  8, "pattern": 25952256, "baseWinCredits":  1370                                                  },
		{ "matchIn":  8, "pattern":     1063, "baseWinCredits":  1370                                                  },
		{ "matchIn":  8, "pattern":    16924, "baseWinCredits":  1370                                                  },
		{ "matchIn":  8, "pattern":  7373824, "baseWinCredits":  1370                                                  },
		{ "matchIn":  8, "pattern": 29900800, "baseWinCredits":  1370                                                  },
		{ "matchIn":  8, "pattern":  4328448, "baseWinCredits":  1370                                                  },
		{ "matchIn":  8, "pattern":  4349952, "baseWinCredits":  1370                                                  },
		{ "matchIn":  8, "pattern":     3204, "baseWinCredits":  1200                                                  },
		{ "matchIn":  8, "pattern":    24708, "baseWinCredits":  1200                                                  },
		{ "matchIn":  8, "pattern":  1115201, "baseWinCredits":  1200                                                  },
		{ "matchIn":  8, "pattern": 17056016, "baseWinCredits":  1200                                                  },
		{ "matchIn":  8, "pattern":      341, "baseWinCredits":  1200                                                  },
		{ "matchIn":  8, "pattern": 22347776, "baseWinCredits":  1200                                                  },
		{ "matchIn":  8, "pattern": 17039425, "baseWinCredits":  1200                                                  },
		{ "matchIn":  8, "pattern":  1114384, "baseWinCredits":  1200                                                  },
		{ "matchIn":  8, "pattern":   141440, "baseWinCredits":  1200                                                  },
		{ "matchIn":  8, "pattern":   328000, "baseWinCredits":  1090                                                  },
		{ "matchIn":  8, "pattern":  4211716, "baseWinCredits":  1090                                                  },
		{ "matchIn":  8, "pattern": 17825809, "baseWinCredits":  1090                                                  },
		{ "matchIn":  8, "pattern":   131520, "baseWinCredits":  1090                                                  },
		{ "matchIn":  8, "pattern":    10564, "baseWinCredits":  1090                                                  },
		{ "matchIn":  8, "pattern":  4532224, "baseWinCredits":  1090                                                  },
		{ "matchIn":  9, "pattern":       99, "baseWinCredits":  1090                                                  },
		{ "matchIn":  9, "pattern":      792, "baseWinCredits":  1090                                                  },
		{ "matchIn":  9, "pattern":  3244032, "baseWinCredits":  1000                                                  },
		{ "matchIn":  9, "pattern": 25952256, "baseWinCredits":   950                                                  },
		{ "matchIn":  9, "pattern":     1063, "baseWinCredits":   950                                                  },
		{ "matchIn":  9, "pattern":    16924, "baseWinCredits":   950                                                  },
		{ "matchIn":  9, "pattern":  7373824, "baseWinCredits":   950                                                  },
		{ "matchIn":  9, "pattern": 29900800, "baseWinCredits":   950                                                  },
		{ "matchIn":  9, "pattern":  4328448, "baseWinCredits":   950                                                  },
		{ "matchIn":  9, "pattern":  4349952, "baseWinCredits":   900                                                  },
		{ "matchIn":  9, "pattern":     3204, "baseWinCredits":   900                                                  },
		{ "matchIn":  9, "pattern":    24708, "baseWinCredits":   850                                                  },
		{ "matchIn":  9, "pattern":  1115201, "baseWinCredits":   850                                                  },
		{ "matchIn":  9, "pattern": 17056016, "baseWinCredits":   850                                                  },
		{ "matchIn":  9, "pattern":      341, "baseWinCredits":   850                                                  },
		{ "matchIn":  9, "pattern": 22347776, "baseWinCredits":   850                                                  },
		{ "matchIn":  9, "pattern": 17039425, "baseWinCredits":   850                                                  },
		{ "matchIn":  9, "pattern":  1114384, "baseWinCredits":   850                                                  },
		{ "matchIn":  9, "pattern":   141440, "baseWinCredits":   850                                                  },
		{ "matchIn":  9, "pattern":   328000, "baseWinCredits":   800                                                  },
		{ "matchIn":  9, "pattern":  4211716, "baseWinCredits":   800                                                  },
		{ "matchIn":  9, "pattern": 17825809, "baseWinCredits":   800                                                  },
		{ "matchIn":  9, "pattern":   131520, "baseWinCredits":   800                                                  },
		{ "matchIn":  9, "pattern":    10564, "baseWinCredits":   800                                                  },
		{ "matchIn":  9, "pattern":  4532224, "baseWinCredits":   800                                                  },
		{ "matchIn": 10, "pattern":       99, "baseWinCredits":   750                                                  },
		{ "matchIn": 10, "pattern":      792, "baseWinCredits":   750                                                  },
		{ "matchIn": 10, "pattern":  3244032, "baseWinCredits":   700                                                  },
		{ "matchIn": 10, "pattern": 25952256, "baseWinCredits":   700                                                  },
		{ "matchIn": 10, "pattern":     1063, "baseWinCredits":   675                                                  },
		{ "matchIn": 10, "pattern":    16924, "baseWinCredits":   675                                                  },
		{ "matchIn": 10, "pattern":  7373824, "baseWinCredits":   675                                                  },
		{ "matchIn": 10, "pattern": 29900800, "baseWinCredits":   675                                                  },
		{ "matchIn": 10, "pattern":  4328448, "baseWinCredits":   675                                                  },
		{ "matchIn": 10, "pattern":  4349952, "baseWinCredits":   675                                                  },
		{ "matchIn": 10, "pattern":     3204, "baseWinCredits":   650                                                  },
		{ "matchIn": 10, "pattern":    24708, "baseWinCredits":   635                                                  },
		{ "matchIn": 10, "pattern":  1115201, "baseWinCredits":   635                                                  },
		{ "matchIn": 10, "pattern": 17056016, "baseWinCredits":   635                                                  },
		{ "matchIn": 10, "pattern":      341, "baseWinCredits":   635                                                  },
		{ "matchIn": 10, "pattern": 22347776, "baseWinCredits":   635                                                  },
		{ "matchIn": 10, "pattern": 17039425, "baseWinCredits":   635                                                  },
		{ "matchIn": 10, "pattern":  1114384, "baseWinCredits":   635                                                  },
		{ "matchIn": 10, "pattern":   141440, "baseWinCredits":   635                                                  },
		{ "matchIn": 10, "pattern":   328000, "baseWinCredits":   635                                                  },
		{ "matchIn": 10, "pattern":  4211716, "baseWinCredits":   600                                                  },
		{ "matchIn": 10, "pattern": 17825809, "baseWinCredits":   600                                                  },
		{ "matchIn": 10, "pattern":   131520, "baseWinCredits":   600                                                  },
		{ "matchIn": 10, "pattern":    10564, "baseWinCredits":   600                                                  },
		{ "matchIn": 10, "pattern":  4532224, "baseWinCredits":   570                                                  },
		{ "matchIn": 11, "pattern":       99, "baseWinCredits":   570                                                  },
		{ "matchIn": 11, "pattern":      792, "baseWinCredits":   570                                                  },
		{ "matchIn": 11, "pattern":  3244032, "baseWinCredits":   550                                                  },
		{ "matchIn": 11, "pattern": 25952256, "baseWinCredits":   550                                                  },
		{ "matchIn": 11, "pattern":     1063, "baseWinCredits":   550                                                  },
		{ "matchIn": 11, "pattern":    16924, "baseWinCredits":   550                                                  },
		{ "matchIn": 11, "pattern":  7373824, "baseWinCredits":   550                                                  },
		{ "matchIn": 11, "pattern": 29900800, "baseWinCredits":   550                                                  },
		{ "matchIn": 11, "pattern":  4328448, "baseWinCredits":   550                                                  },
		{ "matchIn": 11, "pattern":  4349952, "baseWinCredits":   525                                                  },
		{ "matchIn": 11, "pattern":     3204, "baseWinCredits":   525                                                  },
		{ "matchIn": 11, "pattern":    24708, "baseWinCredits":   525                                                  },
		{ "matchIn": 11, "pattern":  1115201, "baseWinCredits":   525                                                  },
		{ "matchIn": 11, "pattern": 17056016, "baseWinCredits":   525                                                  },
		{ "matchIn": 11, "pattern":      341, "baseWinCredits":   525                                                  },
		{ "matchIn": 11, "pattern": 22347776, "baseWinCredits":   525                                                  },
		{ "matchIn": 11, "pattern": 17039425, "baseWinCredits":   525                                                  },
		{ "matchIn": 11, "pattern":  1114384, "baseWinCredits":   525                                                  },
		{ "matchIn": 11, "pattern":   141440, "baseWinCredits":   525                                                  },
		{ "matchIn": 11, "pattern":   328000, "baseWinCredits":   500                                                  },
		{ "matchIn": 11, "pattern":  4211716, "baseWinCredits":   475                                                  },
		{ "matchIn": 11, "pattern": 17825809, "baseWinCredits":   475                                                  },
		{ "matchIn": 11, "pattern":   131520, "baseWinCredits":   450                                                  },
		{ "matchIn": 11, "pattern":    10564, "baseWinCredits":   450                                                  },
		{ "matchIn": 11, "pattern":  4532224, "baseWinCredits":   450                                                  },
		{ "matchIn": 12, "pattern":       99, "baseWinCredits":   450                                                  },
		{ "matchIn": 12, "pattern":      792, "baseWinCredits":   430                                                  },
		{ "matchIn": 12, "pattern":  3244032, "baseWinCredits":   430                                                  },
		{ "matchIn": 12, "pattern": 25952256, "baseWinCredits":   430                                                  },
		{ "matchIn": 12, "pattern":     1063, "baseWinCredits":   430                                                  },
		{ "matchIn": 12, "pattern":    16924, "baseWinCredits":   430                                                  },
		{ "matchIn": 12, "pattern":  7373824, "baseWinCredits":   430                                                  },
		{ "matchIn": 12, "pattern": 29900800, "baseWinCredits":   400                                                  },
		{ "matchIn": 12, "pattern":  4328448, "baseWinCredits":   400                                                  },
		{ "matchIn": 12, "pattern":  4349952, "baseWinCredits":   400                                                  },
		{ "matchIn": 12, "pattern":     3204, "baseWinCredits":   400                                                  },
		{ "matchIn": 12, "pattern":    24708, "baseWinCredits":   385                                                  },
		{ "matchIn": 12, "pattern":  1115201, "baseWinCredits":   385                                                  },
		{ "matchIn": 12, "pattern": 17056016, "baseWinCredits":   385                                                  },
		{ "matchIn": 12, "pattern":      341, "baseWinCredits":   385                                                  },
		{ "matchIn": 12, "pattern": 22347776, "baseWinCredits":   385                                                  },
		{ "matchIn": 12, "pattern": 17039425, "baseWinCredits":   385                                                  },
		{ "matchIn": 12, "pattern":  1114384, "baseWinCredits":   385                                                  },
		{ "matchIn": 12, "pattern":   141440, "baseWinCredits":   385                                                  },
		{ "matchIn": 12, "pattern":   328000, "baseWinCredits":   350                                                  },
		{ "matchIn": 12, "pattern":  4211716, "baseWinCredits":   350                                                  },
		{ "matchIn": 12, "pattern": 17825809, "baseWinCredits":   350                                                  },
		{ "matchIn": 12, "pattern":   131520, "baseWinCredits":   350                                                  },
		{ "matchIn": 12, "pattern":    10564, "baseWinCredits":   350                                                  },
		{ "matchIn": 12, "pattern":  4532224, "baseWinCredits":   350                                                  },
		{ "matchIn": 13, "pattern":       99, "baseWinCredits":   325                                                  },
		{ "matchIn": 13, "pattern":      792, "baseWinCredits":   325                                                  },
		{ "matchIn": 13, "pattern":  3244032, "baseWinCredits":   325                                                  },
		{ "matchIn": 13, "pattern": 25952256, "baseWinCredits":   310                                                  },
		{ "matchIn": 13, "pattern":     1063, "baseWinCredits":   310                                                  },
		{ "matchIn": 13, "pattern":    16924, "baseWinCredits":   310                                                  },
		{ "matchIn": 13, "pattern":  7373824, "baseWinCredits":   310                                                  },
		{ "matchIn": 13, "pattern": 29900800, "baseWinCredits":   310                                                  },
		{ "matchIn": 13, "pattern":  4328448, "baseWinCredits":   310                                                  },
		{ "matchIn": 13, "pattern":  4349952, "baseWinCredits":   310                                                  },
		{ "matchIn": 13, "pattern":     3204, "baseWinCredits":   310                                                  },
		{ "matchIn": 13, "pattern":    24708, "baseWinCredits":   310                                                  },
		{ "matchIn": 13, "pattern":  1115201, "baseWinCredits":   310                                                  },
		{ "matchIn": 13, "pattern": 17056016, "baseWinCredits":   310                                                  },
		{ "matchIn": 13, "pattern":      341, "baseWinCredits":   310                                                  },
		{ "matchIn": 13, "pattern": 22347776, "baseWinCredits":   310                                                  },
		{ "matchIn": 13, "pattern": 17039425, "baseWinCredits":   310                                                  },
		{ "matchIn": 13, "pattern":  1114384, "baseWinCredits":   310                                                  },
		{ "matchIn": 13, "pattern":   141440, "baseWinCredits":   275                                                  },
		{ "matchIn": 13, "pattern":   328000, "baseWinCredits":   275                                                  },
		{ "matchIn": 13, "pattern":  4211716, "baseWinCredits":   275                                                  },
		{ "matchIn": 13, "pattern": 17825809, "baseWinCredits":   275                                                  },
		{ "matchIn": 13, "pattern":   131520, "baseWinCredits":   275                                                  },
		{ "matchIn": 13, "pattern":    10564, "baseWinCredits":   275                                                  },
		{ "matchIn": 13, "pattern":  4532224, "baseWinCredits":   275                                                  },
		{ "matchIn": 14, "pattern":       99, "baseWinCredits":   275                                                  },
		{ "matchIn": 14, "pattern":      792, "baseWinCredits":   275                                                  },
		{ "matchIn": 14, "pattern":  3244032, "baseWinCredits":   250                                                  },
		{ "matchIn": 14, "pattern": 25952256, "baseWinCredits":   250                                                  },
		{ "matchIn": 14, "pattern":     1063, "baseWinCredits":   250                                                  },
		{ "matchIn": 14, "pattern":    16924, "baseWinCredits":   250                                                  },
		{ "matchIn": 14, "pattern":  7373824, "baseWinCredits":   250                                                  },
		{ "matchIn": 14, "pattern": 29900800, "baseWinCredits":   250                                                  },
		{ "matchIn": 14, "pattern":  4328448, "baseWinCredits":   250                                                  },
		{ "matchIn": 14, "pattern":  4349952, "baseWinCredits":   220                                                  },
		{ "matchIn": 14, "pattern":     3204, "baseWinCredits":   220                                                  },
		{ "matchIn": 14, "pattern":    24708, "baseWinCredits":   220                                                  },
		{ "matchIn": 14, "pattern":  1115201, "baseWinCredits":   220                                                  },
		{ "matchIn": 14, "pattern": 17056016, "baseWinCredits":   220                                                  },
		{ "matchIn": 14, "pattern":      341, "baseWinCredits":   220                                                  },
		{ "matchIn": 14, "pattern": 22347776, "baseWinCredits":   220                                                  },
		{ "matchIn": 14, "pattern": 17039425, "baseWinCredits":   220                                                  },
		{ "matchIn": 14, "pattern":  1114384, "baseWinCredits":   220                                                  },
		{ "matchIn": 14, "pattern":   141440, "baseWinCredits":   220                                                  },
		{ "matchIn": 14, "pattern":   328000, "baseWinCredits":   220                                                  },
		{ "matchIn": 14, "pattern":  4211716, "baseWinCredits":   220                                                  },
		{ "matchIn": 14, "pattern": 17825809, "baseWinCredits":   220                                                  },
		{ "matchIn": 14, "pattern":   131520, "baseWinCredits":   220                                                  },
		{ "matchIn": 14, "pattern":    10564, "baseWinCredits":   220                                                  },
		{ "matchIn": 14, "pattern":  4532224, "baseWinCredits":   220                                                  },
		{ "matchIn": 15, "pattern":       99, "baseWinCredits":   220                                                  },
		{ "matchIn": 15, "pattern":      792, "baseWinCredits":   190                                                  },
		{ "matchIn": 15, "pattern":  3244032, "baseWinCredits":   190                                                  },
		{ "matchIn": 15, "pattern": 25952256, "baseWinCredits":   190                                                  },
		{ "matchIn": 15, "pattern":     1063, "baseWinCredits":   180                                                  },
		{ "matchIn": 15, "pattern":    16924, "baseWinCredits":   180                                                  },
		{ "matchIn": 15, "pattern":  7373824, "baseWinCredits":   180                                                  },
		{ "matchIn": 15, "pattern": 29900800, "baseWinCredits":   180                                                  },
		{ "matchIn": 15, "pattern":  4328448, "baseWinCredits":   180                                                  },
		{ "matchIn": 15, "pattern":  4349952, "baseWinCredits":   180                                                  },
		{ "matchIn": 15, "pattern":     3204, "baseWinCredits":   180                                                  },
		{ "matchIn": 15, "pattern":    24708, "baseWinCredits":   170                                                  },
		{ "matchIn": 15, "pattern":  1115201, "baseWinCredits":   170                                                  },
		{ "matchIn": 15, "pattern": 17056016, "baseWinCredits":   170                                                  },
		{ "matchIn": 15, "pattern":      341, "baseWinCredits":   170                                                  },
		{ "matchIn": 15, "pattern": 22347776, "baseWinCredits":   170                                                  },
		{ "matchIn": 15, "pattern": 17039425, "baseWinCredits":   170                                                  },
		{ "matchIn": 15, "pattern":  1114384, "baseWinCredits":   170                                                  },
		{ "matchIn": 15, "pattern":   141440, "baseWinCredits":   170                                                  },
		{ "matchIn": 15, "pattern":   328000, "baseWinCredits":   160                                                  },
		{ "matchIn": 15, "pattern":  4211716, "baseWinCredits":   160                                                  },
		{ "matchIn": 15, "pattern": 17825809, "baseWinCredits":   160                                                  },
		{ "matchIn": 15, "pattern":   131520, "baseWinCredits":   160                                                  },
		{ "matchIn": 15, "pattern":    10564, "baseWinCredits":   160                                                  },
		{ "matchIn": 15, "pattern":  4532224, "baseWinCredits":   160                                                  },
		{ "matchIn": 16, "pattern":       99, "baseWinCredits":   160                                                  },
		{ "matchIn": 16, "pattern":      792, "baseWinCredits":   160                                                  },
		{ "matchIn": 16, "pattern":  3244032, "baseWinCredits":   160                                                  },
		{ "matchIn": 16, "pattern": 25952256, "baseWinCredits":   150                                                  },
		{ "matchIn": 16, "pattern":     1063, "baseWinCredits":   150                                                  },
		{ "matchIn": 16, "pattern":    16924, "baseWinCredits":   150                                                  },
		{ "matchIn": 16, "pattern":  7373824, "baseWinCredits":   150                                                  },
		{ "matchIn": 16, "pattern": 29900800, "baseWinCredits":   150                                                  },
		{ "matchIn": 16, "pattern":  4328448, "baseWinCredits":   150                                                  },
		{ "matchIn": 16, "pattern":  4349952, "baseWinCredits":   145                                                  },
		{ "matchIn": 16, "pattern":     3204, "baseWinCredits":   145                                                  },
		{ "matchIn": 16, "pattern":    24708, "baseWinCredits":   145                                                  },
		{ "matchIn": 16, "pattern":  1115201, "baseWinCredits":   140                                                  },
		{ "matchIn": 16, "pattern": 17056016, "baseWinCredits":   140                                                  },
		{ "matchIn": 16, "pattern":      341, "baseWinCredits":   140                                                  },
		{ "matchIn": 16, "pattern": 22347776, "baseWinCredits":   140                                                  },
		{ "matchIn": 16, "pattern": 17039425, "baseWinCredits":   140                                                  },
		{ "matchIn": 16, "pattern":  1114384, "baseWinCredits":   140                                                  },
		{ "matchIn": 16, "pattern":   141440, "baseWinCredits":   140                                                  },
		{ "matchIn": 16, "pattern":   328000, "baseWinCredits":   140                                                  },
		{ "matchIn": 16, "pattern":  4211716, "baseWinCredits":   140                                                  },
		{ "matchIn": 16, "pattern": 17825809, "baseWinCredits":   140                                                  },
		{ "matchIn": 16, "pattern":   131520, "baseWinCredits":   140                                                  },
		{ "matchIn": 16, "pattern":    10564, "baseWinCredits":   140                                                  },
		{ "matchIn": 16, "pattern":  4532224, "baseWinCredits":   140                                                  },
		{ "matchIn": 17, "pattern":       99, "baseWinCredits":   140                                                  },
		{ "matchIn": 17, "pattern":      792, "baseWinCredits":   125                                                  },
		{ "matchIn": 17, "pattern":  3244032, "baseWinCredits":   125                                                  },
		{ "matchIn": 17, "pattern": 25952256, "baseWinCredits":   125                                                  },
		{ "matchIn": 17, "pattern":     1063, "baseWinCredits":   125                                                  },
		{ "matchIn": 17, "pattern":    16924, "baseWinCredits":   120                                                  },
		{ "matchIn": 17, "pattern":  7373824, "baseWinCredits":   120                                                  },
		{ "matchIn": 17, "pattern": 29900800, "baseWinCredits":   120                                                  },
		{ "matchIn": 17, "pattern":  4328448, "baseWinCredits":   120                                                  },
		{ "matchIn": 17, "pattern":  4349952, "baseWinCredits":   120                                                  },
		{ "matchIn": 17, "pattern":     3204, "baseWinCredits":   120                                                  },
		{ "matchIn": 17, "pattern":    24708, "baseWinCredits":   120                                                  },
		{ "matchIn": 17, "pattern":  1115201, "baseWinCredits":   120                                                  },
		{ "matchIn": 17, "pattern": 17056016, "baseWinCredits":   120                                                  },
		{ "matchIn": 17, "pattern":      341, "baseWinCredits":   120                                                  },
		{ "matchIn": 17, "pattern": 22347776, "baseWinCredits":   120                                                  },
		{ "matchIn": 17, "pattern": 17039425, "baseWinCredits":   120                                                  },
		{ "matchIn": 17, "pattern":  1114384, "baseWinCredits":   115                                                  },
		{ "matchIn": 17, "pattern":   141440, "baseWinCredits":   115                                                  },
		{ "matchIn": 17, "pattern":   328000, "baseWinCredits":   110                                                  },
		{ "matchIn": 17, "pattern":  4211716, "baseWinCredits":   110                                                  },
		{ "matchIn": 17, "pattern": 17825809, "baseWinCredits":   110                                                  },
		{ "matchIn": 17, "pattern":   131520, "baseWinCredits":   110                                                  },
		{ "matchIn": 17, "pattern":    10564, "baseWinCredits":   110                                                  },
		{ "matchIn": 17, "pattern":  4532224, "baseWinCredits":   110                                                  },
		{ "matchIn": 18, "pattern":       99, "baseWinCredits":   105                                                  },
		{ "matchIn": 18, "pattern":      792, "baseWinCredits":   105                                                  },
		{ "matchIn": 18, "pattern":  3244032, "baseWinCredits":   105                                                  },
		{ "matchIn": 18, "pattern": 25952256, "baseWinCredits":   105                                                  },
		{ "matchIn": 18, "pattern":     1063, "baseWinCredits":   100                                                  },
		{ "matchIn": 18, "pattern":    16924, "baseWinCredits":   100                                                  },
		{ "matchIn": 18, "pattern":  7373824, "baseWinCredits":   100                                                  },
		{ "matchIn": 18, "pattern": 29900800, "baseWinCredits":   100                                                  },
		{ "matchIn": 18, "pattern":  4328448, "baseWinCredits":   100                                                  },
		{ "matchIn": 18, "pattern":  4349952, "baseWinCredits":   100                                                  },
		{ "matchIn": 18, "pattern":     3204, "baseWinCredits":   100                                                  },
		{ "matchIn": 18, "pattern":    24708, "baseWinCredits":   100                                                  },
		{ "matchIn": 18, "pattern":  1115201, "baseWinCredits":   100                                                  },
		{ "matchIn": 18, "pattern": 17056016, "baseWinCredits":   100                                                  },
		{ "matchIn": 18, "pattern":      341, "baseWinCredits":   100                                                  },
		{ "matchIn": 18, "pattern": 22347776, "baseWinCredits":   100                                                  },
		{ "matchIn": 18, "pattern": 17039425, "baseWinCredits":   100                                                  },
		{ "matchIn": 18, "pattern":  1114384, "baseWinCredits":   100                                                  },
		{ "matchIn": 18, "pattern":   141440, "baseWinCredits":    95                                                  },
		{ "matchIn": 18, "pattern":   328000, "baseWinCredits":    95                                                  },
		{ "matchIn": 18, "pattern":  4211716, "baseWinCredits":    90                                                  },
		{ "matchIn": 18, "pattern": 17825809, "baseWinCredits":    90                                                  },
		{ "matchIn": 18, "pattern":   131520, "baseWinCredits":    90                                                  },
		{ "matchIn": 18, "pattern":    10564, "baseWinCredits":    85                                                  },
		{ "matchIn": 18, "pattern":  4532224, "baseWinCredits":    85                                                  },
		{ "matchIn": 19, "pattern":       99, "baseWinCredits":    85                                                  },
		{ "matchIn": 19, "pattern":      792, "baseWinCredits":    85                                                  },
		{ "matchIn": 19, "pattern":  3244032, "baseWinCredits":    80                                                  },
		{ "matchIn": 19, "pattern": 25952256, "baseWinCredits":    80                                                  },
		{ "matchIn": 19, "pattern":     1063, "baseWinCredits":    80                                                  },
		{ "matchIn": 19, "pattern":    16924, "baseWinCredits":    80                                                  },
		{ "matchIn": 19, "pattern":  7373824, "baseWinCredits":    80                                                  },
		{ "matchIn": 19, "pattern": 29900800, "baseWinCredits":    80                                                  },
		{ "matchIn": 19, "pattern":  4328448, "baseWinCredits":    80                                                  },
		{ "matchIn": 19, "pattern":  4349952, "baseWinCredits":    80                                                  },
		{ "matchIn": 19, "pattern":     3204, "baseWinCredits":    75                                                  },
		{ "matchIn": 19, "pattern":    24708, "baseWinCredits":    75                                                  },
		{ "matchIn": 19, "pattern":  1115201, "baseWinCredits":    75                                                  },
		{ "matchIn": 19, "pattern": 17056016, "baseWinCredits":    75                                                  },
		{ "matchIn": 19, "pattern":      341, "baseWinCredits":    75                                                  },
		{ "matchIn": 19, "pattern": 22347776, "baseWinCredits":    75                                                  },
		{ "matchIn": 19, "pattern": 17039425, "baseWinCredits":    75                                                  },
		{ "matchIn": 19, "pattern":  1114384, "baseWinCredits":    70                                                  },
		{ "matchIn": 19, "pattern":   141440, "baseWinCredits":    70                                                  },
		{ "matchIn": 19, "pattern":   328000, "baseWinCredits":    70                                                  },
		{ "matchIn": 19, "pattern":  4211716, "baseWinCredits":    70                                                  },
		{ "matchIn": 19, "pattern": 17825809, "baseWinCredits":    65                                                  },
		{ "matchIn": 19, "pattern":   131520, "baseWinCredits":    65                                                  },
		{ "matchIn": 19, "pattern":    10564, "baseWinCredits":    65                                                  },
		{ "matchIn": 19, "pattern":  4532224, "baseWinCredits":    65                                                  },
		{ "matchIn": 20, "pattern":       99, "baseWinCredits":    65                                                  },
		{ "matchIn": 20, "pattern":      792, "baseWinCredits":    65                                                  },
		{ "matchIn": 20, "pattern":  3244032, "baseWinCredits":    60                                                  },
		{ "matchIn": 20, "pattern": 25952256, "baseWinCredits":    60                                                  },
		{ "matchIn": 20, "pattern":     1063, "baseWinCredits":    60                                                  },
		{ "matchIn": 20, "pattern":    16924, "baseWinCredits":    60                                                  },
		{ "matchIn": 20, "pattern":  7373824, "baseWinCredits":    60                                                  },
		{ "matchIn": 20, "pattern": 29900800, "baseWinCredits":    60                                                  },
		{ "matchIn": 20, "pattern":  4328448, "baseWinCredits":    60                                                  },
		{ "matchIn": 20, "pattern":  4349952, "baseWinCredits":    60                                                  },
		{ "matchIn": 20, "pattern":     3204, "baseWinCredits":    60                                                  },
		{ "matchIn": 20, "pattern":    24708, "baseWinCredits":    60                                                  },
		{ "matchIn": 20, "pattern":  1115201, "baseWinCredits":    60                                                  },
		{ "matchIn": 20, "pattern": 17056016, "baseWinCredits":    60                                                  },
		{ "matchIn": 20, "pattern":      341, "baseWinCredits":    60                                                  },
		{ "matchIn": 20, "pattern": 22347776, "baseWinCredits":    60                                                  },
		{ "matchIn": 20, "pattern": 17039425, "baseWinCredits":   500, "bonusGamesAwarded": 20                         },
		{ "matchIn": 20, "pattern":  1114384, "baseWinCredits":    60                                                  },
		{ "matchIn": 20, "pattern":   141440, "baseWinCredits":    56                                                  },
		{ "matchIn": 20, "pattern":   328000, "baseWinCredits":    56                                                  },
		{ "matchIn": 20, "pattern":  4211716, "baseWinCredits":    56                                                  },
		{ "matchIn": 20, "pattern": 17825809, "baseWinCredits":    56                                                  },
		{ "matchIn": 20, "pattern":   131520, "baseWinCredits":    56                                                  },
		{ "matchIn": 20, "pattern":    10564, "baseWinCredits":    50                                                  },
		{ "matchIn": 20, "pattern":  4532224, "baseWinCredits":    50                                                  },
		{ "matchIn": 21, "pattern":       99, "baseWinCredits":    50                                                  },
		{ "matchIn": 21, "pattern":      792, "baseWinCredits":    50                                                  },
		{ "matchIn": 21, "pattern":  3244032, "baseWinCredits":    50                                                  },
		{ "matchIn": 21, "pattern": 25952256, "baseWinCredits":    50                                                  },
		{ "matchIn": 21, "pattern":     1063, "baseWinCredits":    50                                                  },
		{ "matchIn": 21, "pattern":    16924, "baseWinCredits":    50                                                  },
		{ "matchIn": 21, "pattern":  7373824, "baseWinCredits":    50                                                  },
		{ "matchIn": 21, "pattern": 29900800, "baseWinCredits":    45                                                  },
		{ "matchIn": 21, "pattern":  4328448, "baseWinCredits":    45                                                  },
		{ "matchIn": 21, "pattern":  4349952, "baseWinCredits":    45                                                  },
		{ "matchIn": 21, "pattern":     3204, "baseWinCredits":    45                                                  },
		{ "matchIn": 21, "pattern":    24708, "baseWinCredits":    45                                                  },
		{ "matchIn": 21, "pattern":  1115201, "baseWinCredits":    45                                                  },
		{ "matchIn": 21, "pattern": 17056016, "baseWinCredits":    45                                                  },
		{ "matchIn": 21, "pattern":      341, "baseWinCredits":    45                                                  },
		{ "matchIn": 21, "pattern": 22347776, "baseWinCredits":    45                                                  },
		{ "matchIn": 21, "pattern": 17039425, "baseWinCredits":    40                                                  },
		{ "matchIn": 21, "pattern":  1114384, "baseWinCredits":    40                                                  },
		{ "matchIn": 21, "pattern":   141440, "baseWinCredits":    40                                                  },
		{ "matchIn": 21, "pattern":   328000, "baseWinCredits":    40                                                  },
		{ "matchIn": 21, "pattern":  4211716, "baseWinCredits":    40                                                  },
		{ "matchIn": 21, "pattern": 17825809, "baseWinCredits":    40                                                  },
		{ "matchIn": 21, "pattern":   131520, "baseWinCredits":    40                                                  },
		{ "matchIn": 21, "pattern":    10564, "baseWinCredits":    40                                                  },
		{ "matchIn": 21, "pattern":  4532224, "baseWinCredits":    40                                                  },
		{ "matchIn": 22, "pattern":       99, "baseWinCredits":    40                                                  },
		{ "matchIn": 22, "pattern":      792, "baseWinCredits":    40                                                  },
		{ "matchIn": 22, "pattern":  3244032, "baseWinCredits":    40                                                  },
		{ "matchIn": 22, "pattern": 25952256, "baseWinCredits":    40                                                  },
		{ "matchIn": 22, "pattern":     1063, "baseWinCredits":    40                                                  },
		{ "matchIn": 22, "pattern":    16924, "baseWinCredits":    40                                                  },
		{ "matchIn": 22, "pattern":  7373824, "baseWinCredits":    40                                                  },
		{ "matchIn": 22, "pattern": 29900800, "baseWinCredits":    40                                                  },
		{ "matchIn": 22, "pattern":  4328448, "baseWinCredits":    40                                                  },
		{ "matchIn": 22, "pattern":  4349952, "baseWinCredits":    40                                                  },
		{ "matchIn": 22, "pattern":     3204, "baseWinCredits":    40                                                  },
		{ "matchIn": 22, "pattern":    24708, "baseWinCredits":    35                                                  },
		{ "matchIn": 22, "pattern":  1115201, "baseWinCredits":    35                                                  },
		{ "matchIn": 22, "pattern": 17056016, "baseWinCredits":    35                                                  },
		{ "matchIn": 22, "pattern":      341, "baseWinCredits":    35                                                  },
		{ "matchIn": 22, "pattern": 22347776, "baseWinCredits":    35                                                  },
		{ "matchIn": 22, "pattern": 17039425, "baseWinCredits":    35                                                  },
		{ "matchIn": 22, "pattern":  1114384, "baseWinCredits":    35                                                  },
		{ "matchIn": 22, "pattern":   141440, "baseWinCredits":    35                                                  },
		{ "matchIn": 22, "pattern":   328000, "baseWinCredits":    35                                                  },
		{ "matchIn": 22, "pattern":  4211716, "baseWinCredits":    30                                                  },
		{ "matchIn": 22, "pattern": 17825809, "baseWinCredits":    30                                                  },
		{ "matchIn": 22, "pattern":   131520, "baseWinCredits":    30                                                  },
		{ "matchIn": 22, "pattern":    10564, "baseWinCredits":    30                                                  },
		{ "matchIn": 22, "pattern":  4532224, "baseWinCredits":    30                                                  },
		{ "matchIn": 23, "pattern":       99, "baseWinCredits":    30                                                  },
		{ "matchIn": 23, "pattern":      792, "baseWinCredits":    30                                                  },
		{ "matchIn": 23, "pattern":  3244032, "baseWinCredits":    30                                                  },
		{ "matchIn": 23, "pattern": 25952256, "baseWinCredits":    30                                                  },
		{ "matchIn": 23, "pattern":     1063, "baseWinCredits":    30                                                  },
		{ "matchIn": 23, "pattern":    16924, "baseWinCredits":    30                                                  },
		{ "matchIn": 23, "pattern":  7373824, "baseWinCredits":    30                                                  },
		{ "matchIn": 23, "pattern": 29900800, "baseWinCredits":    30                                                  },
		{ "matchIn": 23, "pattern":  4328448, "baseWinCredits":    30                                                  },
		{ "matchIn": 23, "pattern":  4349952, "baseWinCredits":    30                                                  },
		{ "matchIn": 23, "pattern":     3204, "baseWinCredits":    30                                                  },
		{ "matchIn": 23, "pattern":    24708, "baseWinCredits":    30                                                  },
		{ "matchIn": 23, "pattern":  1115201, "baseWinCredits":    30                                                  },
		{ "matchIn": 23, "pattern": 17056016, "baseWinCredits":    30                                                  },
		{ "matchIn": 23, "pattern":      341, "baseWinCredits":    25                                                  },
		{ "matchIn": 23, "pattern": 22347776, "baseWinCredits":    25                                                  },
		{ "matchIn": 23, "pattern": 17039425, "baseWinCredits":    25                                                  },
		{ "matchIn": 23, "pattern":  1114384, "baseWinCredits":    25                                                  },
		{ "matchIn": 23, "pattern":   141440, "baseWinCredits":    25                                                  },
		{ "matchIn": 23, "pattern":   328000, "baseWinCredits":    25                                                  },
		{ "matchIn": 23, "pattern":  4211716, "baseWinCredits":    25                                                  },
		{ "matchIn": 23, "pattern": 17825809, "baseWinCredits":    25                                                  },
		{ "matchIn": 23, "pattern":   131520, "baseWinCredits":    25                                                  },
		{ "matchIn": 23, "pattern":    10564, "baseWinCredits":    25                                                  },
		{ "matchIn": 23, "pattern":  4532224, "baseWinCredits":    25                                                  },
		{ "matchIn": 24, "pattern":       99, "baseWinCredits":    25                                                  },
		{ "matchIn": 24, "pattern":      792, "baseWinCredits":    25                                                  },
		{ "matchIn": 24, "pattern":  3244032, "baseWinCredits":    20                                                  },
		{ "matchIn": 24, "pattern": 25952256, "baseWinCredits":    20                                                  },
		{ "matchIn": 24, "pattern":     1063, "baseWinCredits":    20                                                  },
		{ "matchIn": 24, "pattern":    16924, "baseWinCredits":    20                                                  },
		{ "matchIn": 24, "pattern":  7373824, "baseWinCredits":    20                                                  },
		{ "matchIn": 24, "pattern": 29900800, "baseWinCredits":    20                                                  },
		{ "matchIn": 24, "pattern":  4328448, "baseWinCredits":    20                                                  },
		{ "matchIn": 24, "pattern":  4349952, "baseWinCredits":    20                                                  },
		{ "matchIn": 24, "pattern":     3204, "baseWinCredits":    20                                                  },
		{ "matchIn": 24, "pattern":    24708, "baseWinCredits":    20                                                  },
		{ "matchIn": 24, "pattern":  1115201, "baseWinCredits":    20                                                  },
		{ "matchIn": 24, "pattern": 17056016, "baseWinCredits":    20                                                  },
		{ "matchIn": 24, "pattern":      341, "baseWinCredits":    20                                                  },
		{ "matchIn": 24, "pattern": 22347776, "baseWinCredits":    20                                                  },
		{ "matchIn": 24, "pattern": 17039425, "baseWinCredits":    20                                                  },
		{ "matchIn": 24, "pattern":  1114384, "baseWinCredits":    20                                                  },
		{ "matchIn": 24, "pattern":   141440, "baseWinCredits":    20                                                  },
		{ "matchIn": 24, "pattern":   328000, "baseWinCredits":    20                                                  },
		{ "matchIn": 24, "pattern":  4211716, "baseWinCredits":    20                                                  },
		{ "matchIn": 24, "pattern": 17825809, "baseWinCredits":    20                                                  },
		{ "matchIn": 24, "pattern":   131520, "baseWinCredits":    20                                                  },
		{ "matchIn": 24, "pattern":    10564, "baseWinCredits":    20                                                  },
		{ "matchIn": 24, "pattern":  4532224, "baseWinCredits":    20                                                  },
		{ "matchIn": 25, "pattern":       99, "baseWinCredits":    20                                                  },
		{ "matchIn": 25, "pattern":      792, "baseWinCredits":    20                                                  },
		{ "matchIn": 25, "pattern":  3244032, "baseWinCredits":    20                                                  },
		{ "matchIn": 25, "pattern": 25952256, "baseWinCredits":    20                                                  },
		{ "matchIn": 25, "pattern":     1063, "baseWinCredits":    20                                                  },
		{ "matchIn": 25, "pattern":    16924, "baseWinCredits":    20                                                  },
		{ "matchIn": 25, "pattern":  7373824, "baseWinCredits":    20                                                  },
		{ "matchIn": 25, "pattern": 29900800, "baseWinCredits":    20                                                  },
		{ "matchIn": 25, "pattern":  4328448, "baseWinCredits":    20                                                  },
		{ "matchIn": 25, "pattern":  4349952, "baseWinCredits":    20                                                  },
		{ "matchIn": 25, "pattern":     3204, "baseWinCredits":    20                                                  },
		{ "matchIn": 25, "pattern":    24708, "baseWinCredits":    20                                                  },
		{ "matchIn": 25, "pattern":  1115201, "baseWinCredits":    20                                                  },
		{ "matchIn": 25, "pattern": 17056016, "baseWinCredits":    20                                                  },
		{ "matchIn": 25, "pattern":      341, "baseWinCredits":    20                                                  },
		{ "matchIn": 25, "pattern": 22347776, "baseWinCredits":    20                                                  },
		{ "matchIn": 25, "pattern": 17039425, "baseWinCredits":    20                                                  },
		{ "matchIn": 25, "pattern":  1114384, "baseWinCredits":    20                                                  },
		{ "matchIn": 25, "pattern":   141440, "baseWinCredits":    20                                                  },
		{ "matchIn": 25, "pattern":   328000, "baseWinCredits":    18                                                  },
		{ "matchIn": 25, "pattern":  4211716, "baseWinCredits":    18                                                  },
		{ "matchIn": 25, "pattern": 17825809, "baseWinCredits":    15                                                  },
		{ "matchIn": 25, "pattern":   131520, "baseWinCredits":    15                                                  },
		{ "matchIn": 25, "pattern":    10564, "baseWinCredits":    15                                                  },
		{ "matchIn": 25, "pattern":  4532224, "baseWinCredits":    15                                                  },
		{ "matchIn": 26, "pattern":       99, "baseWinCredits":    15                                                  },
		{ "matchIn": 26, "pattern":      792, "baseWinCredits":    15                                                  },
		{ "matchIn": 26, "pattern":  3244032, "baseWinCredits":    15                                                  },
		{ "matchIn": 26, "pattern": 25952256, "baseWinCredits":    15                                                  },
		{ "matchIn": 26, "pattern":     1063, "baseWinCredits":    15                                                  },
		{ "matchIn": 26, "pattern":    16924, "baseWinCredits":    15                                                  },
		{ "matchIn": 26, "pattern":  7373824, "baseWinCredits":    15                                                  },
		{ "matchIn": 26, "pattern": 29900800, "baseWinCredits":    15                                                  },
		{ "matchIn": 26, "pattern":  4328448, "baseWinCredits":    15                                                  },
		{ "matchIn": 26, "pattern":  4349952, "baseWinCredits":    15                                                  },
		{ "matchIn": 26, "pattern":     3204, "baseWinCredits":    15                                                  },
		{ "matchIn": 26, "pattern":    24708, "baseWinCredits":    15                                                  },
		{ "matchIn": 26, "pattern":  1115201, "baseWinCredits":    15                                                  },
		{ "matchIn": 26, "pattern": 17056016, "baseWinCredits":    10                                                  },
		{ "matchIn": 26, "pattern":      341, "baseWinCredits":    10                                                  },
		{ "matchIn": 26, "pattern": 22347776, "baseWinCredits":    10                                                  },
		{ "matchIn": 26, "pattern": 17039425, "baseWinCredits":    10                                                  },
		{ "matchIn": 26, "pattern":  1114384, "baseWinCredits":    10                                                  },
		{ "matchIn": 26, "pattern":   141440, "baseWinCredits":    10                                                  },
		{ "matchIn": 26, "pattern":   328000, "baseWinCredits":    10                                                  },
		{ "matchIn": 26, "pattern":  4211716, "baseWinCredits":    10                                                  },
		{ "matchIn": 26, "pattern": 17825809, "baseWinCredits":    10                                                  },
		{ "matchIn": 26, "pattern":   131520, "baseWinCredits":    10                                                  },
		{ "matchIn": 26, "pattern":    10564, "baseWinCredits":    10                                                  },
		{ "matchIn": 26, "pattern":  4532224, "baseWinCredits":    10                                                  },
		{ "matchIn": 27, "pattern":       99, "baseWinCredits":    10                                                  },
		{ "matchIn": 27, "pattern":      792, "baseWinCredits":    10                                                  },
		{ "matchIn": 27, "pattern":  3244032, "baseWinCredits":    10                                                  },
		{ "matchIn": 27, "pattern": 25952256, "baseWinCredits":    10                                                  },
		{ "matchIn": 27, "pattern":     1063, "baseWinCredits":    10                                                  },
		{ "matchIn": 27, "pattern":    16924, "baseWinCredits":    10                                                  },
		{ "matchIn": 27, "pattern":  7373824, "baseWinCredits":    10                                                  },
		{ "matchIn": 27, "pattern": 29900800, "baseWinCredits":    10                                                  },
		{ "matchIn": 27, "pattern":  4328448, "baseWinCredits":    10                                                  },
		{ "matchIn": 27, "pattern":  4349952, "baseWinCredits":    10                                                  },
		{ "matchIn": 27, "pattern":     3204, "baseWinCredits":    10                                                  },
		{ "matchIn": 27, "pattern":    24708, "baseWinCredits":    10                                                  },
		{ "matchIn": 27, "pattern":  1115201, "baseWinCredits":    10                                                  },
		{ "matchIn": 27, "pattern": 17056016, "baseWinCredits":    10                                                  },
		{ "matchIn": 27, "pattern":      341, "baseWinCredits":    10                                                  },
		{ "matchIn": 27, "pattern": 22347776, "baseWinCredits":    10                                                  },
		{ "matchIn": 27, "pattern": 17039425, "baseWinCredits":    10                                                  },
		{ "matchIn": 27, "pattern":  1114384, "baseWinCredits":    10                                                  },
		{ "matchIn": 27, "pattern":   141440, "baseWinCredits":    10                                                  },
		{ "matchIn": 27, "pattern":   328000, "baseWinCredits":    10                                                  },
		{ "matchIn": 27, "pattern":  4211716, "baseWinCredits":    10                                                  },
		{ "matchIn": 27, "pattern": 17825809, "baseWinCredits":    10                                                  },
		{ "matchIn": 27, "pattern":   131520, "baseWinCredits":    10                                                  },
		{ "matchIn": 27, "pattern":    10564, "baseWinCredits":    10                                                  },
		{ "matchIn": 27, "pattern":  4532224, "baseWinCredits":    10                                                  },
		{ "matchIn": 28, "pattern":       99, "baseWinCredits":    10                                                  },
		{ "matchIn": 28, "pattern":      792, "baseWinCredits":    10                                                  },
		{ "matchIn": 28, "pattern":  3244032, "baseWinCredits":    10                                                  },
		{ "matchIn": 28, "pattern": 25952256, "baseWinCredits":    10                                                  },
		{ "matchIn": 28, "pattern":     1063, "baseWinCredits":     9                                                  },
		{ "matchIn": 28, "pattern":    16924, "baseWinCredits":     8                                                  },
		{ "matchIn": 28, "pattern":  7373824, "baseWinCredits":     8                                                  },
		{ "matchIn": 28, "pattern": 29900800, "baseWinCredits":     8                                                  },
		{ "matchIn": 28, "pattern":  4328448, "baseWinCredits":     8                                                  },
		{ "matchIn": 28, "pattern":  4349952, "baseWinCredits":     8                                                  },
		{ "matchIn": 28, "pattern":     3204, "baseWinCredits":     7                                                  },
		{ "matchIn": 28, "pattern":    24708, "baseWinCredits":     6                                                  },
		{ "matchIn": 28, "pattern":  1115201, "baseWinCredits":     5                                                  },
		{ "matchIn": 28, "pattern": 17056016, "baseWinCredits":     5                                                  },
		{ "matchIn": 28, "pattern":      341, "baseWinCredits":     5                                                  },
		{ "matchIn": 28, "pattern": 22347776, "baseWinCredits":     5                                                  },
		{ "matchIn": 28, "pattern": 17039425, "baseWinCredits":     5                                                  },
		{ "matchIn": 28, "pattern":  1114384, "baseWinCredits":     5                                                  },
		{ "matchIn": 28, "pattern":   141440, "baseWinCredits":     5                                                  },
		{ "matchIn": 28, "pattern":   328000, "baseWinCredits":     5                                                  },
		{ "matchIn": 28, "pattern":  4211716, "baseWinCredits":     5                                                  },
		{ "matchIn": 28, "pattern": 17825809, "baseWinCredits":     5                                                  },
		{ "matchIn": 28, "pattern":   131520, "baseWinCredits":     5                                                  },
		{ "matchIn": 28, "pattern":    10564, "baseWinCredits":     5                                                  },
		{ "matchIn": 28, "pattern":  4532224, "baseWinCredits":     5                                                  },
		{ "matchIn": 29, "pattern":       99, "baseWinCredits":     5                                                  },
		{ "matchIn": 29, "pattern":      792, "baseWinCredits":     5                                                  },
		{ "matchIn": 29, "pattern":  3244032, "baseWinCredits":     5                                                  },
		{ "matchIn": 29, "pattern": 25952256, "baseWinCredits":     5                                                  },
		{ "matchIn": 29, "pattern":     1063, "baseWinCredits":     5                                                  },
		{ "matchIn": 29, "pattern":    16924, "baseWinCredits":     5                                                  },
		{ "matchIn": 29, "pattern":  7373824, "baseWinCredits":     5                                                  },
		{ "matchIn": 29, "pattern": 29900800, "baseWinCredits":     5                                                  },
		{ "matchIn": 29, "pattern":  4328448, "baseWinCredits":     5                                                  },
		{ "matchIn": 29, "pattern":  4349952, "baseWinCredits":     5                                                  },
		{ "matchIn": 29, "pattern":     3204, "baseWinCredits":     5                                                  },
		{ "matchIn": 29, "pattern":    24708, "baseWinCredits":     5                                                  },
		{ "matchIn": 29, "pattern":  1115201, "baseWinCredits":     5                                                  },
		{ "matchIn": 29, "pattern": 17056016, "baseWinCredits":     5                                                  },
		{ "matchIn": 29, "pattern":      341, "baseWinCredits":     5                                                  },
		{ "matchIn": 29, "pattern": 22347776, "baseWinCredits":     5                                                  },
		{ "matchIn": 29, "pattern": 17039425, "baseWinCredits":     5                                                  },
		{ "matchIn": 29, "pattern":  1114384, "baseWinCredits":     5                                                  },
		{ "matchIn": 29, "pattern":   141440, "baseWinCredits":     5                                                  },
		{ "matchIn": 29, "pattern":   328000, "baseWinCredits":     5                                                  },
		{ "matchIn": 29, "pattern":  4211716, "baseWinCredits":     5                                                  },
		{ "matchIn": 29, "pattern": 17825809, "baseWinCredits":     5                                                  },
		{ "matchIn": 29, "pattern":   131520, "baseWinCredits":     5                                                  },
		{ "matchIn": 29, "pattern":    10564, "baseWinCredits":     5                                                  },
		{ "matchIn": 29, "pattern":  4532224, "baseWinCredits":     5                                                  },
		{ "matchIn": 30, "pattern":       99, "baseWinCredits":     5                                                  },
		{ "matchIn": 30, "pattern":      792, "baseWinCredits":     4                                                  },
		{ "matchIn": 32, "pattern":     1063, "baseWinCredits":   250, "bonusGamesAwarded": 10                         },
		{ "matchIn": 37, "pattern":  3244032, "baseWinCredits":     0, "bonusGamesAwarded":  5                         },
		{ "matchIn": 37, "pattern": 25952256, "baseWinCredits":     0, "bonusGamesAwarded":  5                         },
		{ "matchIn": 38, "pattern":  3244032, "baseWinCredits":     0, "bonusGamesAwarded":  5                         },
		{ "matchIn": 38, "pattern": 25952256, "baseWinCredits":     0, "bonusGamesAwarded":  5                         },
		{ "matchIn": 39, "pattern":  3244032, "baseWinCredits":     0, "bonusGamesAwarded":  5                         },
		{ "matchIn": 39, "pattern": 25952256, "baseWinCredits":     0, "bonusGamesAwarded":  5                         },
		{ "matchIn": 40, "pattern":  3244032, "baseWinCredits":     0, "bonusGamesAwarded":  5                         },
		{ "matchIn": 40, "pattern": 25952256, "baseWinCredits":   250, "bonusGamesAwarded": 10                         },
		{ "matchIn": 41, "pattern":   131520, "baseWinCredits":     0, "bonusGamesAwarded":  5                         },
		{ "matchIn": 54, "pattern": 22347776, "baseWinCredits":  1000, "bonusGamesAwarded": 60                         },
		{ "matchIn": 65, "pattern": 29900800, "baseWinCredits":     0, "bonusGamesAwarded":  5                         },
		{ "matchIn": 65, "pattern": 17825809, "baseWinCredits":     2,                          "progressivesWon": [1] },
		{ "matchIn": 66, "pattern":     1063, "baseWinCredits":   500, "bonusGamesAwarded": 20                         },
		{ "matchIn": 67, "pattern":  4211716, "baseWinCredits":     0, "bonusGamesAwarded":  5                         },
		{ "matchIn": 67, "pattern": 17825809, "baseWinCredits":     2,                          "progressivesWon": [1] },
		{ "matchIn": 68, "pattern":   141440, "baseWinCredits":  1000, "bonusGamesAwarded": 60                         },
		{ "matchIn": 69, "pattern":  3244032, "baseWinCredits":   500, "bonusGamesAwarded": 20                         },
		{ "matchIn": 69, "pattern":     1063, "baseWinCredits":     0, "bonusGamesAwarded":  5                         },
		{ "matchIn": 69, "pattern":  4328448, "baseWinCredits":   250, "bonusGamesAwarded": 10                         },
		{ "matchIn": 69, "pattern":      341, "baseWinCredits":     2,                          "progressivesWon": [1] },
		{ "matchIn": 69, "pattern":   131520, "baseWinCredits":  1000, "bonusGamesAwarded": 60                         }
	]
}
