{
	"configuration": {
		"tableType": "Bingo",
		"formatVersion": "1.2",
		"name": "20Line",
		"tableName": "free",
		"lines": 20,
		"percentage": 92,
		"baseBet": 0,
		"betLevelGroups": {
			"1" : [1, 2, 3, 4, 5, 6, 7, 8, 9, 10],
			"2" : [1, 2, 3, 4, 5, 6, 7, 8, 9, 10],
			"5" : [1, 2, 3, 4, 5, 6, 7, 8, 9, 10],
			"10": [1, 2, 3, 4, 5, 6, 7, 8, 9, 10],
			"25": [1, 2, 3, 4, 5, 6, 7, 8, 9, 10]
		},
		"entries": 750,
		"progressiveBases": {
			"1": {"valueCredits": 150000}
		},
		"version": 1
	},
	"entries": [
		{"matchIn":  4, "pattern":       99, "baseWinCredits": 1002                         },
		{"matchIn":  4, "pattern":      792, "baseWinCredits": 6382                         },
		{"matchIn":  4, "pattern":  3244032, "baseWinCredits": 5710                         },
		{"matchIn":  4, "pattern": 25952256, "baseWinCredits": 5570                         },
		{"matchIn":  4, "pattern":  4328448, "baseWinCredits": 5520                         },
		{"matchIn":  4, "pattern":  4349952, "baseWinCredits": 5442                         },
		{"matchIn":  4, "pattern":     3204, "baseWinCredits": 5375                         },
		{"matchIn":  4, "pattern":    24708, "baseWinCredits": 5331                         },
		{"matchIn":  4, "pattern": 17039425, "baseWinCredits": 5301                         },
		{"matchIn":  4, "pattern":  1114384, "baseWinCredits": 5230                         },
		{"matchIn":  4, "pattern":   141440, "baseWinCredits": 5190                         },
		{"matchIn":  4, "pattern":   328000, "baseWinCredits": 5139                         },
		{"matchIn":  4, "pattern":  4211716, "baseWinCredits": 5036                         },
		{"matchIn":  4, "pattern": 17825809, "baseWinCredits": 3002                         },
		{"matchIn":  4, "pattern":   131520, "baseWinCredits":  800, "bonusGamesAwarded": 60},
		{"matchIn":  5, "pattern":       99, "baseWinCredits":  800, "bonusGamesAwarded": 60},
		{"matchIn":  5, "pattern":      792, "baseWinCredits":  800, "bonusGamesAwarded": 60},
		{"matchIn":  5, "pattern":  3244032, "baseWinCredits":  800, "bonusGamesAwarded": 60},
		{"matchIn":  5, "pattern": 25952256, "baseWinCredits":  800, "bonusGamesAwarded": 60},
		{"matchIn":  5, "pattern":     1063, "baseWinCredits":  800, "bonusGamesAwarded": 60},
		{"matchIn":  5, "pattern":    16924, "baseWinCredits":  800, "bonusGamesAwarded": 60},
		{"matchIn":  5, "pattern":  7373824, "baseWinCredits":  800, "bonusGamesAwarded": 60},
		{"matchIn":  5, "pattern": 29900800, "baseWinCredits":  800, "bonusGamesAwarded": 60},
		{"matchIn":  5, "pattern":  4328448, "baseWinCredits":  800, "bonusGamesAwarded": 60},
		{"matchIn":  5, "pattern":  4349952, "baseWinCredits":  800, "bonusGamesAwarded": 60},
		{"matchIn":  5, "pattern":     3204, "baseWinCredits":  800, "bonusGamesAwarded": 60},
		{"matchIn":  5, "pattern":    24708, "baseWinCredits":  800, "bonusGamesAwarded": 60},
		{"matchIn":  5, "pattern":  1115201, "baseWinCredits":  800, "bonusGamesAwarded": 60},
		{"matchIn":  5, "pattern": 17056016, "baseWinCredits":  800, "bonusGamesAwarded": 60},
		{"matchIn":  5, "pattern":      341, "baseWinCredits":  800, "bonusGamesAwarded": 60},
		{"matchIn":  5, "pattern": 22347776, "baseWinCredits":  800, "bonusGamesAwarded": 60},
		{"matchIn":  5, "pattern": 17039425, "baseWinCredits":  800, "bonusGamesAwarded": 60},
		{"matchIn":  5, "pattern":  1114384, "baseWinCredits":  800, "bonusGamesAwarded": 60},
		{"matchIn":  5, "pattern":   141440, "baseWinCredits":  800, "bonusGamesAwarded": 60},
		{"matchIn":  5, "pattern":   328000, "baseWinCredits":  800, "bonusGamesAwarded": 60},
		{"matchIn":  5, "pattern":  4211716, "baseWinCredits":  800, "bonusGamesAwarded": 60},
		{"matchIn":  5, "pattern": 17825809, "baseWinCredits":  800, "bonusGamesAwarded": 60},
		{"matchIn":  5, "pattern":   131520, "baseWinCredits":  800, "bonusGamesAwarded": 60},
		{"matchIn":  5, "pattern":    10564, "baseWinCredits":  800, "bonusGamesAwarded": 60},
		{"matchIn":  5, "pattern":  4532224, "baseWinCredits":  800, "bonusGamesAwarded": 60},
		{"matchIn":  6, "pattern":       99, "baseWinCredits":  800, "bonusGamesAwarded": 60},
		{"matchIn":  6, "pattern":      792, "baseWinCredits":  800, "bonusGamesAwarded": 60},
		{"matchIn":  6, "pattern":  3244032, "baseWinCredits":  800, "bonusGamesAwarded": 60},
		{"matchIn":  6, "pattern": 25952256, "baseWinCredits":  800, "bonusGamesAwarded": 60},
		{"matchIn":  6, "pattern":     1063, "baseWinCredits":  800, "bonusGamesAwarded": 60},
		{"matchIn":  6, "pattern":    16924, "baseWinCredits":  800, "bonusGamesAwarded": 60},
		{"matchIn":  6, "pattern":  7373824, "baseWinCredits":  800, "bonusGamesAwarded": 60},
		{"matchIn":  6, "pattern": 29900800, "baseWinCredits":  800, "bonusGamesAwarded": 60},
		{"matchIn":  6, "pattern":  4328448, "baseWinCredits":  800, "bonusGamesAwarded": 60},
		{"matchIn":  6, "pattern":  4349952, "baseWinCredits": 2183                         },
		{"matchIn":  6, "pattern":     3204, "baseWinCredits": 2044                         },
		{"matchIn":  6, "pattern":    24708, "baseWinCredits": 1546                         },
		{"matchIn":  6, "pattern":  1115201, "baseWinCredits": 1536                         },
		{"matchIn":  6, "pattern": 17056016, "baseWinCredits": 1522                         },
		{"matchIn":  6, "pattern":      341, "baseWinCredits": 1505                         },
		{"matchIn":  6, "pattern": 22347776, "baseWinCredits": 1502                         },
		{"matchIn":  6, "pattern": 17039425, "baseWinCredits": 1360                         },
		{"matchIn":  6, "pattern":  1114384, "baseWinCredits": 1302                         },
		{"matchIn":  6, "pattern":   141440, "baseWinCredits": 1255                         },
		{"matchIn":  6, "pattern":   328000, "baseWinCredits": 1222                         },
		{"matchIn":  6, "pattern":  4211716, "baseWinCredits": 1189                         },
		{"matchIn":  6, "pattern": 17825809, "baseWinCredits": 1154                         },
		{"matchIn":  6, "pattern":   131520, "baseWinCredits": 1138                         },
		{"matchIn":  6, "pattern":    10564, "baseWinCredits": 1137                         },
		{"matchIn":  6, "pattern":  4532224, "baseWinCredits": 1136                         },
		{"matchIn":  7, "pattern":       99, "baseWinCredits": 1106                         },
		{"matchIn":  7, "pattern":      792, "baseWinCredits": 1084                         },
		{"matchIn":  7, "pattern":  3244032, "baseWinCredits": 1067                         },
		{"matchIn":  7, "pattern": 25952256, "baseWinCredits": 1054                         },
		{"matchIn":  7, "pattern":     1063, "baseWinCredits": 1054                         },
		{"matchIn":  7, "pattern":    16924, "baseWinCredits": 1054                         },
		{"matchIn":  7, "pattern":  7373824, "baseWinCredits": 1054                         },
		{"matchIn":  7, "pattern": 29900800, "baseWinCredits": 1054                         },
		{"matchIn":  7, "pattern":  4328448, "baseWinCredits": 1052                         },
		{"matchIn":  7, "pattern":  4349952, "baseWinCredits": 1044                         },
		{"matchIn":  7, "pattern":     3204, "baseWinCredits":  400, "bonusGamesAwarded": 20},
		{"matchIn":  7, "pattern":    24708, "baseWinCredits":  400, "bonusGamesAwarded": 20},
		{"matchIn":  7, "pattern":  1115201, "baseWinCredits":  400, "bonusGamesAwarded": 20},
		{"matchIn":  7, "pattern": 17056016, "baseWinCredits":  400, "bonusGamesAwarded": 20},
		{"matchIn":  7, "pattern":      341, "baseWinCredits":  400, "bonusGamesAwarded": 20},
		{"matchIn":  7, "pattern": 22347776, "baseWinCredits":  400, "bonusGamesAwarded": 20},
		{"matchIn":  7, "pattern": 17039425, "baseWinCredits":  400, "bonusGamesAwarded": 20},
		{"matchIn":  7, "pattern":  1114384, "baseWinCredits":  400, "bonusGamesAwarded": 20},
		{"matchIn":  7, "pattern":   141440, "baseWinCredits":  400, "bonusGamesAwarded": 20},
		{"matchIn":  7, "pattern":   328000, "baseWinCredits":  400, "bonusGamesAwarded": 20},
		{"matchIn":  7, "pattern":  4211716, "baseWinCredits":  400, "bonusGamesAwarded": 20},
		{"matchIn":  7, "pattern": 17825809, "baseWinCredits":  400, "bonusGamesAwarded": 20},
		{"matchIn":  7, "pattern":   131520, "baseWinCredits":  400, "bonusGamesAwarded": 20},
		{"matchIn":  7, "pattern":    10564, "baseWinCredits":  400, "bonusGamesAwarded": 20},
		{"matchIn":  7, "pattern":  4532224, "baseWinCredits":  400, "bonusGamesAwarded": 20},
		{"matchIn":  8, "pattern":       99, "baseWinCredits":  400, "bonusGamesAwarded": 20},
		{"matchIn":  8, "pattern":      792, "baseWinCredits":  400, "bonusGamesAwarded": 20},
		{"matchIn":  8, "pattern":  3244032, "baseWinCredits":  400, "bonusGamesAwarded": 20},
		{"matchIn":  8, "pattern": 25952256, "baseWinCredits":  400, "bonusGamesAwarded": 20},
		{"matchIn":  8, "pattern":     1063, "baseWinCredits":  400, "bonusGamesAwarded": 20},
		{"matchIn":  8, "pattern":    16924, "baseWinCredits":  400, "bonusGamesAwarded": 20},
		{"matchIn":  8, "pattern":  7373824, "baseWinCredits":  400, "bonusGamesAwarded": 20},
		{"matchIn":  8, "pattern": 29900800, "baseWinCredits":  400, "bonusGamesAwarded": 20},
		{"matchIn":  8, "pattern":  4328448, "baseWinCredits":  400, "bonusGamesAwarded": 20},
		{"matchIn":  8, "pattern":  4349952, "baseWinCredits":  400, "bonusGamesAwarded": 20},
		{"matchIn":  8, "pattern":     3204, "baseWinCredits":  400, "bonusGamesAwarded": 20},
		{"matchIn":  8, "pattern":    24708, "baseWinCredits":  400, "bonusGamesAwarded": 20},
		{"matchIn":  8, "pattern":  1115201, "baseWinCredits":  400, "bonusGamesAwarded": 20},
		{"matchIn":  8, "pattern": 17056016, "baseWinCredits":  400, "bonusGamesAwarded": 20},
		{"matchIn":  8, "pattern":      341, "baseWinCredits":  400, "bonusGamesAwarded": 20},
		{"matchIn":  8, "pattern": 22347776, "baseWinCredits":  400, "bonusGamesAwarded": 20},
		{"matchIn":  8, "pattern": 17039425, "baseWinCredits":  400, "bonusGamesAwarded": 20},
		{"matchIn":  8, "pattern":  1114384, "baseWinCredits":  400, "bonusGamesAwarded": 20},
		{"matchIn":  8, "pattern":   141440, "baseWinCredits":  400, "bonusGamesAwarded": 20},
		{"matchIn":  8, "pattern":   328000, "baseWinCredits":  400, "bonusGamesAwarded": 20},
		{"matchIn":  8, "pattern":  4211716, "baseWinCredits": 1026                         },
		{"matchIn":  8, "pattern": 17825809, "baseWinCredits": 1016                         },
		{"matchIn":  8, "pattern":   131520, "baseWinCredits": 1006                         },
		{"matchIn":  8, "pattern":    10564, "baseWinCredits": 1006                         },
		{"matchIn":  8, "pattern":  4532224, "baseWinCredits": 1006                         },
		{"matchIn":  9, "pattern":       99, "baseWinCredits": 1002                         },
		{"matchIn":  9, "pattern":      792, "baseWinCredits":  870                         },
		{"matchIn":  9, "pattern":  3244032, "baseWinCredits":  787                         },
		{"matchIn":  9, "pattern": 25952256, "baseWinCredits":  720                         },
		{"matchIn":  9, "pattern":     1063, "baseWinCredits":  715                         },
		{"matchIn":  9, "pattern":    16924, "baseWinCredits":  710                         },
		{"matchIn":  9, "pattern":  7373824, "baseWinCredits":  706                         },
		{"matchIn":  9, "pattern": 29900800, "baseWinCredits":  705                         },
		{"matchIn":  9, "pattern":  4328448, "baseWinCredits":  670                         },
		{"matchIn":  9, "pattern":  4349952, "baseWinCredits":  641                         },
		{"matchIn":  9, "pattern":     3204, "baseWinCredits":  620                         },
		{"matchIn":  9, "pattern":    24708, "baseWinCredits":  603                         },
		{"matchIn":  9, "pattern":  1115201, "baseWinCredits":  602                         },
		{"matchIn":  9, "pattern": 17056016, "baseWinCredits":  601                         },
		{"matchIn":  9, "pattern":      341, "baseWinCredits":  600                         },
		{"matchIn":  9, "pattern": 22347776, "baseWinCredits":  600                         },
		{"matchIn":  9, "pattern": 17039425, "baseWinCredits":  590                         },
		{"matchIn":  9, "pattern":  1114384, "baseWinCredits":  572                         },
		{"matchIn":  9, "pattern":   141440, "baseWinCredits":  562                         },
		{"matchIn":  9, "pattern":   328000, "baseWinCredits":  554                         },
		{"matchIn":  9, "pattern":  4211716, "baseWinCredits":  547                         },
		{"matchIn":  9, "pattern": 17825809, "baseWinCredits":  539                         },
		{"matchIn":  9, "pattern":   131520, "baseWinCredits":  526                         },
		{"matchIn":  9, "pattern":    10564, "baseWinCredits":  525                         },
		{"matchIn":  9, "pattern":  4532224, "baseWinCredits":  524                         },
		{"matchIn": 10, "pattern":       99, "baseWinCredits":  504                         },
		{"matchIn": 10, "pattern":      792, "baseWinCredits":  483                         },
		{"matchIn": 10, "pattern":  3244032, "baseWinCredits":  461                         },
		{"matchIn": 10, "pattern": 25952256, "baseWinCredits":  446                         },
		{"matchIn": 10, "pattern":     1063, "baseWinCredits":  445                         },
		{"matchIn": 10, "pattern":    16924, "baseWinCredits":  445                         },
		{"matchIn": 10, "pattern":  7373824, "baseWinCredits":  442                         },
		{"matchIn": 10, "pattern": 29900800, "baseWinCredits":  441                         },
		{"matchIn": 10, "pattern":  4328448, "baseWinCredits":  430                         },
		{"matchIn": 10, "pattern":  4349952, "baseWinCredits":  420                         },
		{"matchIn": 10, "pattern":     3204, "baseWinCredits":  412                         },
		{"matchIn": 10, "pattern":    24708, "baseWinCredits":  405                         },
		{"matchIn": 10, "pattern":  1115201, "baseWinCredits":  404                         },
		{"matchIn": 10, "pattern": 17056016, "baseWinCredits":  404                         },
		{"matchIn": 10, "pattern":      341, "baseWinCredits":  402                         },
		{"matchIn": 10, "pattern": 22347776, "baseWinCredits":  402                         },
		{"matchIn": 10, "pattern": 17039425, "baseWinCredits":  396                         },
		{"matchIn": 10, "pattern":  1114384, "baseWinCredits":  390                         },
		{"matchIn": 10, "pattern":   141440, "baseWinCredits":  382                         },
		{"matchIn": 10, "pattern":   328000, "baseWinCredits":  376                         },
		{"matchIn": 10, "pattern":  4211716, "baseWinCredits":  374                         },
		{"matchIn": 10, "pattern": 17825809, "baseWinCredits":  370                         },
		{"matchIn": 10, "pattern":   131520, "baseWinCredits":  366                         },
		{"matchIn": 10, "pattern":    10564, "baseWinCredits":  365                         },
		{"matchIn": 10, "pattern":  4532224, "baseWinCredits":  365                         },
		{"matchIn": 11, "pattern":       99, "baseWinCredits":   40, "bonusGamesAwarded": 10},
		{"matchIn": 11, "pattern":      792, "baseWinCredits":   40, "bonusGamesAwarded": 10},
		{"matchIn": 11, "pattern":  3244032, "baseWinCredits":   40, "bonusGamesAwarded": 10},
		{"matchIn": 11, "pattern": 25952256, "baseWinCredits":   40, "bonusGamesAwarded": 10},
		{"matchIn": 11, "pattern":     1063, "baseWinCredits":   40, "bonusGamesAwarded": 10},
		{"matchIn": 11, "pattern":    16924, "baseWinCredits":   40, "bonusGamesAwarded": 10},
		{"matchIn": 11, "pattern":  7373824, "baseWinCredits":   40, "bonusGamesAwarded": 10},
		{"matchIn": 11, "pattern": 29900800, "baseWinCredits":   40, "bonusGamesAwarded": 10},
		{"matchIn": 11, "pattern":  4328448, "baseWinCredits":   40, "bonusGamesAwarded": 10},
		{"matchIn": 11, "pattern":  4349952, "baseWinCredits":   40, "bonusGamesAwarded": 10},
		{"matchIn": 11, "pattern":     3204, "baseWinCredits":   40, "bonusGamesAwarded": 10},
		{"matchIn": 11, "pattern":    24708, "baseWinCredits":   40, "bonusGamesAwarded": 10},
		{"matchIn": 11, "pattern":  1115201, "baseWinCredits":   40, "bonusGamesAwarded": 10},
		{"matchIn": 11, "pattern": 17056016, "baseWinCredits":   40, "bonusGamesAwarded": 10},
		{"matchIn": 11, "pattern":      341, "baseWinCredits":   40, "bonusGamesAwarded": 10},
		{"matchIn": 11, "pattern": 22347776, "baseWinCredits":   40, "bonusGamesAwarded": 10},
		{"matchIn": 11, "pattern": 17039425, "baseWinCredits":   40, "bonusGamesAwarded": 10},
		{"matchIn": 11, "pattern":  1114384, "baseWinCredits":   40, "bonusGamesAwarded": 10},
		{"matchIn": 11, "pattern":   141440, "baseWinCredits":   40, "bonusGamesAwarded": 10},
		{"matchIn": 11, "pattern":   328000, "baseWinCredits":   40, "bonusGamesAwarded": 10},
		{"matchIn": 11, "pattern":  4211716, "baseWinCredits":   40, "bonusGamesAwarded": 10},
		{"matchIn": 11, "pattern": 17825809, "baseWinCredits":   40, "bonusGamesAwarded": 10},
		{"matchIn": 11, "pattern":   131520, "baseWinCredits":   40, "bonusGamesAwarded": 10},
		{"matchIn": 11, "pattern":    10564, "baseWinCredits":   40, "bonusGamesAwarded": 10},
		{"matchIn": 11, "pattern":  4532224, "baseWinCredits":   40, "bonusGamesAwarded": 10},
		{"matchIn": 12, "pattern":       99, "baseWinCredits":   40, "bonusGamesAwarded": 10},
		{"matchIn": 12, "pattern":      792, "baseWinCredits":   40, "bonusGamesAwarded": 10},
		{"matchIn": 12, "pattern":  3244032, "baseWinCredits":   40, "bonusGamesAwarded": 10},
		{"matchIn": 12, "pattern": 25952256, "baseWinCredits":   40, "bonusGamesAwarded": 10},
		{"matchIn": 12, "pattern":     1063, "baseWinCredits":   40, "bonusGamesAwarded": 10},
		{"matchIn": 12, "pattern":    16924, "baseWinCredits":   40, "bonusGamesAwarded": 10},
		{"matchIn": 12, "pattern":  7373824, "baseWinCredits":   40, "bonusGamesAwarded": 10},
		{"matchIn": 12, "pattern": 29900800, "baseWinCredits":   40, "bonusGamesAwarded": 10},
		{"matchIn": 12, "pattern":  4328448, "baseWinCredits":   40, "bonusGamesAwarded": 10},
		{"matchIn": 12, "pattern":  4349952, "baseWinCredits":   40, "bonusGamesAwarded": 10},
		{"matchIn": 12, "pattern":     3204, "baseWinCredits":   40, "bonusGamesAwarded": 10},
		{"matchIn": 12, "pattern":    24708, "baseWinCredits":   40, "bonusGamesAwarded": 10},
		{"matchIn": 12, "pattern":  1115201, "baseWinCredits":   40, "bonusGamesAwarded": 10},
		{"matchIn": 12, "pattern": 17056016, "baseWinCredits":   40, "bonusGamesAwarded": 10},
		{"matchIn": 12, "pattern":      341, "baseWinCredits":   40, "bonusGamesAwarded": 10},
		{"matchIn": 12, "pattern": 22347776, "baseWinCredits":   40, "bonusGamesAwarded": 10},
		{"matchIn": 12, "pattern": 17039425, "baseWinCredits":   40, "bonusGamesAwarded": 10},
		{"matchIn": 12, "pattern":  1114384, "baseWinCredits":   40, "bonusGamesAwarded": 10},
		{"matchIn": 12, "pattern":   141440, "baseWinCredits":   40, "bonusGamesAwarded": 10},
		{"matchIn": 12, "pattern":   328000, "baseWinCredits":  359                         },
		{"matchIn": 12, "pattern":  4211716, "baseWinCredits":  354                         },
		{"matchIn": 12, "pattern": 17825809, "baseWinCredits":  350                         },
		{"matchIn": 12, "pattern":   131520, "baseWinCredits":  342                         },
		{"matchIn": 12, "pattern":    10564, "baseWinCredits":  342                         },
		{"matchIn": 12, "pattern":  4532224, "baseWinCredits":  340                         },
		{"matchIn": 13, "pattern":       99, "baseWinCredits":  335                         },
		{"matchIn": 13, "pattern":      792, "baseWinCredits":  328                         },
		{"matchIn": 13, "pattern":  3244032, "baseWinCredits":  322                         },
		{"matchIn": 13, "pattern": 25952256, "baseWinCredits":  320                         },
		{"matchIn": 13, "pattern":     1063, "baseWinCredits":  320                         },
		{"matchIn": 13, "pattern":    16924, "baseWinCredits":  319                         },
		{"matchIn": 13, "pattern":  7373824, "baseWinCredits":  317                         },
		{"matchIn": 13, "pattern": 29900800, "baseWinCredits":  316                         },
		{"matchIn": 13, "pattern":  4328448, "baseWinCredits":  310                         },
		{"matchIn": 13, "pattern":  4349952, "baseWinCredits":  306                         },
		{"matchIn": 13, "pattern":     3204, "baseWinCredits":  304                         },
		{"matchIn": 13, "pattern":    24708, "baseWinCredits":  302                         },
		{"matchIn": 13, "pattern":  1115201, "baseWinCredits":  302                         },
		{"matchIn": 13, "pattern": 17056016, "baseWinCredits":  302                         },
		{"matchIn": 13, "pattern":      341, "baseWinCredits":  301                         },
		{"matchIn": 13, "pattern": 22347776, "baseWinCredits":  300                         },
		{"matchIn": 13, "pattern": 17039425, "baseWinCredits":  300                         },
		{"matchIn": 13, "pattern":  1114384, "baseWinCredits":  297                         },
		{"matchIn": 13, "pattern":   141440, "baseWinCredits":  292                         },
		{"matchIn": 13, "pattern":   328000, "baseWinCredits":  287                         },
		{"matchIn": 13, "pattern":  4211716, "baseWinCredits":  282                         },
		{"matchIn": 13, "pattern": 17825809, "baseWinCredits":  279                         },
		{"matchIn": 13, "pattern":   131520, "baseWinCredits":  275                         },
		{"matchIn": 13, "pattern":    10564, "baseWinCredits":  275                         },
		{"matchIn": 13, "pattern":  4532224, "baseWinCredits":  274                         },
		{"matchIn": 14, "pattern":       99, "baseWinCredits":  270                         },
		{"matchIn": 14, "pattern":      792, "baseWinCredits":  266                         },
		{"matchIn": 14, "pattern":  3244032, "baseWinCredits":  262                         },
		{"matchIn": 14, "pattern": 25952256, "baseWinCredits":  258                         },
		{"matchIn": 14, "pattern":     1063, "baseWinCredits":  258                         },
		{"matchIn": 14, "pattern":    16924, "baseWinCredits":  257                         },
		{"matchIn": 14, "pattern":  7373824, "baseWinCredits":  256                         },
		{"matchIn": 14, "pattern": 29900800, "baseWinCredits":  256                         },
		{"matchIn": 14, "pattern":  4328448, "baseWinCredits":  255                         },
		{"matchIn": 14, "pattern":  4349952, "baseWinCredits":  254                         },
		{"matchIn": 14, "pattern":     3204, "baseWinCredits":  252                         },
		{"matchIn": 14, "pattern":    24708, "baseWinCredits":  250                         },
		{"matchIn": 14, "pattern":  1115201, "baseWinCredits":  250                         },
		{"matchIn": 14, "pattern": 17056016, "baseWinCredits":  250                         },
		{"matchIn": 14, "pattern":      341, "baseWinCredits":  250                         },
		{"matchIn": 14, "pattern": 22347776, "baseWinCredits":  250                         },
		{"matchIn": 14, "pattern": 17039425, "baseWinCredits":  245                         },
		{"matchIn": 14, "pattern":  1114384, "baseWinCredits":  239                         },
		{"matchIn": 14, "pattern":   141440, "baseWinCredits":  230                         },
		{"matchIn": 14, "pattern":   328000, "baseWinCredits":  226                         },
		{"matchIn": 14, "pattern":  4211716, "baseWinCredits":  222                         },
		{"matchIn": 14, "pattern": 17825809, "baseWinCredits":  220                         },
		{"matchIn": 14, "pattern":   131520, "baseWinCredits":  217                         },
		{"matchIn": 14, "pattern":    10564, "baseWinCredits":  216                         },
		{"matchIn": 14, "pattern":  4532224, "baseWinCredits":  215                         },
		{"matchIn": 15, "pattern":       99, "baseWinCredits":  210                         },
		{"matchIn": 15, "pattern":      792, "baseWinCredits":  208                         },
		{"matchIn": 15, "pattern":  3244032, "baseWinCredits":  205                         },
		{"matchIn": 15, "pattern": 25952256, "baseWinCredits":  200                         },
		{"matchIn": 15, "pattern":     1063, "baseWinCredits":  200                         },
		{"matchIn": 15, "pattern":    16924, "baseWinCredits":  200                         },
		{"matchIn": 15, "pattern":  7373824, "baseWinCredits":  200                         },
		{"matchIn": 15, "pattern": 29900800, "baseWinCredits":  200                         },
		{"matchIn": 15, "pattern":  4328448, "baseWinCredits":  200                         },
		{"matchIn": 15, "pattern":  4349952, "baseWinCredits":  195                         },
		{"matchIn": 15, "pattern":     3204, "baseWinCredits":  190                         },
		{"matchIn": 15, "pattern":    24708, "baseWinCredits":  185                         },
		{"matchIn": 15, "pattern":  1115201, "baseWinCredits":  185                         },
		{"matchIn": 15, "pattern": 17056016, "baseWinCredits":  184                         },
		{"matchIn": 15, "pattern":      341, "baseWinCredits":  182                         },
		{"matchIn": 15, "pattern": 22347776, "baseWinCredits":  181                         },
		{"matchIn": 15, "pattern": 17039425, "baseWinCredits":  176                         },
		{"matchIn": 15, "pattern":  1114384, "baseWinCredits":  174                         },
		{"matchIn": 15, "pattern":   141440, "baseWinCredits":  170                         },
		{"matchIn": 15, "pattern":   328000, "baseWinCredits":  166                         },
		{"matchIn": 15, "pattern":  4211716, "baseWinCredits":  164                         },
		{"matchIn": 15, "pattern": 17825809, "baseWinCredits":    0, "bonusGamesAwarded":  5},
		{"matchIn": 15, "pattern":   131520, "baseWinCredits":    0, "bonusGamesAwarded":  5},
		{"matchIn": 15, "pattern":    10564, "baseWinCredits":    0, "bonusGamesAwarded":  5},
		{"matchIn": 15, "pattern":  4532224, "baseWinCredits":    0, "bonusGamesAwarded":  5},
		{"matchIn": 16, "pattern":       99, "baseWinCredits":    0, "bonusGamesAwarded":  5},
		{"matchIn": 16, "pattern":      792, "baseWinCredits":    0, "bonusGamesAwarded":  5},
		{"matchIn": 16, "pattern":  3244032, "baseWinCredits":    0, "bonusGamesAwarded":  5},
		{"matchIn": 16, "pattern": 25952256, "baseWinCredits":    0, "bonusGamesAwarded":  5},
		{"matchIn": 16, "pattern":     1063, "baseWinCredits":    0, "bonusGamesAwarded":  5},
		{"matchIn": 16, "pattern":    16924, "baseWinCredits":    0, "bonusGamesAwarded":  5},
		{"matchIn": 16, "pattern":  7373824, "baseWinCredits":    0, "bonusGamesAwarded":  5},
		{"matchIn": 16, "pattern": 29900800, "baseWinCredits":    0, "bonusGamesAwarded":  5},
		{"matchIn": 16, "pattern":  4328448, "baseWinCredits":    0, "bonusGamesAwarded":  5},
		{"matchIn": 16, "pattern":  4349952, "baseWinCredits":    0, "bonusGamesAwarded":  5},
		{"matchIn": 16, "pattern":     3204, "baseWinCredits":    0, "bonusGamesAwarded":  5},
		{"matchIn": 16, "pattern":    24708, "baseWinCredits":    0, "bonusGamesAwarded":  5},
		{"matchIn": 16, "pattern":  1115201, "baseWinCredits":    0, "bonusGamesAwarded":  5},
		{"matchIn": 16, "pattern": 17056016, "baseWinCredits":    0, "bonusGamesAwarded":  5},
		{"matchIn": 16, "pattern":      341, "baseWinCredits":    0, "bonusGamesAwarded":  5},
		{"matchIn": 16, "pattern": 22347776, "baseWinCredits":    0, "bonusGamesAwarded":  5},
		{"matchIn": 16, "pattern": 17039425, "baseWinCredits":    0, "bonusGamesAwarded":  5},
		{"matchIn": 16, "pattern":  1114384, "baseWinCredits":    0, "bonusGamesAwarded":  5},
		{"matchIn": 16, "pattern":   141440, "baseWinCredits":    0, "bonusGamesAwarded":  5},
		{"matchIn": 16, "pattern":   328000, "baseWinCredits":    0, "bonusGamesAwarded":  5},
		{"matchIn": 16, "pattern":  4211716, "baseWinCredits":    0, "bonusGamesAwarded":  5},
		{"matchIn": 16, "pattern": 17825809, "baseWinCredits":    0, "bonusGamesAwarded":  5},
		{"matchIn": 16, "pattern":   131520, "baseWinCredits":    0, "bonusGamesAwarded":  5},
		{"matchIn": 16, "pattern":    10564, "baseWinCredits":    0, "bonusGamesAwarded":  5},
		{"matchIn": 16, "pattern":  4532224, "baseWinCredits":    0, "bonusGamesAwarded":  5},
		{"matchIn": 17, "pattern":       99, "baseWinCredits":    0, "bonusGamesAwarded":  5},
		{"matchIn": 17, "pattern":      792, "baseWinCredits":    0, "bonusGamesAwarded":  5},
		{"matchIn": 17, "pattern":  3244032, "baseWinCredits":    0, "bonusGamesAwarded":  5},
		{"matchIn": 17, "pattern": 25952256, "baseWinCredits":    0, "bonusGamesAwarded":  5},
		{"matchIn": 17, "pattern":     1063, "baseWinCredits":    0, "bonusGamesAwarded":  5},
		{"matchIn": 17, "pattern":    16924, "baseWinCredits":    0, "bonusGamesAwarded":  5},
		{"matchIn": 17, "pattern":  7373824, "baseWinCredits":    0, "bonusGamesAwarded":  5},
		{"matchIn": 17, "pattern": 29900800, "baseWinCredits":    0, "bonusGamesAwarded":  5},
		{"matchIn": 17, "pattern":  4328448, "baseWinCredits":    0, "bonusGamesAwarded":  5},
		{"matchIn": 17, "pattern":  4349952, "baseWinCredits":    0, "bonusGamesAwarded":  5},
		{"matchIn": 17, "pattern":     3204, "baseWinCredits":    0, "bonusGamesAwarded":  5},
		{"matchIn": 17, "pattern":    24708, "baseWinCredits":    0, "bonusGamesAwarded":  5},
		{"matchIn": 17, "pattern":  1115201, "baseWinCredits":    0, "bonusGamesAwarded":  5},
		{"matchIn": 17, "pattern": 17056016, "baseWinCredits":    0, "bonusGamesAwarded":  5},
		{"matchIn": 17, "pattern":      341, "baseWinCredits":    0, "bonusGamesAwarded":  5},
		{"matchIn": 17, "pattern": 22347776, "baseWinCredits":    0, "bonusGamesAwarded":  5},
		{"matchIn": 17, "pattern": 17039425, "baseWinCredits":    0, "bonusGamesAwarded":  5},
		{"matchIn": 17, "pattern":  1114384, "baseWinCredits":    0, "bonusGamesAwarded":  5},
		{"matchIn": 17, "pattern":   141440, "baseWinCredits":    0, "bonusGamesAwarded":  5},
		{"matchIn": 17, "pattern":   328000, "baseWinCredits":    0, "bonusGamesAwarded":  5},
		{"matchIn": 17, "pattern":  4211716, "baseWinCredits":    0, "bonusGamesAwarded":  5},
		{"matchIn": 17, "pattern": 17825809, "baseWinCredits":    0, "bonusGamesAwarded":  5},
		{"matchIn": 17, "pattern":   131520, "baseWinCredits":    0, "bonusGamesAwarded":  5},
		{"matchIn": 17, "pattern":    10564, "baseWinCredits":    0, "bonusGamesAwarded":  5},
		{"matchIn": 17, "pattern":  4532224, "baseWinCredits":    0, "bonusGamesAwarded":  5},
		{"matchIn": 18, "pattern":       99, "baseWinCredits":    0, "bonusGamesAwarded":  5},
		{"matchIn": 18, "pattern":      792, "baseWinCredits":    0, "bonusGamesAwarded":  5},
		{"matchIn": 18, "pattern":  3244032, "baseWinCredits":    0, "bonusGamesAwarded":  5},
		{"matchIn": 18, "pattern": 25952256, "baseWinCredits":    0, "bonusGamesAwarded":  5},
		{"matchIn": 18, "pattern":     1063, "baseWinCredits":    0, "bonusGamesAwarded":  5},
		{"matchIn": 18, "pattern":    16924, "baseWinCredits":    0, "bonusGamesAwarded":  5},
		{"matchIn": 18, "pattern":  7373824, "baseWinCredits":    0, "bonusGamesAwarded":  5},
		{"matchIn": 18, "pattern": 29900800, "baseWinCredits":    0, "bonusGamesAwarded":  5},
		{"matchIn": 18, "pattern":  4328448, "baseWinCredits":    0, "bonusGamesAwarded":  5},
		{"matchIn": 18, "pattern":  4349952, "baseWinCredits":    0, "bonusGamesAwarded":  5},
		{"matchIn": 18, "pattern":     3204, "baseWinCredits":    0, "bonusGamesAwarded":  5},
		{"matchIn": 18, "pattern":    24708, "baseWinCredits":    0, "bonusGamesAwarded":  5},
		{"matchIn": 18, "pattern":  1115201, "baseWinCredits":    0, "bonusGamesAwarded":  5},
		{"matchIn": 18, "pattern": 17056016, "baseWinCredits":    0, "bonusGamesAwarded":  5},
		{"matchIn": 18, "pattern":      341, "baseWinCredits":    0, "bonusGamesAwarded":  5},
		{"matchIn": 18, "pattern": 22347776, "baseWinCredits":    0, "bonusGamesAwarded":  5},
		{"matchIn": 18, "pattern": 17039425, "baseWinCredits":    0, "bonusGamesAwarded":  5},
		{"matchIn": 18, "pattern":  1114384, "baseWinCredits":    0, "bonusGamesAwarded":  5},
		{"matchIn": 18, "pattern":   141440, "baseWinCredits":  160                         },
		{"matchIn": 18, "pattern":   328000, "baseWinCredits":  155                         },
		{"matchIn": 18, "pattern":  4211716, "baseWinCredits":  152                         },
		{"matchIn": 18, "pattern": 17825809, "baseWinCredits":  150                         },
		{"matchIn": 18, "pattern":   131520, "baseWinCredits":  146                         },
		{"matchIn": 18, "pattern":    10564, "baseWinCredits":  145                         },
		{"matchIn": 18, "pattern":  4532224, "baseWinCredits":  145                         },
		{"matchIn": 19, "pattern":       99, "baseWinCredits":  142                         },
		{"matchIn": 19, "pattern":      792, "baseWinCredits":  140                         },
		{"matchIn": 19, "pattern":  3244032, "baseWinCredits":  137                         },
		{"matchIn": 19, "pattern": 25952256, "baseWinCredits":  132                         },
		{"matchIn": 19, "pattern":     1063, "baseWinCredits":  131                         },
		{"matchIn": 19, "pattern":    16924, "baseWinCredits":  130                         },
		{"matchIn": 19, "pattern":  7373824, "baseWinCredits":  130                         },
		{"matchIn": 19, "pattern": 29900800, "baseWinCredits":  130                         },
		{"matchIn": 19, "pattern":  4328448, "baseWinCredits":  126                         },
		{"matchIn": 19, "pattern":  4349952, "baseWinCredits":  125                         },
		{"matchIn": 19, "pattern":     3204, "baseWinCredits":  124                         },
		{"matchIn": 19, "pattern":    24708, "baseWinCredits":  122                         },
		{"matchIn": 19, "pattern":  1115201, "baseWinCredits":  120                         },
		{"matchIn": 19, "pattern": 17056016, "baseWinCredits":  120                         },
		{"matchIn": 19, "pattern":      341, "baseWinCredits":  120                         },
		{"matchIn": 19, "pattern": 22347776, "baseWinCredits":  120                         },
		{"matchIn": 19, "pattern": 17039425, "baseWinCredits":  120                         },
		{"matchIn": 19, "pattern":  1114384, "baseWinCredits":  120                         },
		{"matchIn": 19, "pattern":   141440, "baseWinCredits":  116                         },
		{"matchIn": 19, "pattern":   328000, "baseWinCredits":  114                         },
		{"matchIn": 19, "pattern":  4211716, "baseWinCredits":  111                         },
		{"matchIn": 19, "pattern": 17825809, "baseWinCredits":  110                         },
		{"matchIn": 19, "pattern":   131520, "baseWinCredits":  108                         },
		{"matchIn": 19, "pattern":    10564, "baseWinCredits":  108                         },
		{"matchIn": 19, "pattern":  4532224, "baseWinCredits":  107                         },
		{"matchIn": 20, "pattern":       99, "baseWinCredits":  105                         },
		{"matchIn": 20, "pattern":      792, "baseWinCredits":  105                         },
		{"matchIn": 20, "pattern":  3244032, "baseWinCredits":  104                         },
		{"matchIn": 20, "pattern": 25952256, "baseWinCredits":  102                         },
		{"matchIn": 20, "pattern":     1063, "baseWinCredits":  102                         },
		{"matchIn": 20, "pattern":    16924, "baseWinCredits":  102                         },
		{"matchIn": 20, "pattern":  7373824, "baseWinCredits":  102                         },
		{"matchIn": 20, "pattern": 29900800, "baseWinCredits":  102                         },
		{"matchIn": 20, "pattern":  4328448, "baseWinCredits":  100                         },
		{"matchIn": 20, "pattern":  4349952, "baseWinCredits":  100                         },
		{"matchIn": 20, "pattern":     3204, "baseWinCredits":  100                         },
		{"matchIn": 20, "pattern":    24708, "baseWinCredits":  100                         },
		{"matchIn": 20, "pattern":  1115201, "baseWinCredits":  100                         },
		{"matchIn": 20, "pattern": 17056016, "baseWinCredits":  100                         },
		{"matchIn": 20, "pattern":      341, "baseWinCredits":  100                         },
		{"matchIn": 20, "pattern": 22347776, "baseWinCredits":  100                         },
		{"matchIn": 20, "pattern": 17039425, "baseWinCredits":  100                         },
		{"matchIn": 20, "pattern":  1114384, "baseWinCredits":   98                         },
		{"matchIn": 20, "pattern":   141440, "baseWinCredits":   94                         },
		{"matchIn": 20, "pattern":   328000, "baseWinCredits":   92                         },
		{"matchIn": 20, "pattern":  4211716, "baseWinCredits":   90                         },
		{"matchIn": 20, "pattern": 17825809, "baseWinCredits":   85                         },
		{"matchIn": 20, "pattern":   131520, "baseWinCredits":   84                         },
		{"matchIn": 20, "pattern":    10564, "baseWinCredits":   83                         },
		{"matchIn": 20, "pattern":  4532224, "baseWinCredits":   82                         },
		{"matchIn": 21, "pattern":       99, "baseWinCredits":   80                         },
		{"matchIn": 21, "pattern":      792, "baseWinCredits":   77                         },
		{"matchIn": 21, "pattern":  3244032, "baseWinCredits":   76                         },
		{"matchIn": 21, "pattern": 25952256, "baseWinCredits":   74                         },
		{"matchIn": 21, "pattern":     1063, "baseWinCredits":   74                         },
		{"matchIn": 21, "pattern":    16924, "baseWinCredits":   74                         },
		{"matchIn": 21, "pattern":  7373824, "baseWinCredits":   74                         },
		{"matchIn": 21, "pattern": 29900800, "baseWinCredits":   72                         },
		{"matchIn": 21, "pattern":  4328448, "baseWinCredits":   71                         },
		{"matchIn": 21, "pattern":  4349952, "baseWinCredits":   70                         },
		{"matchIn": 21, "pattern":     3204, "baseWinCredits":   69                         },
		{"matchIn": 21, "pattern":    24708, "baseWinCredits":   67                         },
		{"matchIn": 21, "pattern":  1115201, "baseWinCredits":   66                         },
		{"matchIn": 21, "pattern": 17056016, "baseWinCredits":   66                         },
		{"matchIn": 21, "pattern":      341, "baseWinCredits":   66                         },
		{"matchIn": 21, "pattern": 22347776, "baseWinCredits":   65                         },
		{"matchIn": 21, "pattern": 17039425, "baseWinCredits":   65                         },
		{"matchIn": 21, "pattern":  1114384, "baseWinCredits":   64                         },
		{"matchIn": 21, "pattern":   141440, "baseWinCredits":   63                         },
		{"matchIn": 21, "pattern":   328000, "baseWinCredits":   62                         },
		{"matchIn": 21, "pattern":  4211716, "baseWinCredits":   61                         },
		{"matchIn": 21, "pattern": 17825809, "baseWinCredits":   60                         },
		{"matchIn": 21, "pattern":   131520, "baseWinCredits":   60                         },
		{"matchIn": 21, "pattern":    10564, "baseWinCredits":   60                         },
		{"matchIn": 21, "pattern":  4532224, "baseWinCredits":   60                         },
		{"matchIn": 22, "pattern":       99, "baseWinCredits":   60                         },
		{"matchIn": 22, "pattern":      792, "baseWinCredits":   59                         },
		{"matchIn": 22, "pattern":  3244032, "baseWinCredits":   56                         },
		{"matchIn": 22, "pattern": 25952256, "baseWinCredits":   56                         },
		{"matchIn": 22, "pattern":     1063, "baseWinCredits":   56                         },
		{"matchIn": 22, "pattern":    16924, "baseWinCredits":   56                         },
		{"matchIn": 22, "pattern":  7373824, "baseWinCredits":   56                         },
		{"matchIn": 22, "pattern": 29900800, "baseWinCredits":   56                         },
		{"matchIn": 22, "pattern":  4328448, "baseWinCredits":   55                         },
		{"matchIn": 22, "pattern":  4349952, "baseWinCredits":   54                         },
		{"matchIn": 22, "pattern":     3204, "baseWinCredits":   54                         },
		{"matchIn": 22, "pattern":    24708, "baseWinCredits":   53                         },
		{"matchIn": 22, "pattern":  1115201, "baseWinCredits":   52                         },
		{"matchIn": 22, "pattern": 17056016, "baseWinCredits":   52                         },
		{"matchIn": 22, "pattern":      341, "baseWinCredits":   52                         },
		{"matchIn": 22, "pattern": 22347776, "baseWinCredits":   52                         },
		{"matchIn": 22, "pattern": 17039425, "baseWinCredits":   52                         },
		{"matchIn": 22, "pattern":  1114384, "baseWinCredits":   52                         },
		{"matchIn": 22, "pattern":   141440, "baseWinCredits":   50                         },
		{"matchIn": 22, "pattern":   328000, "baseWinCredits":   50                         },
		{"matchIn": 22, "pattern":  4211716, "baseWinCredits":   50                         },
		{"matchIn": 22, "pattern": 17825809, "baseWinCredits":   50                         },
		{"matchIn": 22, "pattern":   131520, "baseWinCredits":   49                         },
		{"matchIn": 22, "pattern":    10564, "baseWinCredits":   49                         },
		{"matchIn": 22, "pattern":  4532224, "baseWinCredits":   49                         },
		{"matchIn": 23, "pattern":       99, "baseWinCredits":   47                         },
		{"matchIn": 23, "pattern":      792, "baseWinCredits":   46                         },
		{"matchIn": 23, "pattern":  3244032, "baseWinCredits":   45                         },
		{"matchIn": 23, "pattern": 25952256, "baseWinCredits":   45                         },
		{"matchIn": 23, "pattern":     1063, "baseWinCredits":   45                         },
		{"matchIn": 23, "pattern":    16924, "baseWinCredits":   45                         },
		{"matchIn": 23, "pattern":  7373824, "baseWinCredits":   45                         },
		{"matchIn": 23, "pattern": 29900800, "baseWinCredits":   45                         },
		{"matchIn": 23, "pattern":  4328448, "baseWinCredits":   44                         },
		{"matchIn": 23, "pattern":  4349952, "baseWinCredits":   43                         },
		{"matchIn": 23, "pattern":     3204, "baseWinCredits":   41                         },
		{"matchIn": 23, "pattern":    24708, "baseWinCredits":   40                         },
		{"matchIn": 23, "pattern":  1115201, "baseWinCredits":   40                         },
		{"matchIn": 23, "pattern": 17056016, "baseWinCredits":   40                         },
		{"matchIn": 23, "pattern":      341, "baseWinCredits":   40                         },
		{"matchIn": 23, "pattern": 22347776, "baseWinCredits":   40                         },
		{"matchIn": 23, "pattern": 17039425, "baseWinCredits":   40                         },
		{"matchIn": 23, "pattern":  1114384, "baseWinCredits":   40                         },
		{"matchIn": 23, "pattern":   141440, "baseWinCredits":   40                         },
		{"matchIn": 23, "pattern":   328000, "baseWinCredits":   40                         },
		{"matchIn": 23, "pattern":  4211716, "baseWinCredits":   40                         },
		{"matchIn": 23, "pattern": 17825809, "baseWinCredits":   40                         },
		{"matchIn": 23, "pattern":   131520, "baseWinCredits":   40                         },
		{"matchIn": 23, "pattern":    10564, "baseWinCredits":   40                         },
		{"matchIn": 23, "pattern":  4532224, "baseWinCredits":   40                         },
		{"matchIn": 24, "pattern":       99, "baseWinCredits":   40                         },
		{"matchIn": 24, "pattern":      792, "baseWinCredits":   40                         },
		{"matchIn": 24, "pattern":  3244032, "baseWinCredits":   39                         },
		{"matchIn": 24, "pattern": 25952256, "baseWinCredits":   36                         },
		{"matchIn": 24, "pattern":     1063, "baseWinCredits":   36                         },
		{"matchIn": 24, "pattern":    16924, "baseWinCredits":   36                         },
		{"matchIn": 24, "pattern":  7373824, "baseWinCredits":   36                         },
		{"matchIn": 24, "pattern": 29900800, "baseWinCredits":   35                         },
		{"matchIn": 24, "pattern":  4328448, "baseWinCredits":   35                         },
		{"matchIn": 24, "pattern":  4349952, "baseWinCredits":   35                         },
		{"matchIn": 24, "pattern":     3204, "baseWinCredits":   35                         },
		{"matchIn": 24, "pattern":    24708, "baseWinCredits":   34                         },
		{"matchIn": 24, "pattern":  1115201, "baseWinCredits":   33                         },
		{"matchIn": 24, "pattern": 17056016, "baseWinCredits":   33                         },
		{"matchIn": 24, "pattern":      341, "baseWinCredits":   32                         },
		{"matchIn": 24, "pattern": 22347776, "baseWinCredits":   32                         },
		{"matchIn": 24, "pattern": 17039425, "baseWinCredits":   31                         },
		{"matchIn": 24, "pattern":  1114384, "baseWinCredits":   30                         },
		{"matchIn": 24, "pattern":   141440, "baseWinCredits":   30                         },
		{"matchIn": 24, "pattern":   328000, "baseWinCredits":   30                         },
		{"matchIn": 24, "pattern":  4211716, "baseWinCredits":   30                         },
		{"matchIn": 24, "pattern": 17825809, "baseWinCredits":   30                         },
		{"matchIn": 24, "pattern":   131520, "baseWinCredits":   30                         },
		{"matchIn": 24, "pattern":    10564, "baseWinCredits":   30                         },
		{"matchIn": 24, "pattern":  4532224, "baseWinCredits":   30                         },
		{"matchIn": 25, "pattern":       99, "baseWinCredits":   30                         },
		{"matchIn": 25, "pattern":      792, "baseWinCredits":   30                         },
		{"matchIn": 25, "pattern":  3244032, "baseWinCredits":   29                         },
		{"matchIn": 25, "pattern": 25952256, "baseWinCredits":   28                         },
		{"matchIn": 25, "pattern":     1063, "baseWinCredits":   28                         },
		{"matchIn": 25, "pattern":    16924, "baseWinCredits":   28                         },
		{"matchIn": 25, "pattern":  7373824, "baseWinCredits":   28                         },
		{"matchIn": 25, "pattern": 29900800, "baseWinCredits":   28                         },
		{"matchIn": 25, "pattern":  4328448, "baseWinCredits":   27                         },
		{"matchIn": 25, "pattern":  4349952, "baseWinCredits":   26                         },
		{"matchIn": 25, "pattern":     3204, "baseWinCredits":   26                         },
		{"matchIn": 25, "pattern":    24708, "baseWinCredits":   25                         },
		{"matchIn": 25, "pattern":  1115201, "baseWinCredits":   25                         },
		{"matchIn": 25, "pattern": 17056016, "baseWinCredits":   25                         },
		{"matchIn": 25, "pattern":      341, "baseWinCredits":   25                         },
		{"matchIn": 25, "pattern": 22347776, "baseWinCredits":   25                         },
		{"matchIn": 25, "pattern": 17039425, "baseWinCredits":   25                         },
		{"matchIn": 25, "pattern":  1114384, "baseWinCredits":   25                         },
		{"matchIn": 25, "pattern":   141440, "baseWinCredits":   25                         },
		{"matchIn": 25, "pattern":   328000, "baseWinCredits":   25                         },
		{"matchIn": 25, "pattern":  4211716, "baseWinCredits":   25                         },
		{"matchIn": 25, "pattern": 17825809, "baseWinCredits":   25                         },
		{"matchIn": 25, "pattern":   131520, "baseWinCredits":   24                         },
		{"matchIn": 25, "pattern":    10564, "baseWinCredits":   24                         },
		{"matchIn": 25, "pattern":  4532224, "baseWinCredits":   24                         },
		{"matchIn": 26, "pattern":       99, "baseWinCredits":   24                         },
		{"matchIn": 26, "pattern":      792, "baseWinCredits":   23                         },
		{"matchIn": 26, "pattern":  3244032, "baseWinCredits":   22                         },
		{"matchIn": 26, "pattern": 25952256, "baseWinCredits":   20                         },
		{"matchIn": 26, "pattern":     1063, "baseWinCredits":   20                         },
		{"matchIn": 26, "pattern":    16924, "baseWinCredits":   20                         },
		{"matchIn": 26, "pattern":  7373824, "baseWinCredits":   20                         },
		{"matchIn": 26, "pattern": 29900800, "baseWinCredits":   20                         },
		{"matchIn": 26, "pattern":  4328448, "baseWinCredits":   20                         },
		{"matchIn": 26, "pattern":  4349952, "baseWinCredits":   20                         },
		{"matchIn": 26, "pattern":     3204, "baseWinCredits":   20                         },
		{"matchIn": 26, "pattern":    24708, "baseWinCredits":   20                         },
		{"matchIn": 26, "pattern":  1115201, "baseWinCredits":   20                         },
		{"matchIn": 26, "pattern": 17056016, "baseWinCredits":   20                         },
		{"matchIn": 26, "pattern":      341, "baseWinCredits":   20                         },
		{"matchIn": 26, "pattern": 22347776, "baseWinCredits":   20                         },
		{"matchIn": 26, "pattern": 17039425, "baseWinCredits":   20                         },
		{"matchIn": 26, "pattern":  1114384, "baseWinCredits":   20                         },
		{"matchIn": 26, "pattern":   141440, "baseWinCredits":   20                         },
		{"matchIn": 26, "pattern":   328000, "baseWinCredits":   20                         },
		{"matchIn": 26, "pattern":  4211716, "baseWinCredits":   20                         },
		{"matchIn": 26, "pattern": 17825809, "baseWinCredits":   20                         },
		{"matchIn": 26, "pattern":   131520, "baseWinCredits":   20                         },
		{"matchIn": 26, "pattern":    10564, "baseWinCredits":   20                         },
		{"matchIn": 26, "pattern":  4532224, "baseWinCredits":   20                         },
		{"matchIn": 27, "pattern":       99, "baseWinCredits":   20                         },
		{"matchIn": 27, "pattern":      792, "baseWinCredits":   20                         },
		{"matchIn": 27, "pattern":  3244032, "baseWinCredits":   20                         },
		{"matchIn": 27, "pattern": 25952256, "baseWinCredits":   20                         },
		{"matchIn": 27, "pattern":     1063, "baseWinCredits":   20                         },
		{"matchIn": 27, "pattern":    16924, "baseWinCredits":   20                         },
		{"matchIn": 27, "pattern":  7373824, "baseWinCredits":   20                         },
		{"matchIn": 27, "pattern": 29900800, "baseWinCredits":   20                         },
		{"matchIn": 27, "pattern":  4328448, "baseWinCredits":   20                         },
		{"matchIn": 27, "pattern":  4349952, "baseWinCredits":   20                         },
		{"matchIn": 27, "pattern":     3204, "baseWinCredits":   20                         },
		{"matchIn": 27, "pattern":    24708, "baseWinCredits":   20                         },
		{"matchIn": 27, "pattern":  1115201, "baseWinCredits":   20                         },
		{"matchIn": 27, "pattern": 17056016, "baseWinCredits":   20                         },
		{"matchIn": 27, "pattern":      341, "baseWinCredits":   20                         },
		{"matchIn": 27, "pattern": 22347776, "baseWinCredits":   20                         },
		{"matchIn": 27, "pattern": 17039425, "baseWinCredits":   20                         },
		{"matchIn": 27, "pattern":  1114384, "baseWinCredits":   20                         },
		{"matchIn": 27, "pattern":   141440, "baseWinCredits":   20                         },
		{"matchIn": 27, "pattern":   328000, "baseWinCredits":   20                         },
		{"matchIn": 27, "pattern":  4211716, "baseWinCredits":   19                         },
		{"matchIn": 27, "pattern": 17825809, "baseWinCredits":   18                         },
		{"matchIn": 27, "pattern":   131520, "baseWinCredits":   18                         },
		{"matchIn": 27, "pattern":    10564, "baseWinCredits":   18                         },
		{"matchIn": 27, "pattern":  4532224, "baseWinCredits":   17                         },
		{"matchIn": 28, "pattern":       99, "baseWinCredits":   16                         },
		{"matchIn": 28, "pattern":      792, "baseWinCredits":   16                         },
		{"matchIn": 28, "pattern":  3244032, "baseWinCredits":   15                         },
		{"matchIn": 28, "pattern": 25952256, "baseWinCredits":   15                         },
		{"matchIn": 28, "pattern":     1063, "baseWinCredits":   15                         },
		{"matchIn": 28, "pattern":    16924, "baseWinCredits":   15                         },
		{"matchIn": 28, "pattern":  7373824, "baseWinCredits":   15                         },
		{"matchIn": 28, "pattern": 29900800, "baseWinCredits":   15                         },
		{"matchIn": 28, "pattern":  4328448, "baseWinCredits":   15                         },
		{"matchIn": 28, "pattern":  4349952, "baseWinCredits":   15                         },
		{"matchIn": 28, "pattern":     3204, "baseWinCredits":   14                         },
		{"matchIn": 28, "pattern":    24708, "baseWinCredits":   14                         },
		{"matchIn": 28, "pattern":  1115201, "baseWinCredits":   14                         },
		{"matchIn": 28, "pattern": 17056016, "baseWinCredits":   14                         },
		{"matchIn": 28, "pattern":      341, "baseWinCredits":   14                         },
		{"matchIn": 28, "pattern": 22347776, "baseWinCredits":   14                         },
		{"matchIn": 28, "pattern": 17039425, "baseWinCredits":   14                         },
		{"matchIn": 28, "pattern":  1114384, "baseWinCredits":   13                         },
		{"matchIn": 28, "pattern":   141440, "baseWinCredits":   13                         },
		{"matchIn": 28, "pattern":   328000, "baseWinCredits":   12                         },
		{"matchIn": 28, "pattern":  4211716, "baseWinCredits":   12                         },
		{"matchIn": 28, "pattern": 17825809, "baseWinCredits":   12                         },
		{"matchIn": 28, "pattern":   131520, "baseWinCredits":   11                         },
		{"matchIn": 28, "pattern":    10564, "baseWinCredits":   11                         },
		{"matchIn": 28, "pattern":  4532224, "baseWinCredits":   11                         },
		{"matchIn": 29, "pattern":       99, "baseWinCredits":   11                         },
		{"matchIn": 29, "pattern":      792, "baseWinCredits":   10                         },
		{"matchIn": 29, "pattern":  3244032, "baseWinCredits":   10                         },
		{"matchIn": 29, "pattern": 25952256, "baseWinCredits":   10                         },
		{"matchIn": 29, "pattern":     1063, "baseWinCredits":   10                         },
		{"matchIn": 29, "pattern":    16924, "baseWinCredits":   10                         },
		{"matchIn": 29, "pattern":  7373824, "baseWinCredits":   10                         },
		{"matchIn": 29, "pattern": 29900800, "baseWinCredits":   10                         },
		{"matchIn": 29, "pattern":  4328448, "baseWinCredits":   10                         },
		{"matchIn": 29, "pattern":  4349952, "baseWinCredits":   10                         },
		{"matchIn": 29, "pattern":     3204, "baseWinCredits":   10                         },
		{"matchIn": 29, "pattern":    24708, "baseWinCredits":   10                         },
		{"matchIn": 29, "pattern":  1115201, "baseWinCredits":   10                         },
		{"matchIn": 29, "pattern": 17056016, "baseWinCredits":   10                         },
		{"matchIn": 29, "pattern":      341, "baseWinCredits":   10                         },
		{"matchIn": 29, "pattern": 22347776, "baseWinCredits":   10                         },
		{"matchIn": 29, "pattern": 17039425, "baseWinCredits":   10                         },
		{"matchIn": 29, "pattern":  1114384, "baseWinCredits":   10                         },
		{"matchIn": 29, "pattern":   141440, "baseWinCredits":   10                         },
		{"matchIn": 29, "pattern":   328000, "baseWinCredits":   10                         },
		{"matchIn": 29, "pattern":  4211716, "baseWinCredits":   10                         },
		{"matchIn": 29, "pattern": 17825809, "baseWinCredits":   10                         },
		{"matchIn": 29, "pattern":   131520, "baseWinCredits":   10                         },
		{"matchIn": 29, "pattern":    10564, "baseWinCredits":   10                         },
		{"matchIn": 29, "pattern":  4532224, "baseWinCredits":   10                         },
		{"matchIn": 30, "pattern":       99, "baseWinCredits":   10                         },
		{"matchIn": 30, "pattern":      792, "baseWinCredits":   10                         },
		{"matchIn": 30, "pattern":  3244032, "baseWinCredits":   10                         },
		{"matchIn": 30, "pattern": 25952256, "baseWinCredits":   10                         },
		{"matchIn": 30, "pattern":     1063, "baseWinCredits":   10                         },
		{"matchIn": 30, "pattern":    16924, "baseWinCredits":   10                         },
		{"matchIn": 30, "pattern":  7373824, "baseWinCredits":   10                         },
		{"matchIn": 30, "pattern": 29900800, "baseWinCredits":   10                         },
		{"matchIn": 30, "pattern":  4328448, "baseWinCredits":   10                         },
		{"matchIn": 30, "pattern":  4349952, "baseWinCredits":   10                         },
		{"matchIn": 30, "pattern":     3204, "baseWinCredits":   10                         },
		{"matchIn": 30, "pattern":    24708, "baseWinCredits":    9                         },
		{"matchIn": 30, "pattern":  1115201, "baseWinCredits":    9                         },
		{"matchIn": 30, "pattern": 17056016, "baseWinCredits":    9                         },
		{"matchIn": 30, "pattern":      341, "baseWinCredits":    9                         },
		{"matchIn": 30, "pattern": 22347776, "baseWinCredits":    9                         },
		{"matchIn": 30, "pattern": 17039425, "baseWinCredits":    9                         },
		{"matchIn": 30, "pattern":  1114384, "baseWinCredits":    8                         },
		{"matchIn": 30, "pattern":   141440, "baseWinCredits":    8                         },
		{"matchIn": 30, "pattern":   328000, "baseWinCredits":    8                         },
		{"matchIn": 30, "pattern":  4211716, "baseWinCredits":    8                         },
		{"matchIn": 30, "pattern": 17825809, "baseWinCredits":    8                         },
		{"matchIn": 30, "pattern":   131520, "baseWinCredits":    8                         },
		{"matchIn": 30, "pattern":    10564, "baseWinCredits":    8                         },
		{"matchIn": 30, "pattern":  4532224, "baseWinCredits":    8                         },
		{"matchIn": 31, "pattern":       99, "baseWinCredits":    8                         },
		{"matchIn": 31, "pattern":      792, "baseWinCredits":    8                         },
		{"matchIn": 31, "pattern":  3244032, "baseWinCredits":    8                         },
		{"matchIn": 31, "pattern": 25952256, "baseWinCredits":    8                         },
		{"matchIn": 31, "pattern":     1063, "baseWinCredits":    7                         },
		{"matchIn": 31, "pattern":    16924, "baseWinCredits":    7                         },
		{"matchIn": 31, "pattern":  7373824, "baseWinCredits":    7                         },
		{"matchIn": 31, "pattern": 29900800, "baseWinCredits":    7                         },
		{"matchIn": 31, "pattern":  4328448, "baseWinCredits":    7                         },
		{"matchIn": 31, "pattern":  4349952, "baseWinCredits":    6                         },
		{"matchIn": 31, "pattern":     3204, "baseWinCredits":    6                         },
		{"matchIn": 31, "pattern":    24708, "baseWinCredits":    6                         },
		{"matchIn": 31, "pattern":  1115201, "baseWinCredits":    6                         },
		{"matchIn": 31, "pattern": 17056016, "baseWinCredits":    6                         },
		{"matchIn": 31, "pattern":      341, "baseWinCredits":    6                         },
		{"matchIn": 31, "pattern": 22347776, "baseWinCredits":    6                         },
		{"matchIn": 31, "pattern": 17039425, "baseWinCredits":    6                         },
		{"matchIn": 31, "pattern":  1114384, "baseWinCredits":    6                         },
		{"matchIn": 31, "pattern":   141440, "baseWinCredits":    6                         },
		{"matchIn": 31, "pattern":   328000, "baseWinCredits":    6                         },
		{"matchIn": 31, "pattern":  4211716, "baseWinCredits":    6                         },
		{"matchIn": 31, "pattern": 17825809, "baseWinCredits":    6                         },
		{"matchIn": 31, "pattern":   131520, "baseWinCredits":    6                         },
		{"matchIn": 31, "pattern":    10564, "baseWinCredits":    6                         },
		{"matchIn": 31, "pattern":  4532224, "baseWinCredits":    5                         },
		{"matchIn": 32, "pattern":       99, "baseWinCredits":    5                         },
		{"matchIn": 32, "pattern":      792, "baseWinCredits":    5                         },
		{"matchIn": 32, "pattern":  3244032, "baseWinCredits":    5                         },
		{"matchIn": 32, "pattern": 25952256, "baseWinCredits":    5                         },
		{"matchIn": 32, "pattern":     1063, "baseWinCredits":    5                         },
		{"matchIn": 32, "pattern":    16924, "baseWinCredits":    5                         },
		{"matchIn": 32, "pattern":  7373824, "baseWinCredits":    5                         },
		{"matchIn": 32, "pattern": 29900800, "baseWinCredits":    5                         },
		{"matchIn": 32, "pattern":  4328448, "baseWinCredits":    5                         },
		{"matchIn": 32, "pattern":  4349952, "baseWinCredits":    5                         },
		{"matchIn": 32, "pattern":     3204, "baseWinCredits":    5                         },
		{"matchIn": 32, "pattern":    24708, "baseWinCredits":    5                         },
		{"matchIn": 32, "pattern":  1115201, "baseWinCredits":    5                         },
		{"matchIn": 32, "pattern": 17056016, "baseWinCredits":    5                         },
		{"matchIn": 32, "pattern":      341, "baseWinCredits":    5                         },
		{"matchIn": 32, "pattern": 22347776, "baseWinCredits":    5                         },
		{"matchIn": 32, "pattern": 17039425, "baseWinCredits":    5                         },
		{"matchIn": 32, "pattern":  1114384, "baseWinCredits":    5                         },
		{"matchIn": 32, "pattern":   141440, "baseWinCredits":    5                         },
		{"matchIn": 32, "pattern":   328000, "baseWinCredits":    5                         },
		{"matchIn": 32, "pattern":  4211716, "baseWinCredits":    5                         },
		{"matchIn": 32, "pattern": 17825809, "baseWinCredits":    5                         },
		{"matchIn": 32, "pattern":   131520, "baseWinCredits":    5                         },
		{"matchIn": 32, "pattern":    10564, "baseWinCredits":    5                         },
		{"matchIn": 32, "pattern":  4532224, "baseWinCredits":    5                         },
		{"matchIn": 33, "pattern":       99, "baseWinCredits":    5                         },
		{"matchIn": 33, "pattern":      792, "baseWinCredits":    5                         },
		{"matchIn": 33, "pattern":  3244032, "baseWinCredits":    5                         },
		{"matchIn": 33, "pattern": 25952256, "baseWinCredits":    5                         },
		{"matchIn": 33, "pattern":     1063, "baseWinCredits":    5                         },
		{"matchIn": 33, "pattern":    16924, "baseWinCredits":    5                         },
		{"matchIn": 33, "pattern":  7373824, "baseWinCredits":    5                         },
		{"matchIn": 33, "pattern": 29900800, "baseWinCredits":    5                         },
		{"matchIn": 33, "pattern":  4328448, "baseWinCredits":    5                         },
		{"matchIn": 33, "pattern":  4349952, "baseWinCredits":    5                         },
		{"matchIn": 33, "pattern":     3204, "baseWinCredits":    5                         },
		{"matchIn": 33, "pattern":    24708, "baseWinCredits":    5                         },
		{"matchIn": 33, "pattern":  1115201, "baseWinCredits":    5                         },
		{"matchIn": 33, "pattern": 17056016, "baseWinCredits":    5                         },
		{"matchIn": 33, "pattern":      341, "baseWinCredits":    4                         },
		{"matchIn": 33, "pattern": 22347776, "baseWinCredits":    4                         },
		{"matchIn": 33, "pattern": 17039425, "baseWinCredits":    4                         },
		{"matchIn": 33, "pattern":  1114384, "baseWinCredits":    4                         },
		{"matchIn": 33, "pattern":   141440, "baseWinCredits":    4                         },
		{"matchIn": 33, "pattern":   328000, "baseWinCredits":    4                         },
		{"matchIn": 33, "pattern":  4211716, "baseWinCredits":    4                         },
		{"matchIn": 33, "pattern": 17825809, "baseWinCredits":    4                         },
		{"matchIn": 33, "pattern":   131520, "baseWinCredits":    4                         },
		{"matchIn": 33, "pattern":    10564, "baseWinCredits":    4                         },
		{"matchIn": 33, "pattern":  4532224, "baseWinCredits":    4                         },
		{"matchIn": 34, "pattern":       99, "baseWinCredits":    4                         },
		{"matchIn": 34, "pattern":      792, "baseWinCredits":    4                         },
		{"matchIn": 34, "pattern":  3244032, "baseWinCredits":    4                         },
		{"matchIn": 34, "pattern": 25952256, "baseWinCredits":    4                         },
		{"matchIn": 34, "pattern":     1063, "baseWinCredits":    4                         },
		{"matchIn": 34, "pattern":    16924, "baseWinCredits":    4                         },
		{"matchIn": 34, "pattern":  7373824, "baseWinCredits":    4                         },
		{"matchIn": 34, "pattern": 29900800, "baseWinCredits":    4                         },
		{"matchIn": 34, "pattern":  4328448, "baseWinCredits":    4                         },
		{"matchIn": 34, "pattern":  4349952, "baseWinCredits":    4                         }
	]
}
