{
	"configuration": {
		"tableType": "Bingo",
		"formatVersion": "1.2",
		"name": "20Line",
		"tableName": "main",
		"lines": 20,
		"percentage": 90,
		"baseBet": 0,
		"betLevelGroups": {
			"1" : [1, 2, 3, 4, 5, 6, 7, 8, 9],
			"2" : [1, 2, 3, 4, 5, 6, 7, 8, 9],
			"5" : [1, 2, 3, 4, 5, 6, 7, 8, 9],
			"10": [1, 2, 3, 4, 5, 6, 7, 8, 9],
			"25": [1, 2, 3, 4, 5, 6, 7, 8, 9]
		},
		"entries": 758,
		"progressiveBases": {
			"1": {"valueCredits": 150000}
		},
		"version": 1
	},
	"entries": [
		{"matchIn":  4, "pattern":       99, "baseWinCredits": 1002                         },
		{"matchIn":  4, "pattern":      792, "baseWinCredits": 6337                         },
		{"matchIn":  4, "pattern":  3244032, "baseWinCredits": 5600                         },
		{"matchIn":  4, "pattern": 25952256, "baseWinCredits": 5529                         },
		{"matchIn":  4, "pattern":  4328448, "baseWinCredits": 5417                         },
		{"matchIn":  4, "pattern":  4349952, "baseWinCredits": 5332                         },
		{"matchIn":  4, "pattern":     3204, "baseWinCredits": 5295                         },
		{"matchIn":  4, "pattern":    24708, "baseWinCredits": 5210                         },
		{"matchIn":  4, "pattern": 17039425, "baseWinCredits": 5155                         },
		{"matchIn":  4, "pattern":  1114384, "baseWinCredits": 5042                         },
		{"matchIn":  4, "pattern":   141440, "baseWinCredits": 3002                         },
		{"matchIn":  4, "pattern":   328000, "baseWinCredits":  800, "bonusGamesAwarded": 60},
		{"matchIn":  4, "pattern":  4211716, "baseWinCredits":  800, "bonusGamesAwarded": 60},
		{"matchIn":  4, "pattern": 17825809, "baseWinCredits":  800, "bonusGamesAwarded": 60},
		{"matchIn":  4, "pattern":   131520, "baseWinCredits":  800, "bonusGamesAwarded": 60},
		{"matchIn":  5, "pattern":       99, "baseWinCredits":  800, "bonusGamesAwarded": 60},
		{"matchIn":  5, "pattern":      792, "baseWinCredits":  800, "bonusGamesAwarded": 60},
		{"matchIn":  5, "pattern":  3244032, "baseWinCredits":  800, "bonusGamesAwarded": 60},
		{"matchIn":  5, "pattern": 25952256, "baseWinCredits":  800, "bonusGamesAwarded": 60},
		{"matchIn":  5, "pattern":     1063, "baseWinCredits":  800, "bonusGamesAwarded": 60},
		{"matchIn":  5, "pattern":    16924, "baseWinCredits":  800, "bonusGamesAwarded": 60},
		{"matchIn":  5, "pattern":  7373824, "baseWinCredits":  800, "bonusGamesAwarded": 60},
		{"matchIn":  5, "pattern": 29900800, "baseWinCredits":  800, "bonusGamesAwarded": 60},
		{"matchIn":  5, "pattern":  4328448, "baseWinCredits":  800, "bonusGamesAwarded": 60},
		{"matchIn":  5, "pattern":  4349952, "baseWinCredits":  800, "bonusGamesAwarded": 60},
		{"matchIn":  5, "pattern":     3204, "baseWinCredits":  800, "bonusGamesAwarded": 60},
		{"matchIn":  5, "pattern":    24708, "baseWinCredits":  800, "bonusGamesAwarded": 60},
		{"matchIn":  5, "pattern":  1115201, "baseWinCredits":  800, "bonusGamesAwarded": 60},
		{"matchIn":  5, "pattern": 17056016, "baseWinCredits":  800, "bonusGamesAwarded": 60},
		{"matchIn":  5, "pattern":      341, "baseWinCredits":  800, "bonusGamesAwarded": 60},
		{"matchIn":  5, "pattern": 22347776, "baseWinCredits":  800, "bonusGamesAwarded": 60},
		{"matchIn":  5, "pattern": 17039425, "baseWinCredits":  800, "bonusGamesAwarded": 60},
		{"matchIn":  5, "pattern":  1114384, "baseWinCredits":  800, "bonusGamesAwarded": 60},
		{"matchIn":  5, "pattern":   141440, "baseWinCredits":  800, "bonusGamesAwarded": 60},
		{"matchIn":  5, "pattern":   328000, "baseWinCredits":  800, "bonusGamesAwarded": 60},
		{"matchIn":  5, "pattern":  4211716, "baseWinCredits":  800, "bonusGamesAwarded": 60},
		{"matchIn":  5, "pattern": 17825809, "baseWinCredits":  800, "bonusGamesAwarded": 60},
		{"matchIn":  5, "pattern":   131520, "baseWinCredits":  800, "bonusGamesAwarded": 60},
		{"matchIn":  5, "pattern":    10564, "baseWinCredits":  800, "bonusGamesAwarded": 60},
		{"matchIn":  5, "pattern":  4532224, "baseWinCredits":  800, "bonusGamesAwarded": 60},
		{"matchIn":  6, "pattern":       99, "baseWinCredits":  800, "bonusGamesAwarded": 60},
		{"matchIn":  6, "pattern":      792, "baseWinCredits":  800, "bonusGamesAwarded": 60},
		{"matchIn":  6, "pattern":  3244032, "baseWinCredits":  800, "bonusGamesAwarded": 60},
		{"matchIn":  6, "pattern": 25952256, "baseWinCredits":  800, "bonusGamesAwarded": 60},
		{"matchIn":  6, "pattern":     1063, "baseWinCredits":  800, "bonusGamesAwarded": 60},
		{"matchIn":  6, "pattern":    16924, "baseWinCredits":  800, "bonusGamesAwarded": 60},
		{"matchIn":  6, "pattern":  7373824, "baseWinCredits":  800, "bonusGamesAwarded": 60},
		{"matchIn":  6, "pattern": 29900800, "baseWinCredits":  800, "bonusGamesAwarded": 60},
		{"matchIn":  6, "pattern":  4328448, "baseWinCredits":  800, "bonusGamesAwarded": 60},
		{"matchIn":  6, "pattern":  4349952, "baseWinCredits": 2352                         },
		{"matchIn":  6, "pattern":     3204, "baseWinCredits": 2015                         },
		{"matchIn":  6, "pattern":    24708, "baseWinCredits": 1388                         },
		{"matchIn":  6, "pattern":  1115201, "baseWinCredits": 1381                         },
		{"matchIn":  6, "pattern": 17056016, "baseWinCredits": 1376                         },
		{"matchIn":  6, "pattern":      341, "baseWinCredits": 1374                         },
		{"matchIn":  6, "pattern": 22347776, "baseWinCredits": 1370                         },
		{"matchIn":  6, "pattern": 17039425, "baseWinCredits": 1277                         },
		{"matchIn":  6, "pattern":  1114384, "baseWinCredits": 1241                         },
		{"matchIn":  6, "pattern":   141440, "baseWinCredits": 1180                         },
		{"matchIn":  6, "pattern":   328000, "baseWinCredits": 1142                         },
		{"matchIn":  6, "pattern":  4211716, "baseWinCredits": 1120                         },
		{"matchIn":  6, "pattern": 17825809, "baseWinCredits": 1100                         },
		{"matchIn":  6, "pattern":   131520, "baseWinCredits": 1078                         },
		{"matchIn":  6, "pattern":    10564, "baseWinCredits": 1077                         },
		{"matchIn":  6, "pattern":  4532224, "baseWinCredits": 1076                         },
		{"matchIn":  7, "pattern":       99, "baseWinCredits": 1056                         },
		{"matchIn":  7, "pattern":      792, "baseWinCredits": 1050                         },
		{"matchIn":  7, "pattern":  3244032, "baseWinCredits": 1034                         },
		{"matchIn":  7, "pattern": 25952256, "baseWinCredits":  400, "bonusGamesAwarded": 20},
		{"matchIn":  7, "pattern":     1063, "baseWinCredits":  400, "bonusGamesAwarded": 20},
		{"matchIn":  7, "pattern":    16924, "baseWinCredits":  400, "bonusGamesAwarded": 20},
		{"matchIn":  7, "pattern":  7373824, "baseWinCredits":  400, "bonusGamesAwarded": 20},
		{"matchIn":  7, "pattern": 29900800, "baseWinCredits":  400, "bonusGamesAwarded": 20},
		{"matchIn":  7, "pattern":  4328448, "baseWinCredits":  400, "bonusGamesAwarded": 20},
		{"matchIn":  7, "pattern":  4349952, "baseWinCredits":  400, "bonusGamesAwarded": 20},
		{"matchIn":  7, "pattern":     3204, "baseWinCredits":  400, "bonusGamesAwarded": 20},
		{"matchIn":  7, "pattern":    24708, "baseWinCredits":  400, "bonusGamesAwarded": 20},
		{"matchIn":  7, "pattern":  1115201, "baseWinCredits":  400, "bonusGamesAwarded": 20},
		{"matchIn":  7, "pattern": 17056016, "baseWinCredits":  400, "bonusGamesAwarded": 20},
		{"matchIn":  7, "pattern":      341, "baseWinCredits":  400, "bonusGamesAwarded": 20},
		{"matchIn":  7, "pattern": 22347776, "baseWinCredits":  400, "bonusGamesAwarded": 20},
		{"matchIn":  7, "pattern": 17039425, "baseWinCredits":  400, "bonusGamesAwarded": 20},
		{"matchIn":  7, "pattern":  1114384, "baseWinCredits":  400, "bonusGamesAwarded": 20},
		{"matchIn":  7, "pattern":   141440, "baseWinCredits":  400, "bonusGamesAwarded": 20},
		{"matchIn":  7, "pattern":   328000, "baseWinCredits":  400, "bonusGamesAwarded": 20},
		{"matchIn":  7, "pattern":  4211716, "baseWinCredits":  400, "bonusGamesAwarded": 20},
		{"matchIn":  7, "pattern": 17825809, "baseWinCredits":  400, "bonusGamesAwarded": 20},
		{"matchIn":  7, "pattern":   131520, "baseWinCredits":  400, "bonusGamesAwarded": 20},
		{"matchIn":  7, "pattern":    10564, "baseWinCredits":  400, "bonusGamesAwarded": 20},
		{"matchIn":  7, "pattern":  4532224, "baseWinCredits":  400, "bonusGamesAwarded": 20},
		{"matchIn":  8, "pattern":       99, "baseWinCredits":  400, "bonusGamesAwarded": 20},
		{"matchIn":  8, "pattern":      792, "baseWinCredits":  400, "bonusGamesAwarded": 20},
		{"matchIn":  8, "pattern":  3244032, "baseWinCredits":  400, "bonusGamesAwarded": 20},
		{"matchIn":  8, "pattern": 25952256, "baseWinCredits":  400, "bonusGamesAwarded": 20},
		{"matchIn":  8, "pattern":     1063, "baseWinCredits":  400, "bonusGamesAwarded": 20},
		{"matchIn":  8, "pattern":    16924, "baseWinCredits":  400, "bonusGamesAwarded": 20},
		{"matchIn":  8, "pattern":  7373824, "baseWinCredits":  400, "bonusGamesAwarded": 20},
		{"matchIn":  8, "pattern": 29900800, "baseWinCredits":  400, "bonusGamesAwarded": 20},
		{"matchIn":  8, "pattern":  4328448, "baseWinCredits":  400, "bonusGamesAwarded": 20},
		{"matchIn":  8, "pattern":  4349952, "baseWinCredits":  400, "bonusGamesAwarded": 20},
		{"matchIn":  8, "pattern":     3204, "baseWinCredits":  400, "bonusGamesAwarded": 20},
		{"matchIn":  8, "pattern":    24708, "baseWinCredits":  400, "bonusGamesAwarded": 20},
		{"matchIn":  8, "pattern":  1115201, "baseWinCredits":  400, "bonusGamesAwarded": 20},
		{"matchIn":  8, "pattern": 17056016, "baseWinCredits":  400, "bonusGamesAwarded": 20},
		{"matchIn":  8, "pattern":      341, "baseWinCredits":  400, "bonusGamesAwarded": 20},
		{"matchIn":  8, "pattern": 22347776, "baseWinCredits":  400, "bonusGamesAwarded": 20},
		{"matchIn":  8, "pattern": 17039425, "baseWinCredits":  400, "bonusGamesAwarded": 20},
		{"matchIn":  8, "pattern":  1114384, "baseWinCredits":  400, "bonusGamesAwarded": 20},
		{"matchIn":  8, "pattern":   141440, "baseWinCredits":  400, "bonusGamesAwarded": 20},
		{"matchIn":  8, "pattern":   328000, "baseWinCredits": 1015                         },
		{"matchIn":  8, "pattern":  4211716, "baseWinCredits": 1004                         },
		{"matchIn":  8, "pattern": 17825809, "baseWinCredits":  910                         },
		{"matchIn":  8, "pattern":   131520, "baseWinCredits":  820                         },
		{"matchIn":  8, "pattern":    10564, "baseWinCredits":  815                         },
		{"matchIn":  8, "pattern":  4532224, "baseWinCredits":  810                         },
		{"matchIn":  9, "pattern":       99, "baseWinCredits":  715                         },
		{"matchIn":  9, "pattern":      792, "baseWinCredits":  670                         },
		{"matchIn":  9, "pattern":  3244032, "baseWinCredits":  637                         },
		{"matchIn":  9, "pattern": 25952256, "baseWinCredits":  617                         },
		{"matchIn":  9, "pattern":     1063, "baseWinCredits":  615                         },
		{"matchIn":  9, "pattern":    16924, "baseWinCredits":  610                         },
		{"matchIn":  9, "pattern":  7373824, "baseWinCredits":  610                         },
		{"matchIn":  9, "pattern": 29900800, "baseWinCredits":  609                         },
		{"matchIn":  9, "pattern":  4328448, "baseWinCredits":  595                         },
		{"matchIn":  9, "pattern":  4349952, "baseWinCredits":  577                         },
		{"matchIn":  9, "pattern":     3204, "baseWinCredits":  564                         },
		{"matchIn":  9, "pattern":    24708, "baseWinCredits":  552                         },
		{"matchIn":  9, "pattern":  1115201, "baseWinCredits":  552                         },
		{"matchIn":  9, "pattern": 17056016, "baseWinCredits":  552                         },
		{"matchIn":  9, "pattern":      341, "baseWinCredits":  550                         },
		{"matchIn":  9, "pattern": 22347776, "baseWinCredits":  550                         },
		{"matchIn":  9, "pattern": 17039425, "baseWinCredits":  539                         },
		{"matchIn":  9, "pattern":  1114384, "baseWinCredits":  524                         },
		{"matchIn":  9, "pattern":   141440, "baseWinCredits":  504                         },
		{"matchIn":  9, "pattern":   328000, "baseWinCredits":  490                         },
		{"matchIn":  9, "pattern":  4211716, "baseWinCredits":  470                         },
		{"matchIn":  9, "pattern": 17825809, "baseWinCredits":  455                         },
		{"matchIn":  9, "pattern":   131520, "baseWinCredits":  445                         },
		{"matchIn":  9, "pattern":    10564, "baseWinCredits":  444                         },
		{"matchIn":  9, "pattern":  4532224, "baseWinCredits":  442                         },
		{"matchIn": 10, "pattern":       99, "baseWinCredits":  427                         },
		{"matchIn": 10, "pattern":      792, "baseWinCredits":  420                         },
		{"matchIn": 10, "pattern":  3244032, "baseWinCredits":  410                         },
		{"matchIn": 10, "pattern": 25952256, "baseWinCredits":  401                         },
		{"matchIn": 10, "pattern":     1063, "baseWinCredits":  400                         },
		{"matchIn": 10, "pattern":    16924, "baseWinCredits":  400                         },
		{"matchIn": 10, "pattern":  7373824, "baseWinCredits":  400                         },
		{"matchIn": 10, "pattern": 29900800, "baseWinCredits":  399                         },
		{"matchIn": 10, "pattern":  4328448, "baseWinCredits":  390                         },
		{"matchIn": 10, "pattern":  4349952, "baseWinCredits":  382                         },
		{"matchIn": 10, "pattern":     3204, "baseWinCredits":  376                         },
		{"matchIn": 10, "pattern":    24708, "baseWinCredits":  372                         },
		{"matchIn": 10, "pattern":  1115201, "baseWinCredits":  372                         },
		{"matchIn": 10, "pattern": 17056016, "baseWinCredits":  372                         },
		{"matchIn": 10, "pattern":      341, "baseWinCredits":  371                         },
		{"matchIn": 10, "pattern": 22347776, "baseWinCredits":  370                         },
		{"matchIn": 10, "pattern": 17039425, "baseWinCredits":  368                         },
		{"matchIn": 10, "pattern":  1114384, "baseWinCredits":  362                         },
		{"matchIn": 10, "pattern":   141440, "baseWinCredits":  360                         },
		{"matchIn": 10, "pattern":   328000, "baseWinCredits":  355                         },
		{"matchIn": 10, "pattern":  4211716, "baseWinCredits":   40, "bonusGamesAwarded": 10},
		{"matchIn": 10, "pattern": 17825809, "baseWinCredits":   40, "bonusGamesAwarded": 10},
		{"matchIn": 10, "pattern":   131520, "baseWinCredits":   40, "bonusGamesAwarded": 10},
		{"matchIn": 10, "pattern":    10564, "baseWinCredits":   40, "bonusGamesAwarded": 10},
		{"matchIn": 10, "pattern":  4532224, "baseWinCredits":   40, "bonusGamesAwarded": 10},
		{"matchIn": 11, "pattern":       99, "baseWinCredits":   40, "bonusGamesAwarded": 10},
		{"matchIn": 11, "pattern":      792, "baseWinCredits":   40, "bonusGamesAwarded": 10},
		{"matchIn": 11, "pattern":  3244032, "baseWinCredits":   40, "bonusGamesAwarded": 10},
		{"matchIn": 11, "pattern": 25952256, "baseWinCredits":   40, "bonusGamesAwarded": 10},
		{"matchIn": 11, "pattern":     1063, "baseWinCredits":   40, "bonusGamesAwarded": 10},
		{"matchIn": 11, "pattern":    16924, "baseWinCredits":   40, "bonusGamesAwarded": 10},
		{"matchIn": 11, "pattern":  7373824, "baseWinCredits":   40, "bonusGamesAwarded": 10},
		{"matchIn": 11, "pattern": 29900800, "baseWinCredits":   40, "bonusGamesAwarded": 10},
		{"matchIn": 11, "pattern":  4328448, "baseWinCredits":   40, "bonusGamesAwarded": 10},
		{"matchIn": 11, "pattern":  4349952, "baseWinCredits":   40, "bonusGamesAwarded": 10},
		{"matchIn": 11, "pattern":     3204, "baseWinCredits":   40, "bonusGamesAwarded": 10},
		{"matchIn": 11, "pattern":    24708, "baseWinCredits":   40, "bonusGamesAwarded": 10},
		{"matchIn": 11, "pattern":  1115201, "baseWinCredits":   40, "bonusGamesAwarded": 10},
		{"matchIn": 11, "pattern": 17056016, "baseWinCredits":   40, "bonusGamesAwarded": 10},
		{"matchIn": 11, "pattern":      341, "baseWinCredits":   40, "bonusGamesAwarded": 10},
		{"matchIn": 11, "pattern": 22347776, "baseWinCredits":   40, "bonusGamesAwarded": 10},
		{"matchIn": 11, "pattern": 17039425, "baseWinCredits":   40, "bonusGamesAwarded": 10},
		{"matchIn": 11, "pattern":  1114384, "baseWinCredits":   40, "bonusGamesAwarded": 10},
		{"matchIn": 11, "pattern":   141440, "baseWinCredits":   40, "bonusGamesAwarded": 10},
		{"matchIn": 11, "pattern":   328000, "baseWinCredits":   40, "bonusGamesAwarded": 10},
		{"matchIn": 11, "pattern":  4211716, "baseWinCredits":   40, "bonusGamesAwarded": 10},
		{"matchIn": 11, "pattern": 17825809, "baseWinCredits":   40, "bonusGamesAwarded": 10},
		{"matchIn": 11, "pattern":   131520, "baseWinCredits":   40, "bonusGamesAwarded": 10},
		{"matchIn": 11, "pattern":    10564, "baseWinCredits":   40, "bonusGamesAwarded": 10},
		{"matchIn": 11, "pattern":  4532224, "baseWinCredits":   40, "bonusGamesAwarded": 10},
		{"matchIn": 12, "pattern":       99, "baseWinCredits":   40, "bonusGamesAwarded": 10},
		{"matchIn": 12, "pattern":      792, "baseWinCredits":   40, "bonusGamesAwarded": 10},
		{"matchIn": 12, "pattern":  3244032, "baseWinCredits":   40, "bonusGamesAwarded": 10},
		{"matchIn": 12, "pattern": 25952256, "baseWinCredits":   40, "bonusGamesAwarded": 10},
		{"matchIn": 12, "pattern":     1063, "baseWinCredits":   40, "bonusGamesAwarded": 10},
		{"matchIn": 12, "pattern":    16924, "baseWinCredits":   40, "bonusGamesAwarded": 10},
		{"matchIn": 12, "pattern":  7373824, "baseWinCredits":   40, "bonusGamesAwarded": 10},
		{"matchIn": 12, "pattern": 29900800, "baseWinCredits":   40, "bonusGamesAwarded": 10},
		{"matchIn": 12, "pattern":  4328448, "baseWinCredits":   40, "bonusGamesAwarded": 10},
		{"matchIn": 12, "pattern":  4349952, "baseWinCredits":   40, "bonusGamesAwarded": 10},
		{"matchIn": 12, "pattern":     3204, "baseWinCredits":   40, "bonusGamesAwarded": 10},
		{"matchIn": 12, "pattern":    24708, "baseWinCredits":   40, "bonusGamesAwarded": 10},
		{"matchIn": 12, "pattern":  1115201, "baseWinCredits":   40, "bonusGamesAwarded": 10},
		{"matchIn": 12, "pattern": 17056016, "baseWinCredits":   40, "bonusGamesAwarded": 10},
		{"matchIn": 12, "pattern":      341, "baseWinCredits":   40, "bonusGamesAwarded": 10},
		{"matchIn": 12, "pattern": 22347776, "baseWinCredits":   40, "bonusGamesAwarded": 10},
		{"matchIn": 12, "pattern": 17039425, "baseWinCredits":   40, "bonusGamesAwarded": 10},
		{"matchIn": 12, "pattern":  1114384, "baseWinCredits":   40, "bonusGamesAwarded": 10},
		{"matchIn": 12, "pattern":   141440, "baseWinCredits":  351                         },
		{"matchIn": 12, "pattern":   328000, "baseWinCredits":  345                         },
		{"matchIn": 12, "pattern":  4211716, "baseWinCredits":  340                         },
		{"matchIn": 12, "pattern": 17825809, "baseWinCredits":  335                         },
		{"matchIn": 12, "pattern":   131520, "baseWinCredits":  330                         },
		{"matchIn": 12, "pattern":    10564, "baseWinCredits":  329                         },
		{"matchIn": 12, "pattern":  4532224, "baseWinCredits":  328                         },
		{"matchIn": 13, "pattern":       99, "baseWinCredits":  322                         },
		{"matchIn": 13, "pattern":      792, "baseWinCredits":  320                         },
		{"matchIn": 13, "pattern":  3244032, "baseWinCredits":  312                         },
		{"matchIn": 13, "pattern": 25952256, "baseWinCredits":  307                         },
		{"matchIn": 13, "pattern":     1063, "baseWinCredits":  306                         },
		{"matchIn": 13, "pattern":    16924, "baseWinCredits":  305                         },
		{"matchIn": 13, "pattern":  7373824, "baseWinCredits":  305                         },
		{"matchIn": 13, "pattern": 29900800, "baseWinCredits":  305                         },
		{"matchIn": 13, "pattern":  4328448, "baseWinCredits":  302                         },
		{"matchIn": 13, "pattern":  4349952, "baseWinCredits":  300                         },
		{"matchIn": 13, "pattern":     3204, "baseWinCredits":  297                         },
		{"matchIn": 13, "pattern":    24708, "baseWinCredits":  292                         },
		{"matchIn": 13, "pattern":  1115201, "baseWinCredits":  292                         },
		{"matchIn": 13, "pattern": 17056016, "baseWinCredits":  291                         },
		{"matchIn": 13, "pattern":      341, "baseWinCredits":  290                         },
		{"matchIn": 13, "pattern": 22347776, "baseWinCredits":  290                         },
		{"matchIn": 13, "pattern": 17039425, "baseWinCredits":  284                         },
		{"matchIn": 13, "pattern":  1114384, "baseWinCredits":  279                         },
		{"matchIn": 13, "pattern":   141440, "baseWinCredits":  275                         },
		{"matchIn": 13, "pattern":   328000, "baseWinCredits":  270                         },
		{"matchIn": 13, "pattern":  4211716, "baseWinCredits":  270                         },
		{"matchIn": 13, "pattern": 17825809, "baseWinCredits":  264                         },
		{"matchIn": 13, "pattern":   131520, "baseWinCredits":  260                         },
		{"matchIn": 13, "pattern":    10564, "baseWinCredits":  260                         },
		{"matchIn": 13, "pattern":  4532224, "baseWinCredits":  260                         },
		{"matchIn": 14, "pattern":       99, "baseWinCredits":  255                         },
		{"matchIn": 14, "pattern":      792, "baseWinCredits":  252                         },
		{"matchIn": 14, "pattern":  3244032, "baseWinCredits":  250                         },
		{"matchIn": 14, "pattern": 25952256, "baseWinCredits":  250                         },
		{"matchIn": 14, "pattern":     1063, "baseWinCredits":  250                         },
		{"matchIn": 14, "pattern":    16924, "baseWinCredits":  250                         },
		{"matchIn": 14, "pattern":  7373824, "baseWinCredits":  249                         },
		{"matchIn": 14, "pattern": 29900800, "baseWinCredits":  246                         },
		{"matchIn": 14, "pattern":  4328448, "baseWinCredits":  239                         },
		{"matchIn": 14, "pattern":  4349952, "baseWinCredits":  230                         },
		{"matchIn": 14, "pattern":     3204, "baseWinCredits":  225                         },
		{"matchIn": 14, "pattern":    24708, "baseWinCredits":  222                         },
		{"matchIn": 14, "pattern":  1115201, "baseWinCredits":  221                         },
		{"matchIn": 14, "pattern": 17056016, "baseWinCredits":  220                         },
		{"matchIn": 14, "pattern":      341, "baseWinCredits":  220                         },
		{"matchIn": 14, "pattern": 22347776, "baseWinCredits":  220                         },
		{"matchIn": 14, "pattern": 17039425, "baseWinCredits":  218                         },
		{"matchIn": 14, "pattern":  1114384, "baseWinCredits":  214                         },
		{"matchIn": 14, "pattern":   141440, "baseWinCredits":  210                         },
		{"matchIn": 14, "pattern":   328000, "baseWinCredits":  208                         },
		{"matchIn": 14, "pattern":  4211716, "baseWinCredits":  205                         },
		{"matchIn": 14, "pattern": 17825809, "baseWinCredits":  202                         },
		{"matchIn": 14, "pattern":   131520, "baseWinCredits":  200                         },
		{"matchIn": 14, "pattern":    10564, "baseWinCredits":  200                         },
		{"matchIn": 14, "pattern":  4532224, "baseWinCredits":  200                         },
		{"matchIn": 15, "pattern":       99, "baseWinCredits":  200                         },
		{"matchIn": 15, "pattern":      792, "baseWinCredits":  194                         },
		{"matchIn": 15, "pattern":  3244032, "baseWinCredits":  189                         },
		{"matchIn": 15, "pattern": 25952256, "baseWinCredits":  185                         },
		{"matchIn": 15, "pattern":     1063, "baseWinCredits":  184                         },
		{"matchIn": 15, "pattern":    16924, "baseWinCredits":  182                         },
		{"matchIn": 15, "pattern":  7373824, "baseWinCredits":  180                         },
		{"matchIn": 15, "pattern": 29900800, "baseWinCredits":  180                         },
		{"matchIn": 15, "pattern":  4328448, "baseWinCredits":  175                         },
		{"matchIn": 15, "pattern":  4349952, "baseWinCredits":  172                         },
		{"matchIn": 15, "pattern":     3204, "baseWinCredits":  170                         },
		{"matchIn": 15, "pattern":    24708, "baseWinCredits":  165                         },
		{"matchIn": 15, "pattern":  1115201, "baseWinCredits":  165                         },
		{"matchIn": 15, "pattern": 17056016, "baseWinCredits":  165                         },
		{"matchIn": 15, "pattern":      341, "baseWinCredits":  164                         },
		{"matchIn": 15, "pattern": 22347776, "baseWinCredits":  164                         },
		{"matchIn": 15, "pattern": 17039425, "baseWinCredits":  160                         },
		{"matchIn": 15, "pattern":  1114384, "baseWinCredits":  160                         },
		{"matchIn": 15, "pattern":   141440, "baseWinCredits":    0, "bonusGamesAwarded":  5},
		{"matchIn": 15, "pattern":   328000, "baseWinCredits":    0, "bonusGamesAwarded":  5},
		{"matchIn": 15, "pattern":  4211716, "baseWinCredits":    0, "bonusGamesAwarded":  5},
		{"matchIn": 15, "pattern": 17825809, "baseWinCredits":    0, "bonusGamesAwarded":  5},
		{"matchIn": 15, "pattern":   131520, "baseWinCredits":    0, "bonusGamesAwarded":  5},
		{"matchIn": 15, "pattern":    10564, "baseWinCredits":    0, "bonusGamesAwarded":  5},
		{"matchIn": 15, "pattern":  4532224, "baseWinCredits":    0, "bonusGamesAwarded":  5},
		{"matchIn": 16, "pattern":       99, "baseWinCredits":    0, "bonusGamesAwarded":  5},
		{"matchIn": 16, "pattern":      792, "baseWinCredits":    0, "bonusGamesAwarded":  5},
		{"matchIn": 16, "pattern":  3244032, "baseWinCredits":    0, "bonusGamesAwarded":  5},
		{"matchIn": 16, "pattern": 25952256, "baseWinCredits":    0, "bonusGamesAwarded":  5},
		{"matchIn": 16, "pattern":     1063, "baseWinCredits":    0, "bonusGamesAwarded":  5},
		{"matchIn": 16, "pattern":    16924, "baseWinCredits":    0, "bonusGamesAwarded":  5},
		{"matchIn": 16, "pattern":  7373824, "baseWinCredits":    0, "bonusGamesAwarded":  5},
		{"matchIn": 16, "pattern": 29900800, "baseWinCredits":    0, "bonusGamesAwarded":  5},
		{"matchIn": 16, "pattern":  4328448, "baseWinCredits":    0, "bonusGamesAwarded":  5},
		{"matchIn": 16, "pattern":  4349952, "baseWinCredits":    0, "bonusGamesAwarded":  5},
		{"matchIn": 16, "pattern":     3204, "baseWinCredits":    0, "bonusGamesAwarded":  5},
		{"matchIn": 16, "pattern":    24708, "baseWinCredits":    0, "bonusGamesAwarded":  5},
		{"matchIn": 16, "pattern":  1115201, "baseWinCredits":    0, "bonusGamesAwarded":  5},
		{"matchIn": 16, "pattern": 17056016, "baseWinCredits":    0, "bonusGamesAwarded":  5},
		{"matchIn": 16, "pattern":      341, "baseWinCredits":    0, "bonusGamesAwarded":  5},
		{"matchIn": 16, "pattern": 22347776, "baseWinCredits":    0, "bonusGamesAwarded":  5},
		{"matchIn": 16, "pattern": 17039425, "baseWinCredits":    0, "bonusGamesAwarded":  5},
		{"matchIn": 16, "pattern":  1114384, "baseWinCredits":    0, "bonusGamesAwarded":  5},
		{"matchIn": 16, "pattern":   141440, "baseWinCredits":    0, "bonusGamesAwarded":  5},
		{"matchIn": 16, "pattern":   328000, "baseWinCredits":    0, "bonusGamesAwarded":  5},
		{"matchIn": 16, "pattern":  4211716, "baseWinCredits":    0, "bonusGamesAwarded":  5},
		{"matchIn": 16, "pattern": 17825809, "baseWinCredits":    0, "bonusGamesAwarded":  5},
		{"matchIn": 16, "pattern":   131520, "baseWinCredits":    0, "bonusGamesAwarded":  5},
		{"matchIn": 16, "pattern":    10564, "baseWinCredits":    0, "bonusGamesAwarded":  5},
		{"matchIn": 16, "pattern":  4532224, "baseWinCredits":    0, "bonusGamesAwarded":  5},
		{"matchIn": 17, "pattern":       99, "baseWinCredits":    0, "bonusGamesAwarded":  5},
		{"matchIn": 17, "pattern":      792, "baseWinCredits":    0, "bonusGamesAwarded":  5},
		{"matchIn": 17, "pattern":  3244032, "baseWinCredits":    0, "bonusGamesAwarded":  5},
		{"matchIn": 17, "pattern": 25952256, "baseWinCredits":    0, "bonusGamesAwarded":  5},
		{"matchIn": 17, "pattern":     1063, "baseWinCredits":    0, "bonusGamesAwarded":  5},
		{"matchIn": 17, "pattern":    16924, "baseWinCredits":    0, "bonusGamesAwarded":  5},
		{"matchIn": 17, "pattern":  7373824, "baseWinCredits":    0, "bonusGamesAwarded":  5},
		{"matchIn": 17, "pattern": 29900800, "baseWinCredits":    0, "bonusGamesAwarded":  5},
		{"matchIn": 17, "pattern":  4328448, "baseWinCredits":    0, "bonusGamesAwarded":  5},
		{"matchIn": 17, "pattern":  4349952, "baseWinCredits":    0, "bonusGamesAwarded":  5},
		{"matchIn": 17, "pattern":     3204, "baseWinCredits":    0, "bonusGamesAwarded":  5},
		{"matchIn": 17, "pattern":    24708, "baseWinCredits":    0, "bonusGamesAwarded":  5},
		{"matchIn": 17, "pattern":  1115201, "baseWinCredits":    0, "bonusGamesAwarded":  5},
		{"matchIn": 17, "pattern": 17056016, "baseWinCredits":    0, "bonusGamesAwarded":  5},
		{"matchIn": 17, "pattern":      341, "baseWinCredits":    0, "bonusGamesAwarded":  5},
		{"matchIn": 17, "pattern": 22347776, "baseWinCredits":    0, "bonusGamesAwarded":  5},
		{"matchIn": 17, "pattern": 17039425, "baseWinCredits":    0, "bonusGamesAwarded":  5},
		{"matchIn": 17, "pattern":  1114384, "baseWinCredits":    0, "bonusGamesAwarded":  5},
		{"matchIn": 17, "pattern":   141440, "baseWinCredits":    0, "bonusGamesAwarded":  5},
		{"matchIn": 17, "pattern":   328000, "baseWinCredits":    0, "bonusGamesAwarded":  5},
		{"matchIn": 17, "pattern":  4211716, "baseWinCredits":    0, "bonusGamesAwarded":  5},
		{"matchIn": 17, "pattern": 17825809, "baseWinCredits":    0, "bonusGamesAwarded":  5},
		{"matchIn": 17, "pattern":   131520, "baseWinCredits":    0, "bonusGamesAwarded":  5},
		{"matchIn": 17, "pattern":    10564, "baseWinCredits":    0, "bonusGamesAwarded":  5},
		{"matchIn": 17, "pattern":  4532224, "baseWinCredits":    0, "bonusGamesAwarded":  5},
		{"matchIn": 18, "pattern":       99, "baseWinCredits":    0, "bonusGamesAwarded":  5},
		{"matchIn": 18, "pattern":      792, "baseWinCredits":    0, "bonusGamesAwarded":  5},
		{"matchIn": 18, "pattern":  3244032, "baseWinCredits":    0, "bonusGamesAwarded":  5},
		{"matchIn": 18, "pattern": 25952256, "baseWinCredits":    0, "bonusGamesAwarded":  5},
		{"matchIn": 18, "pattern":     1063, "baseWinCredits":    0, "bonusGamesAwarded":  5},
		{"matchIn": 18, "pattern":    16924, "baseWinCredits":    0, "bonusGamesAwarded":  5},
		{"matchIn": 18, "pattern":  7373824, "baseWinCredits":    0, "bonusGamesAwarded":  5},
		{"matchIn": 18, "pattern": 29900800, "baseWinCredits":    0, "bonusGamesAwarded":  5},
		{"matchIn": 18, "pattern":  4328448, "baseWinCredits":    0, "bonusGamesAwarded":  5},
		{"matchIn": 18, "pattern":  4349952, "baseWinCredits":    0, "bonusGamesAwarded":  5},
		{"matchIn": 18, "pattern":     3204, "baseWinCredits":    0, "bonusGamesAwarded":  5},
		{"matchIn": 18, "pattern":    24708, "baseWinCredits":    0, "bonusGamesAwarded":  5},
		{"matchIn": 18, "pattern":  1115201, "baseWinCredits":    0, "bonusGamesAwarded":  5},
		{"matchIn": 18, "pattern": 17056016, "baseWinCredits":    0, "bonusGamesAwarded":  5},
		{"matchIn": 18, "pattern":      341, "baseWinCredits":    0, "bonusGamesAwarded":  5},
		{"matchIn": 18, "pattern": 22347776, "baseWinCredits":    0, "bonusGamesAwarded":  5},
		{"matchIn": 18, "pattern": 17039425, "baseWinCredits":    0, "bonusGamesAwarded":  5},
		{"matchIn": 18, "pattern":  1114384, "baseWinCredits":    0, "bonusGamesAwarded":  5},
		{"matchIn": 18, "pattern":   141440, "baseWinCredits":  154                         },
		{"matchIn": 18, "pattern":   328000, "baseWinCredits":  150                         },
		{"matchIn": 18, "pattern":  4211716, "baseWinCredits":  149                         },
		{"matchIn": 18, "pattern": 17825809, "baseWinCredits":  145                         },
		{"matchIn": 18, "pattern":   131520, "baseWinCredits":  142                         },
		{"matchIn": 18, "pattern":    10564, "baseWinCredits":  142                         },
		{"matchIn": 18, "pattern":  4532224, "baseWinCredits":  140                         },
		{"matchIn": 19, "pattern":       99, "baseWinCredits":  140                         },
		{"matchIn": 19, "pattern":      792, "baseWinCredits":  135                         },
		{"matchIn": 19, "pattern":  3244032, "baseWinCredits":  130                         },
		{"matchIn": 19, "pattern": 25952256, "baseWinCredits":  130                         },
		{"matchIn": 19, "pattern":     1063, "baseWinCredits":  129                         },
		{"matchIn": 19, "pattern":    16924, "baseWinCredits":  128                         },
		{"matchIn": 19, "pattern":  7373824, "baseWinCredits":  126                         },
		{"matchIn": 19, "pattern": 29900800, "baseWinCredits":  126                         },
		{"matchIn": 19, "pattern":  4328448, "baseWinCredits":  125                         },
		{"matchIn": 19, "pattern":  4349952, "baseWinCredits":  124                         },
		{"matchIn": 19, "pattern":     3204, "baseWinCredits":  120                         },
		{"matchIn": 19, "pattern":    24708, "baseWinCredits":  120                         },
		{"matchIn": 19, "pattern":  1115201, "baseWinCredits":  120                         },
		{"matchIn": 19, "pattern": 17056016, "baseWinCredits":  120                         },
		{"matchIn": 19, "pattern":      341, "baseWinCredits":  120                         },
		{"matchIn": 19, "pattern": 22347776, "baseWinCredits":  120                         },
		{"matchIn": 19, "pattern": 17039425, "baseWinCredits":  120                         },
		{"matchIn": 19, "pattern":  1114384, "baseWinCredits":  115                         },
		{"matchIn": 19, "pattern":   141440, "baseWinCredits":  112                         },
		{"matchIn": 19, "pattern":   328000, "baseWinCredits":  110                         },
		{"matchIn": 19, "pattern":  4211716, "baseWinCredits":  110                         },
		{"matchIn": 19, "pattern": 17825809, "baseWinCredits":  107                         },
		{"matchIn": 19, "pattern":   131520, "baseWinCredits":  105                         },
		{"matchIn": 19, "pattern":    10564, "baseWinCredits":  105                         },
		{"matchIn": 19, "pattern":  4532224, "baseWinCredits":  105                         },
		{"matchIn": 20, "pattern":       99, "baseWinCredits":  105                         },
		{"matchIn": 20, "pattern":      792, "baseWinCredits":  104                         },
		{"matchIn": 20, "pattern":  3244032, "baseWinCredits":  102                         },
		{"matchIn": 20, "pattern": 25952256, "baseWinCredits":  100                         },
		{"matchIn": 20, "pattern":     1063, "baseWinCredits":  100                         },
		{"matchIn": 20, "pattern":    16924, "baseWinCredits":  100                         },
		{"matchIn": 20, "pattern":  7373824, "baseWinCredits":  100                         },
		{"matchIn": 20, "pattern": 29900800, "baseWinCredits":  100                         },
		{"matchIn": 20, "pattern":  4328448, "baseWinCredits":  100                         },
		{"matchIn": 20, "pattern":  4349952, "baseWinCredits":  100                         },
		{"matchIn": 20, "pattern":     3204, "baseWinCredits":  100                         },
		{"matchIn": 20, "pattern":    24708, "baseWinCredits":  100                         },
		{"matchIn": 20, "pattern":  1115201, "baseWinCredits":  100                         },
		{"matchIn": 20, "pattern": 17056016, "baseWinCredits":   99                         },
		{"matchIn": 20, "pattern":      341, "baseWinCredits":   96                         },
		{"matchIn": 20, "pattern": 22347776, "baseWinCredits":   96                         },
		{"matchIn": 20, "pattern": 17039425, "baseWinCredits":   94                         },
		{"matchIn": 20, "pattern":  1114384, "baseWinCredits":   91                         },
		{"matchIn": 20, "pattern":   141440, "baseWinCredits":   89                         },
		{"matchIn": 20, "pattern":   328000, "baseWinCredits":   85                         },
		{"matchIn": 20, "pattern":  4211716, "baseWinCredits":   83                         },
		{"matchIn": 20, "pattern": 17825809, "baseWinCredits":   80                         },
		{"matchIn": 20, "pattern":   131520, "baseWinCredits":   80                         },
		{"matchIn": 20, "pattern":    10564, "baseWinCredits":   79                         },
		{"matchIn": 20, "pattern":  4532224, "baseWinCredits":   79                         },
		{"matchIn": 21, "pattern":       99, "baseWinCredits":   76                         },
		{"matchIn": 21, "pattern":      792, "baseWinCredits":   75                         },
		{"matchIn": 21, "pattern":  3244032, "baseWinCredits":   74                         },
		{"matchIn": 21, "pattern": 25952256, "baseWinCredits":   72                         },
		{"matchIn": 21, "pattern":     1063, "baseWinCredits":   72                         },
		{"matchIn": 21, "pattern":    16924, "baseWinCredits":   71                         },
		{"matchIn": 21, "pattern":  7373824, "baseWinCredits":   70                         },
		{"matchIn": 21, "pattern": 29900800, "baseWinCredits":   70                         },
		{"matchIn": 21, "pattern":  4328448, "baseWinCredits":   70                         },
		{"matchIn": 21, "pattern":  4349952, "baseWinCredits":   68                         },
		{"matchIn": 21, "pattern":     3204, "baseWinCredits":   66                         },
		{"matchIn": 21, "pattern":    24708, "baseWinCredits":   65                         },
		{"matchIn": 21, "pattern":  1115201, "baseWinCredits":   65                         },
		{"matchIn": 21, "pattern": 17056016, "baseWinCredits":   65                         },
		{"matchIn": 21, "pattern":      341, "baseWinCredits":   65                         },
		{"matchIn": 21, "pattern": 22347776, "baseWinCredits":   65                         },
		{"matchIn": 21, "pattern": 17039425, "baseWinCredits":   64                         },
		{"matchIn": 21, "pattern":  1114384, "baseWinCredits":   62                         },
		{"matchIn": 21, "pattern":   141440, "baseWinCredits":   61                         },
		{"matchIn": 21, "pattern":   328000, "baseWinCredits":   60                         },
		{"matchIn": 21, "pattern":  4211716, "baseWinCredits":   60                         },
		{"matchIn": 21, "pattern": 17825809, "baseWinCredits":   60                         },
		{"matchIn": 21, "pattern":   131520, "baseWinCredits":   60                         },
		{"matchIn": 21, "pattern":    10564, "baseWinCredits":   60                         },
		{"matchIn": 21, "pattern":  4532224, "baseWinCredits":   60                         },
		{"matchIn": 22, "pattern":       99, "baseWinCredits":   58                         },
		{"matchIn": 22, "pattern":      792, "baseWinCredits":   56                         },
		{"matchIn": 22, "pattern":  3244032, "baseWinCredits":   56                         },
		{"matchIn": 22, "pattern": 25952256, "baseWinCredits":   55                         },
		{"matchIn": 22, "pattern":     1063, "baseWinCredits":   55                         },
		{"matchIn": 22, "pattern":    16924, "baseWinCredits":   55                         },
		{"matchIn": 22, "pattern":  7373824, "baseWinCredits":   55                         },
		{"matchIn": 22, "pattern": 29900800, "baseWinCredits":   54                         },
		{"matchIn": 22, "pattern":  4328448, "baseWinCredits":   54                         },
		{"matchIn": 22, "pattern":  4349952, "baseWinCredits":   53                         },
		{"matchIn": 22, "pattern":     3204, "baseWinCredits":   52                         },
		{"matchIn": 22, "pattern":    24708, "baseWinCredits":   52                         },
		{"matchIn": 22, "pattern":  1115201, "baseWinCredits":   51                         },
		{"matchIn": 22, "pattern": 17056016, "baseWinCredits":   51                         },
		{"matchIn": 22, "pattern":      341, "baseWinCredits":   50                         },
		{"matchIn": 22, "pattern": 22347776, "baseWinCredits":   50                         },
		{"matchIn": 22, "pattern": 17039425, "baseWinCredits":   50                         },
		{"matchIn": 22, "pattern":  1114384, "baseWinCredits":   50                         },
		{"matchIn": 22, "pattern":   141440, "baseWinCredits":   50                         },
		{"matchIn": 22, "pattern":   328000, "baseWinCredits":   50                         },
		{"matchIn": 22, "pattern":  4211716, "baseWinCredits":   49                         },
		{"matchIn": 22, "pattern": 17825809, "baseWinCredits":   48                         },
		{"matchIn": 22, "pattern":   131520, "baseWinCredits":   46                         },
		{"matchIn": 22, "pattern":    10564, "baseWinCredits":   46                         },
		{"matchIn": 22, "pattern":  4532224, "baseWinCredits":   46                         },
		{"matchIn": 23, "pattern":       99, "baseWinCredits":   45                         },
		{"matchIn": 23, "pattern":      792, "baseWinCredits":   45                         },
		{"matchIn": 23, "pattern":  3244032, "baseWinCredits":   45                         },
		{"matchIn": 23, "pattern": 25952256, "baseWinCredits":   44                         },
		{"matchIn": 23, "pattern":     1063, "baseWinCredits":   44                         },
		{"matchIn": 23, "pattern":    16924, "baseWinCredits":   44                         },
		{"matchIn": 23, "pattern":  7373824, "baseWinCredits":   44                         },
		{"matchIn": 23, "pattern": 29900800, "baseWinCredits":   44                         },
		{"matchIn": 23, "pattern":  4328448, "baseWinCredits":   41                         },
		{"matchIn": 23, "pattern":  4349952, "baseWinCredits":   40                         },
		{"matchIn": 23, "pattern":     3204, "baseWinCredits":   40                         },
		{"matchIn": 23, "pattern":    24708, "baseWinCredits":   40                         },
		{"matchIn": 23, "pattern":  1115201, "baseWinCredits":   40                         },
		{"matchIn": 23, "pattern": 17056016, "baseWinCredits":   40                         },
		{"matchIn": 23, "pattern":      341, "baseWinCredits":   40                         },
		{"matchIn": 23, "pattern": 22347776, "baseWinCredits":   40                         },
		{"matchIn": 23, "pattern": 17039425, "baseWinCredits":   40                         },
		{"matchIn": 23, "pattern":  1114384, "baseWinCredits":   40                         },
		{"matchIn": 23, "pattern":   141440, "baseWinCredits":   40                         },
		{"matchIn": 23, "pattern":   328000, "baseWinCredits":   40                         },
		{"matchIn": 23, "pattern":  4211716, "baseWinCredits":   40                         },
		{"matchIn": 23, "pattern": 17825809, "baseWinCredits":   40                         },
		{"matchIn": 23, "pattern":   131520, "baseWinCredits":   40                         },
		{"matchIn": 23, "pattern":    10564, "baseWinCredits":   40                         },
		{"matchIn": 23, "pattern":  4532224, "baseWinCredits":   40                         },
		{"matchIn": 24, "pattern":       99, "baseWinCredits":   40                         },
		{"matchIn": 24, "pattern":      792, "baseWinCredits":   39                         },
		{"matchIn": 24, "pattern":  3244032, "baseWinCredits":   37                         },
		{"matchIn": 24, "pattern": 25952256, "baseWinCredits":   35                         },
		{"matchIn": 24, "pattern":     1063, "baseWinCredits":   35                         },
		{"matchIn": 24, "pattern":    16924, "baseWinCredits":   35                         },
		{"matchIn": 24, "pattern":  7373824, "baseWinCredits":   35                         },
		{"matchIn": 24, "pattern": 29900800, "baseWinCredits":   35                         },
		{"matchIn": 24, "pattern":  4328448, "baseWinCredits":   35                         },
		{"matchIn": 24, "pattern":  4349952, "baseWinCredits":   35                         },
		{"matchIn": 24, "pattern":     3204, "baseWinCredits":   34                         },
		{"matchIn": 24, "pattern":    24708, "baseWinCredits":   33                         },
		{"matchIn": 24, "pattern":  1115201, "baseWinCredits":   33                         },
		{"matchIn": 24, "pattern": 17056016, "baseWinCredits":   32                         },
		{"matchIn": 24, "pattern":      341, "baseWinCredits":   32                         },
		{"matchIn": 24, "pattern": 22347776, "baseWinCredits":   31                         },
		{"matchIn": 24, "pattern": 17039425, "baseWinCredits":   30                         },
		{"matchIn": 24, "pattern":  1114384, "baseWinCredits":   30                         },
		{"matchIn": 24, "pattern":   141440, "baseWinCredits":   30                         },
		{"matchIn": 24, "pattern":   328000, "baseWinCredits":   30                         },
		{"matchIn": 24, "pattern":  4211716, "baseWinCredits":   30                         },
		{"matchIn": 24, "pattern": 17825809, "baseWinCredits":   30                         },
		{"matchIn": 24, "pattern":   131520, "baseWinCredits":   30                         },
		{"matchIn": 24, "pattern":    10564, "baseWinCredits":   30                         },
		{"matchIn": 24, "pattern":  4532224, "baseWinCredits":   30                         },
		{"matchIn": 25, "pattern":       99, "baseWinCredits":   30                         },
		{"matchIn": 25, "pattern":      792, "baseWinCredits":   30                         },
		{"matchIn": 25, "pattern":  3244032, "baseWinCredits":   29                         },
		{"matchIn": 25, "pattern": 25952256, "baseWinCredits":   28                         },
		{"matchIn": 25, "pattern":     1063, "baseWinCredits":   28                         },
		{"matchIn": 25, "pattern":    16924, "baseWinCredits":   28                         },
		{"matchIn": 25, "pattern":  7373824, "baseWinCredits":   28                         },
		{"matchIn": 25, "pattern": 29900800, "baseWinCredits":   28                         },
		{"matchIn": 25, "pattern":  4328448, "baseWinCredits":   27                         },
		{"matchIn": 25, "pattern":  4349952, "baseWinCredits":   26                         },
		{"matchIn": 25, "pattern":     3204, "baseWinCredits":   26                         },
		{"matchIn": 25, "pattern":    24708, "baseWinCredits":   26                         },
		{"matchIn": 25, "pattern":  1115201, "baseWinCredits":   25                         },
		{"matchIn": 25, "pattern": 17056016, "baseWinCredits":   25                         },
		{"matchIn": 25, "pattern":      341, "baseWinCredits":   25                         },
		{"matchIn": 25, "pattern": 22347776, "baseWinCredits":   25                         },
		{"matchIn": 25, "pattern": 17039425, "baseWinCredits":   25                         },
		{"matchIn": 25, "pattern":  1114384, "baseWinCredits":   25                         },
		{"matchIn": 25, "pattern":   141440, "baseWinCredits":   25                         },
		{"matchIn": 25, "pattern":   328000, "baseWinCredits":   25                         },
		{"matchIn": 25, "pattern":  4211716, "baseWinCredits":   25                         },
		{"matchIn": 25, "pattern": 17825809, "baseWinCredits":   25                         },
		{"matchIn": 25, "pattern":   131520, "baseWinCredits":   25                         },
		{"matchIn": 25, "pattern":    10564, "baseWinCredits":   25                         },
		{"matchIn": 25, "pattern":  4532224, "baseWinCredits":   25                         },
		{"matchIn": 26, "pattern":       99, "baseWinCredits":   24                         },
		{"matchIn": 26, "pattern":      792, "baseWinCredits":   24                         },
		{"matchIn": 26, "pattern":  3244032, "baseWinCredits":   23                         },
		{"matchIn": 26, "pattern": 25952256, "baseWinCredits":   22                         },
		{"matchIn": 26, "pattern":     1063, "baseWinCredits":   22                         },
		{"matchIn": 26, "pattern":    16924, "baseWinCredits":   21                         },
		{"matchIn": 26, "pattern":  7373824, "baseWinCredits":   20                         },
		{"matchIn": 26, "pattern": 29900800, "baseWinCredits":   20                         },
		{"matchIn": 26, "pattern":  4328448, "baseWinCredits":   20                         },
		{"matchIn": 26, "pattern":  4349952, "baseWinCredits":   20                         },
		{"matchIn": 26, "pattern":     3204, "baseWinCredits":   20                         },
		{"matchIn": 26, "pattern":    24708, "baseWinCredits":   20                         },
		{"matchIn": 26, "pattern":  1115201, "baseWinCredits":   20                         },
		{"matchIn": 26, "pattern": 17056016, "baseWinCredits":   20                         },
		{"matchIn": 26, "pattern":      341, "baseWinCredits":   20                         },
		{"matchIn": 26, "pattern": 22347776, "baseWinCredits":   20                         },
		{"matchIn": 26, "pattern": 17039425, "baseWinCredits":   20                         },
		{"matchIn": 26, "pattern":  1114384, "baseWinCredits":   20                         },
		{"matchIn": 26, "pattern":   141440, "baseWinCredits":   20                         },
		{"matchIn": 26, "pattern":   328000, "baseWinCredits":   20                         },
		{"matchIn": 26, "pattern":  4211716, "baseWinCredits":   20                         },
		{"matchIn": 26, "pattern": 17825809, "baseWinCredits":   20                         },
		{"matchIn": 26, "pattern":   131520, "baseWinCredits":   20                         },
		{"matchIn": 26, "pattern":    10564, "baseWinCredits":   20                         },
		{"matchIn": 26, "pattern":  4532224, "baseWinCredits":   20                         },
		{"matchIn": 27, "pattern":       99, "baseWinCredits":   20                         },
		{"matchIn": 27, "pattern":      792, "baseWinCredits":   20                         },
		{"matchIn": 27, "pattern":  3244032, "baseWinCredits":   20                         },
		{"matchIn": 27, "pattern": 25952256, "baseWinCredits":   20                         },
		{"matchIn": 27, "pattern":     1063, "baseWinCredits":   20                         },
		{"matchIn": 27, "pattern":    16924, "baseWinCredits":   20                         },
		{"matchIn": 27, "pattern":  7373824, "baseWinCredits":   20                         },
		{"matchIn": 27, "pattern": 29900800, "baseWinCredits":   20                         },
		{"matchIn": 27, "pattern":  4328448, "baseWinCredits":   20                         },
		{"matchIn": 27, "pattern":  4349952, "baseWinCredits":   20                         },
		{"matchIn": 27, "pattern":     3204, "baseWinCredits":   20                         },
		{"matchIn": 27, "pattern":    24708, "baseWinCredits":   20                         },
		{"matchIn": 27, "pattern":  1115201, "baseWinCredits":   20                         },
		{"matchIn": 27, "pattern": 17056016, "baseWinCredits":   20                         },
		{"matchIn": 27, "pattern":      341, "baseWinCredits":   20                         },
		{"matchIn": 27, "pattern": 22347776, "baseWinCredits":   20                         },
		{"matchIn": 27, "pattern": 17039425, "baseWinCredits":   20                         },
		{"matchIn": 27, "pattern":  1114384, "baseWinCredits":   20                         },
		{"matchIn": 27, "pattern":   141440, "baseWinCredits":   20                         },
		{"matchIn": 27, "pattern":   328000, "baseWinCredits":   20                         },
		{"matchIn": 27, "pattern":  4211716, "baseWinCredits":   20                         },
		{"matchIn": 27, "pattern": 17825809, "baseWinCredits":   20                         },
		{"matchIn": 27, "pattern":   131520, "baseWinCredits":   20                         },
		{"matchIn": 27, "pattern":    10564, "baseWinCredits":   20                         },
		{"matchIn": 27, "pattern":  4532224, "baseWinCredits":   20                         },
		{"matchIn": 28, "pattern":       99, "baseWinCredits":   18                         },
		{"matchIn": 28, "pattern":      792, "baseWinCredits":   18                         },
		{"matchIn": 28, "pattern":  3244032, "baseWinCredits":   17                         },
		{"matchIn": 28, "pattern": 25952256, "baseWinCredits":   16                         },
		{"matchIn": 28, "pattern":     1063, "baseWinCredits":   16                         },
		{"matchIn": 28, "pattern":    16924, "baseWinCredits":   16                         },
		{"matchIn": 28, "pattern":  7373824, "baseWinCredits":   16                         },
		{"matchIn": 28, "pattern": 29900800, "baseWinCredits":   16                         },
		{"matchIn": 28, "pattern":  4328448, "baseWinCredits":   15                         },
		{"matchIn": 28, "pattern":  4349952, "baseWinCredits":   15                         },
		{"matchIn": 28, "pattern":     3204, "baseWinCredits":   15                         },
		{"matchIn": 28, "pattern":    24708, "baseWinCredits":   15                         },
		{"matchIn": 28, "pattern":  1115201, "baseWinCredits":   15                         },
		{"matchIn": 28, "pattern": 17056016, "baseWinCredits":   15                         },
		{"matchIn": 28, "pattern":      341, "baseWinCredits":   15                         },
		{"matchIn": 28, "pattern": 22347776, "baseWinCredits":   15                         },
		{"matchIn": 28, "pattern": 17039425, "baseWinCredits":   15                         },
		{"matchIn": 28, "pattern":  1114384, "baseWinCredits":   14                         },
		{"matchIn": 28, "pattern":   141440, "baseWinCredits":   14                         },
		{"matchIn": 28, "pattern":   328000, "baseWinCredits":   14                         },
		{"matchIn": 28, "pattern":  4211716, "baseWinCredits":   14                         },
		{"matchIn": 28, "pattern": 17825809, "baseWinCredits":   14                         },
		{"matchIn": 28, "pattern":   131520, "baseWinCredits":   14                         },
		{"matchIn": 28, "pattern":    10564, "baseWinCredits":   13                         },
		{"matchIn": 28, "pattern":  4532224, "baseWinCredits":   13                         },
		{"matchIn": 29, "pattern":       99, "baseWinCredits":   12                         },
		{"matchIn": 29, "pattern":      792, "baseWinCredits":   12                         },
		{"matchIn": 29, "pattern":  3244032, "baseWinCredits":   12                         },
		{"matchIn": 29, "pattern": 25952256, "baseWinCredits":   11                         },
		{"matchIn": 29, "pattern":     1063, "baseWinCredits":   11                         },
		{"matchIn": 29, "pattern":    16924, "baseWinCredits":   11                         },
		{"matchIn": 29, "pattern":  7373824, "baseWinCredits":   11                         },
		{"matchIn": 29, "pattern": 29900800, "baseWinCredits":   11                         },
		{"matchIn": 29, "pattern":  4328448, "baseWinCredits":   10                         },
		{"matchIn": 29, "pattern":  4349952, "baseWinCredits":   10                         },
		{"matchIn": 29, "pattern":     3204, "baseWinCredits":   10                         },
		{"matchIn": 29, "pattern":    24708, "baseWinCredits":   10                         },
		{"matchIn": 29, "pattern":  1115201, "baseWinCredits":   10                         },
		{"matchIn": 29, "pattern": 17056016, "baseWinCredits":   10                         },
		{"matchIn": 29, "pattern":      341, "baseWinCredits":   10                         },
		{"matchIn": 29, "pattern": 22347776, "baseWinCredits":   10                         },
		{"matchIn": 29, "pattern": 17039425, "baseWinCredits":   10                         },
		{"matchIn": 29, "pattern":  1114384, "baseWinCredits":   10                         },
		{"matchIn": 29, "pattern":   141440, "baseWinCredits":   10                         },
		{"matchIn": 29, "pattern":   328000, "baseWinCredits":   10                         },
		{"matchIn": 29, "pattern":  4211716, "baseWinCredits":   10                         },
		{"matchIn": 29, "pattern": 17825809, "baseWinCredits":   10                         },
		{"matchIn": 29, "pattern":   131520, "baseWinCredits":   10                         },
		{"matchIn": 29, "pattern":    10564, "baseWinCredits":   10                         },
		{"matchIn": 29, "pattern":  4532224, "baseWinCredits":   10                         },
		{"matchIn": 30, "pattern":       99, "baseWinCredits":   10                         },
		{"matchIn": 30, "pattern":      792, "baseWinCredits":   10                         },
		{"matchIn": 30, "pattern":  3244032, "baseWinCredits":   10                         },
		{"matchIn": 30, "pattern": 25952256, "baseWinCredits":   10                         },
		{"matchIn": 30, "pattern":     1063, "baseWinCredits":   10                         },
		{"matchIn": 30, "pattern":    16924, "baseWinCredits":   10                         },
		{"matchIn": 30, "pattern":  7373824, "baseWinCredits":   10                         },
		{"matchIn": 30, "pattern": 29900800, "baseWinCredits":   10                         },
		{"matchIn": 30, "pattern":  4328448, "baseWinCredits":   10                         },
		{"matchIn": 30, "pattern":  4349952, "baseWinCredits":   10                         },
		{"matchIn": 30, "pattern":     3204, "baseWinCredits":   10                         },
		{"matchIn": 30, "pattern":    24708, "baseWinCredits":   10                         },
		{"matchIn": 30, "pattern":  1115201, "baseWinCredits":   10                         },
		{"matchIn": 30, "pattern": 17056016, "baseWinCredits":   10                         },
		{"matchIn": 30, "pattern":      341, "baseWinCredits":   10                         },
		{"matchIn": 30, "pattern": 22347776, "baseWinCredits":   10                         },
		{"matchIn": 30, "pattern": 17039425, "baseWinCredits":   10                         },
		{"matchIn": 30, "pattern":  1114384, "baseWinCredits":   10                         },
		{"matchIn": 30, "pattern":   141440, "baseWinCredits":   10                         },
		{"matchIn": 30, "pattern":   328000, "baseWinCredits":   10                         },
		{"matchIn": 30, "pattern":  4211716, "baseWinCredits":   10                         },
		{"matchIn": 30, "pattern": 17825809, "baseWinCredits":   10                         },
		{"matchIn": 30, "pattern":   131520, "baseWinCredits":    9                         },
		{"matchIn": 30, "pattern":    10564, "baseWinCredits":    9                         },
		{"matchIn": 30, "pattern":  4532224, "baseWinCredits":    9                         },
		{"matchIn": 31, "pattern":       99, "baseWinCredits":    8                         },
		{"matchIn": 31, "pattern":      792, "baseWinCredits":    8                         },
		{"matchIn": 31, "pattern":  3244032, "baseWinCredits":    8                         },
		{"matchIn": 31, "pattern": 25952256, "baseWinCredits":    8                         },
		{"matchIn": 31, "pattern":     1063, "baseWinCredits":    8                         },
		{"matchIn": 31, "pattern":    16924, "baseWinCredits":    8                         },
		{"matchIn": 31, "pattern":  7373824, "baseWinCredits":    8                         },
		{"matchIn": 31, "pattern": 29900800, "baseWinCredits":    8                         },
		{"matchIn": 31, "pattern":  4328448, "baseWinCredits":    8                         },
		{"matchIn": 31, "pattern":  4349952, "baseWinCredits":    8                         },
		{"matchIn": 31, "pattern":     3204, "baseWinCredits":    8                         },
		{"matchIn": 31, "pattern":    24708, "baseWinCredits":    8                         },
		{"matchIn": 31, "pattern":  1115201, "baseWinCredits":    8                         },
		{"matchIn": 31, "pattern": 17056016, "baseWinCredits":    7                         },
		{"matchIn": 31, "pattern":      341, "baseWinCredits":    7                         },
		{"matchIn": 31, "pattern": 22347776, "baseWinCredits":    7                         },
		{"matchIn": 31, "pattern": 17039425, "baseWinCredits":    7                         },
		{"matchIn": 31, "pattern":  1114384, "baseWinCredits":    7                         },
		{"matchIn": 31, "pattern":   141440, "baseWinCredits":    6                         },
		{"matchIn": 31, "pattern":   328000, "baseWinCredits":    6                         },
		{"matchIn": 31, "pattern":  4211716, "baseWinCredits":    6                         },
		{"matchIn": 31, "pattern": 17825809, "baseWinCredits":    6                         },
		{"matchIn": 31, "pattern":   131520, "baseWinCredits":    6                         },
		{"matchIn": 31, "pattern":    10564, "baseWinCredits":    6                         },
		{"matchIn": 31, "pattern":  4532224, "baseWinCredits":    6                         },
		{"matchIn": 32, "pattern":       99, "baseWinCredits":    6                         },
		{"matchIn": 32, "pattern":      792, "baseWinCredits":    6                         },
		{"matchIn": 32, "pattern":  3244032, "baseWinCredits":    6                         },
		{"matchIn": 32, "pattern": 25952256, "baseWinCredits":    5                         },
		{"matchIn": 32, "pattern":     1063, "baseWinCredits":    5                         },
		{"matchIn": 32, "pattern":    16924, "baseWinCredits":    5                         },
		{"matchIn": 32, "pattern":  7373824, "baseWinCredits":    5                         },
		{"matchIn": 32, "pattern": 29900800, "baseWinCredits":    5                         },
		{"matchIn": 32, "pattern":  4328448, "baseWinCredits":    5                         },
		{"matchIn": 32, "pattern":  4349952, "baseWinCredits":    5                         },
		{"matchIn": 32, "pattern":     3204, "baseWinCredits":    5                         },
		{"matchIn": 32, "pattern":    24708, "baseWinCredits":    5                         },
		{"matchIn": 32, "pattern":  1115201, "baseWinCredits":    5                         },
		{"matchIn": 32, "pattern": 17056016, "baseWinCredits":    5                         },
		{"matchIn": 32, "pattern":      341, "baseWinCredits":    5                         },
		{"matchIn": 32, "pattern": 22347776, "baseWinCredits":    5                         },
		{"matchIn": 32, "pattern": 17039425, "baseWinCredits":    5                         },
		{"matchIn": 32, "pattern":  1114384, "baseWinCredits":    5                         },
		{"matchIn": 32, "pattern":   141440, "baseWinCredits":    5                         },
		{"matchIn": 32, "pattern":   328000, "baseWinCredits":    5                         },
		{"matchIn": 32, "pattern":  4211716, "baseWinCredits":    5                         },
		{"matchIn": 32, "pattern": 17825809, "baseWinCredits":    5                         },
		{"matchIn": 32, "pattern":   131520, "baseWinCredits":    5                         },
		{"matchIn": 32, "pattern":    10564, "baseWinCredits":    5                         },
		{"matchIn": 32, "pattern":  4532224, "baseWinCredits":    5                         },
		{"matchIn": 33, "pattern":       99, "baseWinCredits":    5                         },
		{"matchIn": 33, "pattern":      792, "baseWinCredits":    5                         },
		{"matchIn": 33, "pattern":  3244032, "baseWinCredits":    5                         },
		{"matchIn": 33, "pattern": 25952256, "baseWinCredits":    5                         },
		{"matchIn": 33, "pattern":     1063, "baseWinCredits":    5                         },
		{"matchIn": 33, "pattern":    16924, "baseWinCredits":    5                         },
		{"matchIn": 33, "pattern":  7373824, "baseWinCredits":    5                         },
		{"matchIn": 33, "pattern": 29900800, "baseWinCredits":    5                         },
		{"matchIn": 33, "pattern":  4328448, "baseWinCredits":    5                         },
		{"matchIn": 33, "pattern":  4349952, "baseWinCredits":    5                         },
		{"matchIn": 33, "pattern":     3204, "baseWinCredits":    5                         },
		{"matchIn": 33, "pattern":    24708, "baseWinCredits":    5                         },
		{"matchIn": 33, "pattern":  1115201, "baseWinCredits":    5                         },
		{"matchIn": 33, "pattern": 17056016, "baseWinCredits":    5                         },
		{"matchIn": 33, "pattern":      341, "baseWinCredits":    5                         },
		{"matchIn": 33, "pattern": 22347776, "baseWinCredits":    5                         },
		{"matchIn": 33, "pattern": 17039425, "baseWinCredits":    5                         },
		{"matchIn": 33, "pattern":  1114384, "baseWinCredits":    5                         },
		{"matchIn": 33, "pattern":   141440, "baseWinCredits":    5                         },
		{"matchIn": 33, "pattern":   328000, "baseWinCredits":    5                         },
		{"matchIn": 33, "pattern":  4211716, "baseWinCredits":    5                         },
		{"matchIn": 33, "pattern": 17825809, "baseWinCredits":    5                         },
		{"matchIn": 33, "pattern":   131520, "baseWinCredits":    5                         },
		{"matchIn": 33, "pattern":    10564, "baseWinCredits":    4                         },
		{"matchIn": 33, "pattern":  4532224, "baseWinCredits":    4                         },
		{"matchIn": 34, "pattern":       99, "baseWinCredits":    4                         },
		{"matchIn": 34, "pattern":      792, "baseWinCredits":    4                         },
		{"matchIn": 34, "pattern":  3244032, "baseWinCredits":    4                         },
		{"matchIn": 34, "pattern": 25952256, "baseWinCredits":    4                         },
		{"matchIn": 34, "pattern":     1063, "baseWinCredits":    4                         },
		{"matchIn": 34, "pattern":    16924, "baseWinCredits":    4                         },
		{"matchIn": 34, "pattern":  7373824, "baseWinCredits":    4                         },
		{"matchIn": 34, "pattern": 29900800, "baseWinCredits":    4                         },
		{"matchIn": 34, "pattern":  4328448, "baseWinCredits":    4                         },
		{"matchIn": 34, "pattern":  4349952, "baseWinCredits":    4                         },
		{"matchIn": 34, "pattern":     3204, "baseWinCredits":    4                         },
		{"matchIn": 34, "pattern":    24708, "baseWinCredits":    4                         },
		{"matchIn": 34, "pattern":  1115201, "baseWinCredits":    4                         },
		{"matchIn": 34, "pattern": 17056016, "baseWinCredits":    4                         },
		{"matchIn": 34, "pattern":      341, "baseWinCredits":    4                         },
		{"matchIn": 34, "pattern": 22347776, "baseWinCredits":    4                         },
		{"matchIn": 34, "pattern": 17039425, "baseWinCredits":    4                         },
		{"matchIn": 34, "pattern":  1114384, "baseWinCredits":    4                         }
	]
}
