{
	"configuration": {
		"tableType": "Bingo",
		"formatVersion": "1.2",
		"name": "20LineTSPS",
		"tableName": "free",
		"lines": 20,
		"percentage": 92,
		"baseBet": 0,
		"betLevelGroups": {
			"1" : [1, 2, 3, 4, 5, 6, 7, 8, 9, 10],
			"2" : [1, 2, 3, 4, 5, 6, 7, 8, 9, 10],
			"5" : [1, 2, 3, 4, 5, 6, 7, 8, 9, 10],
			"10": [1, 2, 3, 4, 5, 6, 7, 8, 9, 10],
			"25": [1, 2, 3, 4, 5, 6, 7, 8, 9, 10]
		},
		"entries": 789,
		"version": 1
	},
	"entries": [
		{"matchIn":  4, "pattern":       99, "baseWinCredits": 5040                         },
		{"matchIn":  4, "pattern":      792, "baseWinCredits": 2150                         },
		{"matchIn":  4, "pattern":  3244032, "baseWinCredits": 2150                         },
		{"matchIn":  4, "pattern": 25952256, "baseWinCredits": 2150                         },
		{"matchIn":  4, "pattern":  4328448, "baseWinCredits": 2150                         },
		{"matchIn":  4, "pattern":  4349952, "baseWinCredits": 2150                         },
		{"matchIn":  4, "pattern":     3204, "baseWinCredits": 2150                         },
		{"matchIn":  4, "pattern":    24708, "baseWinCredits": 2150                         },
		{"matchIn":  4, "pattern": 17039425, "baseWinCredits": 2150                         },
		{"matchIn":  4, "pattern":  1114384, "baseWinCredits": 2150                         },
		{"matchIn":  4, "pattern":   141440, "baseWinCredits": 2150                         },
		{"matchIn":  4, "pattern":   328000, "baseWinCredits": 2150                         },
		{"matchIn":  4, "pattern":  4211716, "baseWinCredits": 2150                         },
		{"matchIn":  4, "pattern": 17825809, "baseWinCredits": 2150                         },
		{"matchIn":  4, "pattern":   131520, "baseWinCredits": 2150                         },
		{"matchIn":  5, "pattern":       99, "baseWinCredits": 2150                         },
		{"matchIn":  5, "pattern":      792, "baseWinCredits": 2150                         },
		{"matchIn":  5, "pattern":  3244032, "baseWinCredits": 2150                         },
		{"matchIn":  5, "pattern": 25952256, "baseWinCredits": 2150                         },
		{"matchIn":  5, "pattern":     1063, "baseWinCredits": 2150                         },
		{"matchIn":  5, "pattern":    16924, "baseWinCredits": 2150                         },
		{"matchIn":  5, "pattern":  7373824, "baseWinCredits": 2150                         },
		{"matchIn":  5, "pattern": 29900800, "baseWinCredits": 2150                         },
		{"matchIn":  5, "pattern":  4328448, "baseWinCredits": 2145                         },
		{"matchIn":  5, "pattern":  4349952, "baseWinCredits": 2140                         },
		{"matchIn":  5, "pattern":     3204, "baseWinCredits": 2140                         },
		{"matchIn":  5, "pattern":    24708, "baseWinCredits": 2140                         },
		{"matchIn":  5, "pattern":  1115201, "baseWinCredits": 2140                         },
		{"matchIn":  5, "pattern": 17056016, "baseWinCredits": 2140                         },
		{"matchIn":  5, "pattern":      341, "baseWinCredits": 2140                         },
		{"matchIn":  5, "pattern": 22347776, "baseWinCredits": 2140                         },
		{"matchIn":  5, "pattern": 17039425, "baseWinCredits": 2135                         },
		{"matchIn":  5, "pattern":  1114384, "baseWinCredits": 2135                         },
		{"matchIn":  5, "pattern":   141440, "baseWinCredits": 2135                         },
		{"matchIn":  5, "pattern":   328000, "baseWinCredits": 2135                         },
		{"matchIn":  5, "pattern":  4211716, "baseWinCredits": 2135                         },
		{"matchIn":  5, "pattern": 17825809, "baseWinCredits": 2135                         },
		{"matchIn":  5, "pattern":   131520, "baseWinCredits": 2135                         },
		{"matchIn":  5, "pattern":    10564, "baseWinCredits": 2135                         },
		{"matchIn":  5, "pattern":  4532224, "baseWinCredits": 2135                         },
		{"matchIn":  6, "pattern":       99, "baseWinCredits": 2135                         },
		{"matchIn":  6, "pattern":      792, "baseWinCredits": 2135                         },
		{"matchIn":  6, "pattern":  3244032, "baseWinCredits": 2135                         },
		{"matchIn":  6, "pattern": 25952256, "baseWinCredits": 2135                         },
		{"matchIn":  6, "pattern":     1063, "baseWinCredits": 2135                         },
		{"matchIn":  6, "pattern":    16924, "baseWinCredits": 2135                         },
		{"matchIn":  6, "pattern":  7373824, "baseWinCredits": 2135                         },
		{"matchIn":  6, "pattern": 29900800, "baseWinCredits": 2135                         },
		{"matchIn":  6, "pattern":  4328448, "baseWinCredits": 2135                         },
		{"matchIn":  6, "pattern":  4349952, "baseWinCredits": 2135                         },
		{"matchIn":  6, "pattern":     3204, "baseWinCredits": 2135                         },
		{"matchIn":  6, "pattern":    24708, "baseWinCredits": 2135                         },
		{"matchIn":  6, "pattern":  1115201, "baseWinCredits": 2135                         },
		{"matchIn":  6, "pattern": 17056016, "baseWinCredits": 2135                         },
		{"matchIn":  6, "pattern":      341, "baseWinCredits": 2135                         },
		{"matchIn":  6, "pattern": 22347776, "baseWinCredits": 2135                         },
		{"matchIn":  6, "pattern": 17039425, "baseWinCredits": 2135                         },
		{"matchIn":  6, "pattern":  1114384, "baseWinCredits": 2135                         },
		{"matchIn":  6, "pattern":   141440, "baseWinCredits": 2135                         },
		{"matchIn":  6, "pattern":   328000, "baseWinCredits": 2135                         },
		{"matchIn":  6, "pattern":  4211716, "baseWinCredits": 2135                         },
		{"matchIn":  6, "pattern": 17825809, "baseWinCredits": 2135                         },
		{"matchIn":  6, "pattern":   131520, "baseWinCredits": 2130                         },
		{"matchIn":  6, "pattern":    10564, "baseWinCredits": 2130                         },
		{"matchIn":  6, "pattern":  4532224, "baseWinCredits": 2130                         },
		{"matchIn":  7, "pattern":       99, "baseWinCredits": 2130                         },
		{"matchIn":  7, "pattern":      792, "baseWinCredits": 2130                         },
		{"matchIn":  7, "pattern":  3244032, "baseWinCredits": 2130                         },
		{"matchIn":  7, "pattern": 25952256, "baseWinCredits": 2130                         },
		{"matchIn":  7, "pattern":     1063, "baseWinCredits": 2130                         },
		{"matchIn":  7, "pattern":    16924, "baseWinCredits": 2130                         },
		{"matchIn":  7, "pattern":  7373824, "baseWinCredits": 2130                         },
		{"matchIn":  7, "pattern": 29900800, "baseWinCredits": 2130                         },
		{"matchIn":  7, "pattern":  4328448, "baseWinCredits": 2130                         },
		{"matchIn":  7, "pattern":  4349952, "baseWinCredits": 2130                         },
		{"matchIn":  7, "pattern":     3204, "baseWinCredits": 2130                         },
		{"matchIn":  7, "pattern":    24708, "baseWinCredits": 2130                         },
		{"matchIn":  7, "pattern":  1115201, "baseWinCredits": 2130                         },
		{"matchIn":  7, "pattern": 17056016, "baseWinCredits": 2130                         },
		{"matchIn":  7, "pattern":      341, "baseWinCredits": 2130                         },
		{"matchIn":  7, "pattern": 22347776, "baseWinCredits": 2130                         },
		{"matchIn":  7, "pattern": 17039425, "baseWinCredits": 2130                         },
		{"matchIn":  7, "pattern":  1114384, "baseWinCredits": 2130                         },
		{"matchIn":  7, "pattern":   141440, "baseWinCredits": 2130                         },
		{"matchIn":  7, "pattern":   328000, "baseWinCredits": 2130                         },
		{"matchIn":  7, "pattern":  4211716, "baseWinCredits": 2130                         },
		{"matchIn":  7, "pattern": 17825809, "baseWinCredits": 2130                         },
		{"matchIn":  7, "pattern":   131520, "baseWinCredits": 2110                         },
		{"matchIn":  7, "pattern":    10564, "baseWinCredits": 2110                         },
		{"matchIn":  7, "pattern":  4532224, "baseWinCredits": 2100                         },
		{"matchIn":  8, "pattern":       99, "baseWinCredits": 2075                         },
		{"matchIn":  8, "pattern":      792, "baseWinCredits": 2060                         },
		{"matchIn":  8, "pattern":  3244032, "baseWinCredits": 2055                         },
		{"matchIn":  8, "pattern": 25952256, "baseWinCredits": 2045                         },
		{"matchIn":  8, "pattern":     1063, "baseWinCredits": 2045                         },
		{"matchIn":  8, "pattern":    16924, "baseWinCredits": 2045                         },
		{"matchIn":  8, "pattern":  7373824, "baseWinCredits": 2045                         },
		{"matchIn":  8, "pattern": 29900800, "baseWinCredits": 2045                         },
		{"matchIn":  8, "pattern":  4328448, "baseWinCredits": 2045                         },
		{"matchIn":  8, "pattern":  4349952, "baseWinCredits": 2045                         },
		{"matchIn":  8, "pattern":     3204, "baseWinCredits": 2045                         },
		{"matchIn":  8, "pattern":    24708, "baseWinCredits": 2045                         },
		{"matchIn":  8, "pattern":  1115201, "baseWinCredits": 2045                         },
		{"matchIn":  8, "pattern": 17056016, "baseWinCredits": 2045                         },
		{"matchIn":  8, "pattern":      341, "baseWinCredits": 2045                         },
		{"matchIn":  8, "pattern": 22347776, "baseWinCredits": 2045                         },
		{"matchIn":  8, "pattern": 17039425, "baseWinCredits": 2040                         },
		{"matchIn":  8, "pattern":  1114384, "baseWinCredits": 2040                         },
		{"matchIn":  8, "pattern":   141440, "baseWinCredits": 2040                         },
		{"matchIn":  8, "pattern":   328000, "baseWinCredits": 2040                         },
		{"matchIn":  8, "pattern":  4211716, "baseWinCredits": 2040                         },
		{"matchIn":  8, "pattern": 17825809, "baseWinCredits": 2040                         },
		{"matchIn":  8, "pattern":   131520, "baseWinCredits": 2040                         },
		{"matchIn":  8, "pattern":    10564, "baseWinCredits": 2040                         },
		{"matchIn":  8, "pattern":  4532224, "baseWinCredits": 2040                         },
		{"matchIn":  9, "pattern":       99, "baseWinCredits": 2040                         },
		{"matchIn":  9, "pattern":      792, "baseWinCredits": 2040                         },
		{"matchIn":  9, "pattern":  3244032, "baseWinCredits": 2040                         },
		{"matchIn":  9, "pattern": 25952256, "baseWinCredits": 2040                         },
		{"matchIn":  9, "pattern":     1063, "baseWinCredits": 2040                         },
		{"matchIn":  9, "pattern":    16924, "baseWinCredits": 2040                         },
		{"matchIn":  9, "pattern":  7373824, "baseWinCredits": 2035                         },
		{"matchIn":  9, "pattern": 29900800, "baseWinCredits": 2035                         },
		{"matchIn":  9, "pattern":  4328448, "baseWinCredits": 2035                         },
		{"matchIn":  9, "pattern":  4349952, "baseWinCredits": 2035                         },
		{"matchIn":  9, "pattern":     3204, "baseWinCredits": 2035                         },
		{"matchIn":  9, "pattern":    24708, "baseWinCredits": 2035                         },
		{"matchIn":  9, "pattern":  1115201, "baseWinCredits": 2035                         },
		{"matchIn":  9, "pattern": 17056016, "baseWinCredits": 2035                         },
		{"matchIn":  9, "pattern":      341, "baseWinCredits": 2035                         },
		{"matchIn":  9, "pattern": 22347776, "baseWinCredits": 2035                         },
		{"matchIn":  9, "pattern": 17039425, "baseWinCredits": 2030                         },
		{"matchIn":  9, "pattern":  1114384, "baseWinCredits": 2030                         },
		{"matchIn":  9, "pattern":   141440, "baseWinCredits": 2030                         },
		{"matchIn":  9, "pattern":   328000, "baseWinCredits":  400, "bonusGamesAwarded": 20},
		{"matchIn":  9, "pattern":  4211716, "baseWinCredits":  400, "bonusGamesAwarded": 20},
		{"matchIn":  9, "pattern": 17825809, "baseWinCredits": 1070                         },
		{"matchIn":  9, "pattern":   131520, "baseWinCredits": 1040                         },
		{"matchIn":  9, "pattern":    10564, "baseWinCredits": 1030                         },
		{"matchIn":  9, "pattern":  4532224, "baseWinCredits": 1030                         },
		{"matchIn": 10, "pattern":       99, "baseWinCredits":  845                         },
		{"matchIn": 10, "pattern":      792, "baseWinCredits":  820                         },
		{"matchIn": 10, "pattern":  3244032, "baseWinCredits":  810                         },
		{"matchIn": 10, "pattern": 25952256, "baseWinCredits":  800                         },
		{"matchIn": 10, "pattern":     1063, "baseWinCredits":  800                         },
		{"matchIn": 10, "pattern":    16924, "baseWinCredits":  800                         },
		{"matchIn": 10, "pattern":  7373824, "baseWinCredits":  800                         },
		{"matchIn": 10, "pattern": 29900800, "baseWinCredits":  800                         },
		{"matchIn": 10, "pattern":  4328448, "baseWinCredits":  790                         },
		{"matchIn": 10, "pattern":  4349952, "baseWinCredits":  780                         },
		{"matchIn": 10, "pattern":     3204, "baseWinCredits":  200, "bonusGamesAwarded": 10},
		{"matchIn": 10, "pattern":    24708, "baseWinCredits":  200, "bonusGamesAwarded": 10},
		{"matchIn": 10, "pattern":  1115201, "baseWinCredits":  200, "bonusGamesAwarded": 10},
		{"matchIn": 10, "pattern": 17056016, "baseWinCredits":  200, "bonusGamesAwarded": 10},
		{"matchIn": 10, "pattern":      341, "baseWinCredits":  200, "bonusGamesAwarded": 10},
		{"matchIn": 10, "pattern": 22347776, "baseWinCredits":  200, "bonusGamesAwarded": 10},
		{"matchIn": 10, "pattern": 17039425, "baseWinCredits":  200, "bonusGamesAwarded": 10},
		{"matchIn": 10, "pattern":  1114384, "baseWinCredits":  200, "bonusGamesAwarded": 10},
		{"matchIn": 10, "pattern":   141440, "baseWinCredits":  200, "bonusGamesAwarded": 10},
		{"matchIn": 10, "pattern":   328000, "baseWinCredits":  200, "bonusGamesAwarded": 10},
		{"matchIn": 10, "pattern":  4211716, "baseWinCredits":  200, "bonusGamesAwarded": 10},
		{"matchIn": 10, "pattern": 17825809, "baseWinCredits":  200, "bonusGamesAwarded": 10},
		{"matchIn": 10, "pattern":   131520, "baseWinCredits":  200, "bonusGamesAwarded": 10},
		{"matchIn": 10, "pattern":    10564, "baseWinCredits":  200, "bonusGamesAwarded": 10},
		{"matchIn": 10, "pattern":  4532224, "baseWinCredits":  200, "bonusGamesAwarded": 10},
		{"matchIn": 11, "pattern":       99, "baseWinCredits":  200, "bonusGamesAwarded": 10},
		{"matchIn": 11, "pattern":      792, "baseWinCredits":  200, "bonusGamesAwarded": 10},
		{"matchIn": 11, "pattern":  3244032, "baseWinCredits":  200, "bonusGamesAwarded": 10},
		{"matchIn": 11, "pattern": 25952256, "baseWinCredits":  200, "bonusGamesAwarded": 10},
		{"matchIn": 11, "pattern":     1063, "baseWinCredits":  200, "bonusGamesAwarded": 10},
		{"matchIn": 11, "pattern":    16924, "baseWinCredits":  200, "bonusGamesAwarded": 10},
		{"matchIn": 11, "pattern":  7373824, "baseWinCredits":  200, "bonusGamesAwarded": 10},
		{"matchIn": 11, "pattern": 29900800, "baseWinCredits":  200, "bonusGamesAwarded": 10},
		{"matchIn": 11, "pattern":  4328448, "baseWinCredits":  200, "bonusGamesAwarded": 10},
		{"matchIn": 11, "pattern":  4349952, "baseWinCredits":  200, "bonusGamesAwarded": 10},
		{"matchIn": 11, "pattern":     3204, "baseWinCredits":  200, "bonusGamesAwarded": 10},
		{"matchIn": 11, "pattern":    24708, "baseWinCredits":  200, "bonusGamesAwarded": 10},
		{"matchIn": 11, "pattern":  1115201, "baseWinCredits":  200, "bonusGamesAwarded": 10},
		{"matchIn": 11, "pattern": 17056016, "baseWinCredits":  200, "bonusGamesAwarded": 10},
		{"matchIn": 11, "pattern":      341, "baseWinCredits":  200, "bonusGamesAwarded": 10},
		{"matchIn": 11, "pattern": 22347776, "baseWinCredits":  200, "bonusGamesAwarded": 10},
		{"matchIn": 11, "pattern": 17039425, "baseWinCredits":  200, "bonusGamesAwarded": 10},
		{"matchIn": 11, "pattern":  1114384, "baseWinCredits":  200, "bonusGamesAwarded": 10},
		{"matchIn": 11, "pattern":   141440, "baseWinCredits":  200, "bonusGamesAwarded": 10},
		{"matchIn": 11, "pattern":   328000, "baseWinCredits":  200, "bonusGamesAwarded": 10},
		{"matchIn": 11, "pattern":  4211716, "baseWinCredits":  200, "bonusGamesAwarded": 10},
		{"matchIn": 11, "pattern": 17825809, "baseWinCredits":  200, "bonusGamesAwarded": 10},
		{"matchIn": 11, "pattern":   131520, "baseWinCredits":  200, "bonusGamesAwarded": 10},
		{"matchIn": 11, "pattern":    10564, "baseWinCredits":  200, "bonusGamesAwarded": 10},
		{"matchIn": 11, "pattern":  4532224, "baseWinCredits":  200, "bonusGamesAwarded": 10},
		{"matchIn": 12, "pattern":       99, "baseWinCredits":  200, "bonusGamesAwarded": 10},
		{"matchIn": 12, "pattern":      792, "baseWinCredits":  770                         },
		{"matchIn": 12, "pattern":  3244032, "baseWinCredits":  760                         },
		{"matchIn": 12, "pattern": 25952256, "baseWinCredits":  450                         },
		{"matchIn": 12, "pattern":     1063, "baseWinCredits":  415                         },
		{"matchIn": 12, "pattern":    16924, "baseWinCredits":  355                         },
		{"matchIn": 12, "pattern":  7373824, "baseWinCredits":  335                         },
		{"matchIn": 12, "pattern": 29900800, "baseWinCredits":   40, "bonusGamesAwarded":  5},
		{"matchIn": 12, "pattern":  4328448, "baseWinCredits":   40, "bonusGamesAwarded":  5},
		{"matchIn": 12, "pattern":  4349952, "baseWinCredits":   40, "bonusGamesAwarded":  5},
		{"matchIn": 12, "pattern":     3204, "baseWinCredits":   40, "bonusGamesAwarded":  5},
		{"matchIn": 12, "pattern":    24708, "baseWinCredits":   40, "bonusGamesAwarded":  5},
		{"matchIn": 12, "pattern":  1115201, "baseWinCredits":   40, "bonusGamesAwarded":  5},
		{"matchIn": 12, "pattern": 17056016, "baseWinCredits":   40, "bonusGamesAwarded":  5},
		{"matchIn": 12, "pattern":      341, "baseWinCredits":   40, "bonusGamesAwarded":  5},
		{"matchIn": 12, "pattern": 22347776, "baseWinCredits":   40, "bonusGamesAwarded":  5},
		{"matchIn": 12, "pattern": 17039425, "baseWinCredits":   40, "bonusGamesAwarded":  5},
		{"matchIn": 12, "pattern":  1114384, "baseWinCredits":   40, "bonusGamesAwarded":  5},
		{"matchIn": 12, "pattern":   141440, "baseWinCredits":   40, "bonusGamesAwarded":  5},
		{"matchIn": 12, "pattern":   328000, "baseWinCredits":   40, "bonusGamesAwarded":  5},
		{"matchIn": 12, "pattern":  4211716, "baseWinCredits":   40, "bonusGamesAwarded":  5},
		{"matchIn": 12, "pattern": 17825809, "baseWinCredits":   40, "bonusGamesAwarded":  5},
		{"matchIn": 12, "pattern":   131520, "baseWinCredits":   40, "bonusGamesAwarded":  5},
		{"matchIn": 12, "pattern":    10564, "baseWinCredits":   40, "bonusGamesAwarded":  5},
		{"matchIn": 12, "pattern":  4532224, "baseWinCredits":   40, "bonusGamesAwarded":  5},
		{"matchIn": 13, "pattern":       99, "baseWinCredits":   40, "bonusGamesAwarded":  5},
		{"matchIn": 13, "pattern":      792, "baseWinCredits":   40, "bonusGamesAwarded":  5},
		{"matchIn": 13, "pattern":  3244032, "baseWinCredits":   40, "bonusGamesAwarded":  5},
		{"matchIn": 13, "pattern": 25952256, "baseWinCredits":   40, "bonusGamesAwarded":  5},
		{"matchIn": 13, "pattern":     1063, "baseWinCredits":   40, "bonusGamesAwarded":  5},
		{"matchIn": 13, "pattern":    16924, "baseWinCredits":   40, "bonusGamesAwarded":  5},
		{"matchIn": 13, "pattern":  7373824, "baseWinCredits":   40, "bonusGamesAwarded":  5},
		{"matchIn": 13, "pattern": 29900800, "baseWinCredits":   40, "bonusGamesAwarded":  5},
		{"matchIn": 13, "pattern":  4328448, "baseWinCredits":   40, "bonusGamesAwarded":  5},
		{"matchIn": 13, "pattern":  4349952, "baseWinCredits":   40, "bonusGamesAwarded":  5},
		{"matchIn": 13, "pattern":     3204, "baseWinCredits":   40, "bonusGamesAwarded":  5},
		{"matchIn": 13, "pattern":    24708, "baseWinCredits":   40, "bonusGamesAwarded":  5},
		{"matchIn": 13, "pattern":  1115201, "baseWinCredits":   40, "bonusGamesAwarded":  5},
		{"matchIn": 13, "pattern": 17056016, "baseWinCredits":   40, "bonusGamesAwarded":  5},
		{"matchIn": 13, "pattern":      341, "baseWinCredits":   40, "bonusGamesAwarded":  5},
		{"matchIn": 13, "pattern": 22347776, "baseWinCredits":   40, "bonusGamesAwarded":  5},
		{"matchIn": 13, "pattern": 17039425, "baseWinCredits":   40, "bonusGamesAwarded":  5},
		{"matchIn": 13, "pattern":  1114384, "baseWinCredits":   40, "bonusGamesAwarded":  5},
		{"matchIn": 13, "pattern":   141440, "baseWinCredits":   40, "bonusGamesAwarded":  5},
		{"matchIn": 13, "pattern":   328000, "baseWinCredits":   40, "bonusGamesAwarded":  5},
		{"matchIn": 13, "pattern":  4211716, "baseWinCredits":   40, "bonusGamesAwarded":  5},
		{"matchIn": 13, "pattern": 17825809, "baseWinCredits":   40, "bonusGamesAwarded":  5},
		{"matchIn": 13, "pattern":   131520, "baseWinCredits":   40, "bonusGamesAwarded":  5},
		{"matchIn": 13, "pattern":    10564, "baseWinCredits":   40, "bonusGamesAwarded":  5},
		{"matchIn": 13, "pattern":  4532224, "baseWinCredits":   40, "bonusGamesAwarded":  5},
		{"matchIn": 14, "pattern":       99, "baseWinCredits":   40, "bonusGamesAwarded":  5},
		{"matchIn": 14, "pattern":      792, "baseWinCredits":   40, "bonusGamesAwarded":  5},
		{"matchIn": 14, "pattern":  3244032, "baseWinCredits":   40, "bonusGamesAwarded":  5},
		{"matchIn": 14, "pattern": 25952256, "baseWinCredits":   40, "bonusGamesAwarded":  5},
		{"matchIn": 14, "pattern":     1063, "baseWinCredits":   40, "bonusGamesAwarded":  5},
		{"matchIn": 14, "pattern":    16924, "baseWinCredits":   40, "bonusGamesAwarded":  5},
		{"matchIn": 14, "pattern":  7373824, "baseWinCredits":   40, "bonusGamesAwarded":  5},
		{"matchIn": 14, "pattern": 29900800, "baseWinCredits":   40, "bonusGamesAwarded":  5},
		{"matchIn": 14, "pattern":  4328448, "baseWinCredits":   40, "bonusGamesAwarded":  5},
		{"matchIn": 14, "pattern":  4349952, "baseWinCredits":   40, "bonusGamesAwarded":  5},
		{"matchIn": 14, "pattern":     3204, "baseWinCredits":   40, "bonusGamesAwarded":  5},
		{"matchIn": 14, "pattern":    24708, "baseWinCredits":   40, "bonusGamesAwarded":  5},
		{"matchIn": 14, "pattern":  1115201, "baseWinCredits":   40, "bonusGamesAwarded":  5},
		{"matchIn": 14, "pattern": 17056016, "baseWinCredits":   40, "bonusGamesAwarded":  5},
		{"matchIn": 14, "pattern":      341, "baseWinCredits":   40, "bonusGamesAwarded":  5},
		{"matchIn": 14, "pattern": 22347776, "baseWinCredits":   40, "bonusGamesAwarded":  5},
		{"matchIn": 14, "pattern": 17039425, "baseWinCredits":   40, "bonusGamesAwarded":  5},
		{"matchIn": 14, "pattern":  1114384, "baseWinCredits":   40, "bonusGamesAwarded":  5},
		{"matchIn": 14, "pattern":   141440, "baseWinCredits":   40, "bonusGamesAwarded":  5},
		{"matchIn": 14, "pattern":   328000, "baseWinCredits":   40, "bonusGamesAwarded":  5},
		{"matchIn": 14, "pattern":  4211716, "baseWinCredits":   40, "bonusGamesAwarded":  5},
		{"matchIn": 14, "pattern": 17825809, "baseWinCredits":   40, "bonusGamesAwarded":  5},
		{"matchIn": 14, "pattern":   131520, "baseWinCredits":   40, "bonusGamesAwarded":  5},
		{"matchIn": 14, "pattern":    10564, "baseWinCredits":   40, "bonusGamesAwarded":  5},
		{"matchIn": 14, "pattern":  4532224, "baseWinCredits":   40, "bonusGamesAwarded":  5},
		{"matchIn": 15, "pattern":       99, "baseWinCredits":   40, "bonusGamesAwarded":  5},
		{"matchIn": 15, "pattern":      792, "baseWinCredits":   40, "bonusGamesAwarded":  5},
		{"matchIn": 15, "pattern":  3244032, "baseWinCredits":   40, "bonusGamesAwarded":  5},
		{"matchIn": 15, "pattern": 25952256, "baseWinCredits":   40, "bonusGamesAwarded":  5},
		{"matchIn": 15, "pattern":     1063, "baseWinCredits":   40, "bonusGamesAwarded":  5},
		{"matchIn": 15, "pattern":    16924, "baseWinCredits":   40, "bonusGamesAwarded":  5},
		{"matchIn": 15, "pattern":  7373824, "baseWinCredits":   40, "bonusGamesAwarded":  5},
		{"matchIn": 15, "pattern": 29900800, "baseWinCredits":   40, "bonusGamesAwarded":  5},
		{"matchIn": 15, "pattern":  4328448, "baseWinCredits":   40, "bonusGamesAwarded":  5},
		{"matchIn": 15, "pattern":  4349952, "baseWinCredits":   40, "bonusGamesAwarded":  5},
		{"matchIn": 15, "pattern":     3204, "baseWinCredits":   40, "bonusGamesAwarded":  5},
		{"matchIn": 15, "pattern":    24708, "baseWinCredits":   40, "bonusGamesAwarded":  5},
		{"matchIn": 15, "pattern":  1115201, "baseWinCredits":   40, "bonusGamesAwarded":  5},
		{"matchIn": 15, "pattern": 17056016, "baseWinCredits":   40, "bonusGamesAwarded":  5},
		{"matchIn": 15, "pattern":      341, "baseWinCredits":   40, "bonusGamesAwarded":  5},
		{"matchIn": 15, "pattern": 22347776, "baseWinCredits":   40, "bonusGamesAwarded":  5},
		{"matchIn": 15, "pattern": 17039425, "baseWinCredits":   40, "bonusGamesAwarded":  5},
		{"matchIn": 15, "pattern":  1114384, "baseWinCredits":   40, "bonusGamesAwarded":  5},
		{"matchIn": 15, "pattern":   141440, "baseWinCredits":   40, "bonusGamesAwarded":  5},
		{"matchIn": 15, "pattern":   328000, "baseWinCredits":   40, "bonusGamesAwarded":  5},
		{"matchIn": 15, "pattern":  4211716, "baseWinCredits":   40, "bonusGamesAwarded":  5},
		{"matchIn": 15, "pattern": 17825809, "baseWinCredits":   40, "bonusGamesAwarded":  5},
		{"matchIn": 15, "pattern":   131520, "baseWinCredits":   40, "bonusGamesAwarded":  5},
		{"matchIn": 15, "pattern":    10564, "baseWinCredits":   40, "bonusGamesAwarded":  5},
		{"matchIn": 15, "pattern":  4532224, "baseWinCredits":   40, "bonusGamesAwarded":  5},
		{"matchIn": 16, "pattern":       99, "baseWinCredits":   40, "bonusGamesAwarded":  5},
		{"matchIn": 16, "pattern":      792, "baseWinCredits":   40, "bonusGamesAwarded":  5},
		{"matchIn": 16, "pattern":  3244032, "baseWinCredits":   40, "bonusGamesAwarded":  5},
		{"matchIn": 16, "pattern": 25952256, "baseWinCredits":   40, "bonusGamesAwarded":  5},
		{"matchIn": 16, "pattern":     1063, "baseWinCredits":   40, "bonusGamesAwarded":  5},
		{"matchIn": 16, "pattern":    16924, "baseWinCredits":   40, "bonusGamesAwarded":  5},
		{"matchIn": 16, "pattern":  7373824, "baseWinCredits":   40, "bonusGamesAwarded":  5},
		{"matchIn": 16, "pattern": 29900800, "baseWinCredits":   40, "bonusGamesAwarded":  5},
		{"matchIn": 16, "pattern":  4328448, "baseWinCredits":   40, "bonusGamesAwarded":  5},
		{"matchIn": 16, "pattern":  4349952, "baseWinCredits":   40, "bonusGamesAwarded":  5},
		{"matchIn": 16, "pattern":     3204, "baseWinCredits":   40, "bonusGamesAwarded":  5},
		{"matchIn": 16, "pattern":    24708, "baseWinCredits":   40, "bonusGamesAwarded":  5},
		{"matchIn": 16, "pattern":  1115201, "baseWinCredits":   40, "bonusGamesAwarded":  5},
		{"matchIn": 16, "pattern": 17056016, "baseWinCredits":   40, "bonusGamesAwarded":  5},
		{"matchIn": 16, "pattern":      341, "baseWinCredits":   40, "bonusGamesAwarded":  5},
		{"matchIn": 16, "pattern": 22347776, "baseWinCredits":   40, "bonusGamesAwarded":  5},
		{"matchIn": 16, "pattern": 17039425, "baseWinCredits":   40, "bonusGamesAwarded":  5},
		{"matchIn": 16, "pattern":  1114384, "baseWinCredits":   40, "bonusGamesAwarded":  5},
		{"matchIn": 16, "pattern":   141440, "baseWinCredits":   40, "bonusGamesAwarded":  5},
		{"matchIn": 16, "pattern":   328000, "baseWinCredits":   40, "bonusGamesAwarded":  5},
		{"matchIn": 16, "pattern":  4211716, "baseWinCredits":   40, "bonusGamesAwarded":  5},
		{"matchIn": 16, "pattern": 17825809, "baseWinCredits":   40, "bonusGamesAwarded":  5},
		{"matchIn": 16, "pattern":   131520, "baseWinCredits":   40, "bonusGamesAwarded":  5},
		{"matchIn": 16, "pattern":    10564, "baseWinCredits":   40, "bonusGamesAwarded":  5},
		{"matchIn": 16, "pattern":  4532224, "baseWinCredits":   40, "bonusGamesAwarded":  5},
		{"matchIn": 17, "pattern":       99, "baseWinCredits":   40, "bonusGamesAwarded":  5},
		{"matchIn": 17, "pattern":      792, "baseWinCredits":   40, "bonusGamesAwarded":  5},
		{"matchIn": 17, "pattern":  3244032, "baseWinCredits":   40, "bonusGamesAwarded":  5},
		{"matchIn": 17, "pattern": 25952256, "baseWinCredits":   40, "bonusGamesAwarded":  5},
		{"matchIn": 17, "pattern":     1063, "baseWinCredits":   40, "bonusGamesAwarded":  5},
		{"matchIn": 17, "pattern":    16924, "baseWinCredits":   40, "bonusGamesAwarded":  5},
		{"matchIn": 17, "pattern":  7373824, "baseWinCredits":   40, "bonusGamesAwarded":  5},
		{"matchIn": 17, "pattern": 29900800, "baseWinCredits":   40, "bonusGamesAwarded":  5},
		{"matchIn": 17, "pattern":  4328448, "baseWinCredits":   40, "bonusGamesAwarded":  5},
		{"matchIn": 17, "pattern":  4349952, "baseWinCredits":   40, "bonusGamesAwarded":  5},
		{"matchIn": 17, "pattern":     3204, "baseWinCredits":   40, "bonusGamesAwarded":  5},
		{"matchIn": 17, "pattern":    24708, "baseWinCredits":   40, "bonusGamesAwarded":  5},
		{"matchIn": 17, "pattern":  1115201, "baseWinCredits":   40, "bonusGamesAwarded":  5},
		{"matchIn": 17, "pattern": 17056016, "baseWinCredits":   40, "bonusGamesAwarded":  5},
		{"matchIn": 17, "pattern":      341, "baseWinCredits":   40, "bonusGamesAwarded":  5},
		{"matchIn": 17, "pattern": 22347776, "baseWinCredits":   40, "bonusGamesAwarded":  5},
		{"matchIn": 17, "pattern": 17039425, "baseWinCredits":   40, "bonusGamesAwarded":  5},
		{"matchIn": 17, "pattern":  1114384, "baseWinCredits":   40, "bonusGamesAwarded":  5},
		{"matchIn": 17, "pattern":   141440, "baseWinCredits":   40, "bonusGamesAwarded":  5},
		{"matchIn": 17, "pattern":   328000, "baseWinCredits":   40, "bonusGamesAwarded":  5},
		{"matchIn": 17, "pattern":  4211716, "baseWinCredits":   40, "bonusGamesAwarded":  5},
		{"matchIn": 17, "pattern": 17825809, "baseWinCredits":   40, "bonusGamesAwarded":  5},
		{"matchIn": 17, "pattern":   131520, "baseWinCredits":  295                         },
		{"matchIn": 17, "pattern":    10564, "baseWinCredits":  255                         },
		{"matchIn": 17, "pattern":  4532224, "baseWinCredits":  250                         },
		{"matchIn": 18, "pattern":       99, "baseWinCredits":  235                         },
		{"matchIn": 18, "pattern":      792, "baseWinCredits":  230                         },
		{"matchIn": 18, "pattern":  3244032, "baseWinCredits":  230                         },
		{"matchIn": 18, "pattern": 25952256, "baseWinCredits":  225                         },
		{"matchIn": 18, "pattern":     1063, "baseWinCredits":  220                         },
		{"matchIn": 18, "pattern":    16924, "baseWinCredits":  220                         },
		{"matchIn": 18, "pattern":  7373824, "baseWinCredits":  215                         },
		{"matchIn": 18, "pattern": 29900800, "baseWinCredits":  210                         },
		{"matchIn": 18, "pattern":  4328448, "baseWinCredits":  195                         },
		{"matchIn": 18, "pattern":  4349952, "baseWinCredits":  180                         },
		{"matchIn": 18, "pattern":     3204, "baseWinCredits":  170                         },
		{"matchIn": 18, "pattern":    24708, "baseWinCredits":  165                         },
		{"matchIn": 18, "pattern":  1115201, "baseWinCredits":  165                         },
		{"matchIn": 18, "pattern": 17056016, "baseWinCredits":  160                         },
		{"matchIn": 18, "pattern":      341, "baseWinCredits":  160                         },
		{"matchIn": 18, "pattern": 22347776, "baseWinCredits":  160                         },
		{"matchIn": 18, "pattern": 17039425, "baseWinCredits":  160                         },
		{"matchIn": 18, "pattern":  1114384, "baseWinCredits":  160                         },
		{"matchIn": 18, "pattern":   141440, "baseWinCredits":  150                         },
		{"matchIn": 18, "pattern":   328000, "baseWinCredits":  150                         },
		{"matchIn": 18, "pattern":  4211716, "baseWinCredits":  145                         },
		{"matchIn": 18, "pattern": 17825809, "baseWinCredits":  145                         },
		{"matchIn": 18, "pattern":   131520, "baseWinCredits":  145                         },
		{"matchIn": 18, "pattern":    10564, "baseWinCredits":  145                         },
		{"matchIn": 18, "pattern":  4532224, "baseWinCredits":  145                         },
		{"matchIn": 19, "pattern":       99, "baseWinCredits":  140                         },
		{"matchIn": 19, "pattern":      792, "baseWinCredits":  140                         },
		{"matchIn": 19, "pattern":  3244032, "baseWinCredits":  140                         },
		{"matchIn": 19, "pattern": 25952256, "baseWinCredits":  140                         },
		{"matchIn": 19, "pattern":     1063, "baseWinCredits":  140                         },
		{"matchIn": 19, "pattern":    16924, "baseWinCredits":  140                         },
		{"matchIn": 19, "pattern":  7373824, "baseWinCredits":  140                         },
		{"matchIn": 19, "pattern": 29900800, "baseWinCredits":  140                         },
		{"matchIn": 19, "pattern":  4328448, "baseWinCredits":  140                         },
		{"matchIn": 19, "pattern":  4349952, "baseWinCredits":  140                         },
		{"matchIn": 19, "pattern":     3204, "baseWinCredits":  135                         },
		{"matchIn": 19, "pattern":    24708, "baseWinCredits":  135                         },
		{"matchIn": 19, "pattern":  1115201, "baseWinCredits":  135                         },
		{"matchIn": 19, "pattern": 17056016, "baseWinCredits":  135                         },
		{"matchIn": 19, "pattern":      341, "baseWinCredits":  135                         },
		{"matchIn": 19, "pattern": 22347776, "baseWinCredits":  135                         },
		{"matchIn": 19, "pattern": 17039425, "baseWinCredits":  135                         },
		{"matchIn": 19, "pattern":  1114384, "baseWinCredits":  135                         },
		{"matchIn": 19, "pattern":   141440, "baseWinCredits":  130                         },
		{"matchIn": 19, "pattern":   328000, "baseWinCredits":  130                         },
		{"matchIn": 19, "pattern":  4211716, "baseWinCredits":  130                         },
		{"matchIn": 19, "pattern": 17825809, "baseWinCredits":  130                         },
		{"matchIn": 19, "pattern":   131520, "baseWinCredits":  130                         },
		{"matchIn": 19, "pattern":    10564, "baseWinCredits":  125                         },
		{"matchIn": 19, "pattern":  4532224, "baseWinCredits":  125                         },
		{"matchIn": 20, "pattern":       99, "baseWinCredits":  120                         },
		{"matchIn": 20, "pattern":      792, "baseWinCredits":  120                         },
		{"matchIn": 20, "pattern":  3244032, "baseWinCredits":  120                         },
		{"matchIn": 20, "pattern": 25952256, "baseWinCredits":  115                         },
		{"matchIn": 20, "pattern":     1063, "baseWinCredits":  115                         },
		{"matchIn": 20, "pattern":    16924, "baseWinCredits":  110                         },
		{"matchIn": 20, "pattern":  7373824, "baseWinCredits":  110                         },
		{"matchIn": 20, "pattern": 29900800, "baseWinCredits":  110                         },
		{"matchIn": 20, "pattern":  4328448, "baseWinCredits":  110                         },
		{"matchIn": 20, "pattern":  4349952, "baseWinCredits":  110                         },
		{"matchIn": 20, "pattern":     3204, "baseWinCredits":  110                         },
		{"matchIn": 20, "pattern":    24708, "baseWinCredits":  105                         },
		{"matchIn": 20, "pattern":  1115201, "baseWinCredits":  105                         },
		{"matchIn": 20, "pattern": 17056016, "baseWinCredits":  105                         },
		{"matchIn": 20, "pattern":      341, "baseWinCredits":  100                         },
		{"matchIn": 20, "pattern": 22347776, "baseWinCredits":  100                         },
		{"matchIn": 20, "pattern": 17039425, "baseWinCredits":  100                         },
		{"matchIn": 20, "pattern":  1114384, "baseWinCredits":  100                         },
		{"matchIn": 20, "pattern":   141440, "baseWinCredits":  100                         },
		{"matchIn": 20, "pattern":   328000, "baseWinCredits":  100                         },
		{"matchIn": 20, "pattern":  4211716, "baseWinCredits":   95                         },
		{"matchIn": 20, "pattern": 17825809, "baseWinCredits":   90                         },
		{"matchIn": 20, "pattern":   131520, "baseWinCredits":   90                         },
		{"matchIn": 20, "pattern":    10564, "baseWinCredits":   90                         },
		{"matchIn": 20, "pattern":  4532224, "baseWinCredits":   90                         },
		{"matchIn": 21, "pattern":       99, "baseWinCredits":   90                         },
		{"matchIn": 21, "pattern":      792, "baseWinCredits":   90                         },
		{"matchIn": 21, "pattern":  3244032, "baseWinCredits":   85                         },
		{"matchIn": 21, "pattern": 25952256, "baseWinCredits":   85                         },
		{"matchIn": 21, "pattern":     1063, "baseWinCredits":   85                         },
		{"matchIn": 21, "pattern":    16924, "baseWinCredits":   85                         },
		{"matchIn": 21, "pattern":  7373824, "baseWinCredits":   85                         },
		{"matchIn": 21, "pattern": 29900800, "baseWinCredits":   85                         },
		{"matchIn": 21, "pattern":  4328448, "baseWinCredits":   80                         },
		{"matchIn": 21, "pattern":  4349952, "baseWinCredits":   80                         },
		{"matchIn": 21, "pattern":     3204, "baseWinCredits":   80                         },
		{"matchIn": 21, "pattern":    24708, "baseWinCredits":   80                         },
		{"matchIn": 21, "pattern":  1115201, "baseWinCredits":   80                         },
		{"matchIn": 21, "pattern": 17056016, "baseWinCredits":   80                         },
		{"matchIn": 21, "pattern":      341, "baseWinCredits":   80                         },
		{"matchIn": 21, "pattern": 22347776, "baseWinCredits":   80                         },
		{"matchIn": 21, "pattern": 17039425, "baseWinCredits":   80                         },
		{"matchIn": 21, "pattern":  1114384, "baseWinCredits":   75                         },
		{"matchIn": 21, "pattern":   141440, "baseWinCredits":   75                         },
		{"matchIn": 21, "pattern":   328000, "baseWinCredits":   75                         },
		{"matchIn": 21, "pattern":  4211716, "baseWinCredits":   75                         },
		{"matchIn": 21, "pattern": 17825809, "baseWinCredits":   75                         },
		{"matchIn": 21, "pattern":   131520, "baseWinCredits":   75                         },
		{"matchIn": 21, "pattern":    10564, "baseWinCredits":   75                         },
		{"matchIn": 21, "pattern":  4532224, "baseWinCredits":   70                         },
		{"matchIn": 22, "pattern":       99, "baseWinCredits":   70                         },
		{"matchIn": 22, "pattern":      792, "baseWinCredits":   70                         },
		{"matchIn": 22, "pattern":  3244032, "baseWinCredits":   70                         },
		{"matchIn": 22, "pattern": 25952256, "baseWinCredits":   70                         },
		{"matchIn": 22, "pattern":     1063, "baseWinCredits":   70                         },
		{"matchIn": 22, "pattern":    16924, "baseWinCredits":   70                         },
		{"matchIn": 22, "pattern":  7373824, "baseWinCredits":   70                         },
		{"matchIn": 22, "pattern": 29900800, "baseWinCredits":   70                         },
		{"matchIn": 22, "pattern":  4328448, "baseWinCredits":   70                         },
		{"matchIn": 22, "pattern":  4349952, "baseWinCredits":   70                         },
		{"matchIn": 22, "pattern":     3204, "baseWinCredits":   70                         },
		{"matchIn": 22, "pattern":    24708, "baseWinCredits":   70                         },
		{"matchIn": 22, "pattern":  1115201, "baseWinCredits":   70                         },
		{"matchIn": 22, "pattern": 17056016, "baseWinCredits":   70                         },
		{"matchIn": 22, "pattern":      341, "baseWinCredits":   70                         },
		{"matchIn": 22, "pattern": 22347776, "baseWinCredits":   70                         },
		{"matchIn": 22, "pattern": 17039425, "baseWinCredits":   70                         },
		{"matchIn": 22, "pattern":  1114384, "baseWinCredits":   70                         },
		{"matchIn": 22, "pattern":   141440, "baseWinCredits":   70                         },
		{"matchIn": 22, "pattern":   328000, "baseWinCredits":   65                         },
		{"matchIn": 22, "pattern":  4211716, "baseWinCredits":   65                         },
		{"matchIn": 22, "pattern": 17825809, "baseWinCredits":   65                         },
		{"matchIn": 22, "pattern":   131520, "baseWinCredits":   60                         },
		{"matchIn": 22, "pattern":    10564, "baseWinCredits":   60                         },
		{"matchIn": 22, "pattern":  4532224, "baseWinCredits":   60                         },
		{"matchIn": 23, "pattern":       99, "baseWinCredits":   60                         },
		{"matchIn": 23, "pattern":      792, "baseWinCredits":   60                         },
		{"matchIn": 23, "pattern":  3244032, "baseWinCredits":   60                         },
		{"matchIn": 23, "pattern": 25952256, "baseWinCredits":   60                         },
		{"matchIn": 23, "pattern":     1063, "baseWinCredits":   60                         },
		{"matchIn": 23, "pattern":    16924, "baseWinCredits":   60                         },
		{"matchIn": 23, "pattern":  7373824, "baseWinCredits":   60                         },
		{"matchIn": 23, "pattern": 29900800, "baseWinCredits":   60                         },
		{"matchIn": 23, "pattern":  4328448, "baseWinCredits":   60                         },
		{"matchIn": 23, "pattern":  4349952, "baseWinCredits":   60                         },
		{"matchIn": 23, "pattern":     3204, "baseWinCredits":   60                         },
		{"matchIn": 23, "pattern":    24708, "baseWinCredits":   60                         },
		{"matchIn": 23, "pattern":  1115201, "baseWinCredits":   60                         },
		{"matchIn": 23, "pattern": 17056016, "baseWinCredits":   60                         },
		{"matchIn": 23, "pattern":      341, "baseWinCredits":   60                         },
		{"matchIn": 23, "pattern": 22347776, "baseWinCredits":   60                         },
		{"matchIn": 23, "pattern": 17039425, "baseWinCredits":   60                         },
		{"matchIn": 23, "pattern":  1114384, "baseWinCredits":   60                         },
		{"matchIn": 23, "pattern":   141440, "baseWinCredits":   60                         },
		{"matchIn": 23, "pattern":   328000, "baseWinCredits":   55                         },
		{"matchIn": 23, "pattern":  4211716, "baseWinCredits":   55                         },
		{"matchIn": 23, "pattern": 17825809, "baseWinCredits":   55                         },
		{"matchIn": 23, "pattern":   131520, "baseWinCredits":   55                         },
		{"matchIn": 23, "pattern":    10564, "baseWinCredits":   55                         },
		{"matchIn": 23, "pattern":  4532224, "baseWinCredits":   55                         },
		{"matchIn": 24, "pattern":       99, "baseWinCredits":   55                         },
		{"matchIn": 24, "pattern":      792, "baseWinCredits":   55                         },
		{"matchIn": 24, "pattern":  3244032, "baseWinCredits":   55                         },
		{"matchIn": 24, "pattern": 25952256, "baseWinCredits":   55                         },
		{"matchIn": 24, "pattern":     1063, "baseWinCredits":   55                         },
		{"matchIn": 24, "pattern":    16924, "baseWinCredits":   55                         },
		{"matchIn": 24, "pattern":  7373824, "baseWinCredits":   55                         },
		{"matchIn": 24, "pattern": 29900800, "baseWinCredits":   55                         },
		{"matchIn": 24, "pattern":  4328448, "baseWinCredits":   55                         },
		{"matchIn": 24, "pattern":  4349952, "baseWinCredits":   55                         },
		{"matchIn": 24, "pattern":     3204, "baseWinCredits":   55                         },
		{"matchIn": 24, "pattern":    24708, "baseWinCredits":   50                         },
		{"matchIn": 24, "pattern":  1115201, "baseWinCredits":   50                         },
		{"matchIn": 24, "pattern": 17056016, "baseWinCredits":   50                         },
		{"matchIn": 24, "pattern":      341, "baseWinCredits":   50                         },
		{"matchIn": 24, "pattern": 22347776, "baseWinCredits":   50                         },
		{"matchIn": 24, "pattern": 17039425, "baseWinCredits":   50                         },
		{"matchIn": 24, "pattern":  1114384, "baseWinCredits":   50                         },
		{"matchIn": 24, "pattern":   141440, "baseWinCredits":   50                         },
		{"matchIn": 24, "pattern":   328000, "baseWinCredits":   50                         },
		{"matchIn": 24, "pattern":  4211716, "baseWinCredits":   50                         },
		{"matchIn": 24, "pattern": 17825809, "baseWinCredits":   50                         },
		{"matchIn": 24, "pattern":   131520, "baseWinCredits":   50                         },
		{"matchIn": 24, "pattern":    10564, "baseWinCredits":   50                         },
		{"matchIn": 24, "pattern":  4532224, "baseWinCredits":   50                         },
		{"matchIn": 25, "pattern":       99, "baseWinCredits":   50                         },
		{"matchIn": 25, "pattern":      792, "baseWinCredits":   50                         },
		{"matchIn": 25, "pattern":  3244032, "baseWinCredits":   50                         },
		{"matchIn": 25, "pattern": 25952256, "baseWinCredits":   50                         },
		{"matchIn": 25, "pattern":     1063, "baseWinCredits":   50                         },
		{"matchIn": 25, "pattern":    16924, "baseWinCredits":   50                         },
		{"matchIn": 25, "pattern":  7373824, "baseWinCredits":   50                         },
		{"matchIn": 25, "pattern": 29900800, "baseWinCredits":   50                         },
		{"matchIn": 25, "pattern":  4328448, "baseWinCredits":   50                         },
		{"matchIn": 25, "pattern":  4349952, "baseWinCredits":   50                         },
		{"matchIn": 25, "pattern":     3204, "baseWinCredits":   50                         },
		{"matchIn": 25, "pattern":    24708, "baseWinCredits":   50                         },
		{"matchIn": 25, "pattern":  1115201, "baseWinCredits":   50                         },
		{"matchIn": 25, "pattern": 17056016, "baseWinCredits":   50                         },
		{"matchIn": 25, "pattern":      341, "baseWinCredits":   50                         },
		{"matchIn": 25, "pattern": 22347776, "baseWinCredits":   50                         },
		{"matchIn": 25, "pattern": 17039425, "baseWinCredits":   50                         },
		{"matchIn": 25, "pattern":  1114384, "baseWinCredits":   50                         },
		{"matchIn": 25, "pattern":   141440, "baseWinCredits":   50                         },
		{"matchIn": 25, "pattern":   328000, "baseWinCredits":   50                         },
		{"matchIn": 25, "pattern":  4211716, "baseWinCredits":   50                         },
		{"matchIn": 25, "pattern": 17825809, "baseWinCredits":   50                         },
		{"matchIn": 25, "pattern":   131520, "baseWinCredits":   50                         },
		{"matchIn": 25, "pattern":    10564, "baseWinCredits":   50                         },
		{"matchIn": 25, "pattern":  4532224, "baseWinCredits":   50                         },
		{"matchIn": 26, "pattern":       99, "baseWinCredits":   50                         },
		{"matchIn": 26, "pattern":      792, "baseWinCredits":   50                         },
		{"matchIn": 26, "pattern":  3244032, "baseWinCredits":   45                         },
		{"matchIn": 26, "pattern": 25952256, "baseWinCredits":   45                         },
		{"matchIn": 26, "pattern":     1063, "baseWinCredits":   45                         },
		{"matchIn": 26, "pattern":    16924, "baseWinCredits":   45                         },
		{"matchIn": 26, "pattern":  7373824, "baseWinCredits":   45                         },
		{"matchIn": 26, "pattern": 29900800, "baseWinCredits":   45                         },
		{"matchIn": 26, "pattern":  4328448, "baseWinCredits":   45                         },
		{"matchIn": 26, "pattern":  4349952, "baseWinCredits":   45                         },
		{"matchIn": 26, "pattern":     3204, "baseWinCredits":   45                         },
		{"matchIn": 26, "pattern":    24708, "baseWinCredits":   45                         },
		{"matchIn": 26, "pattern":  1115201, "baseWinCredits":   45                         },
		{"matchIn": 26, "pattern": 17056016, "baseWinCredits":   45                         },
		{"matchIn": 26, "pattern":      341, "baseWinCredits":   45                         },
		{"matchIn": 26, "pattern": 22347776, "baseWinCredits":   45                         },
		{"matchIn": 26, "pattern": 17039425, "baseWinCredits":   45                         },
		{"matchIn": 26, "pattern":  1114384, "baseWinCredits":   45                         },
		{"matchIn": 26, "pattern":   141440, "baseWinCredits":   45                         },
		{"matchIn": 26, "pattern":   328000, "baseWinCredits":   45                         },
		{"matchIn": 26, "pattern":  4211716, "baseWinCredits":   45                         },
		{"matchIn": 26, "pattern": 17825809, "baseWinCredits":   45                         },
		{"matchIn": 26, "pattern":   131520, "baseWinCredits":   45                         },
		{"matchIn": 26, "pattern":    10564, "baseWinCredits":   45                         },
		{"matchIn": 26, "pattern":  4532224, "baseWinCredits":   45                         },
		{"matchIn": 27, "pattern":       99, "baseWinCredits":   45                         },
		{"matchIn": 27, "pattern":      792, "baseWinCredits":   45                         },
		{"matchIn": 27, "pattern":  3244032, "baseWinCredits":   40                         },
		{"matchIn": 27, "pattern": 25952256, "baseWinCredits":   40                         },
		{"matchIn": 27, "pattern":     1063, "baseWinCredits":   40                         },
		{"matchIn": 27, "pattern":    16924, "baseWinCredits":   40                         },
		{"matchIn": 27, "pattern":  7373824, "baseWinCredits":   40                         },
		{"matchIn": 27, "pattern": 29900800, "baseWinCredits":   40                         },
		{"matchIn": 27, "pattern":  4328448, "baseWinCredits":   40                         },
		{"matchIn": 27, "pattern":  4349952, "baseWinCredits":   40                         },
		{"matchIn": 27, "pattern":     3204, "baseWinCredits":   40                         },
		{"matchIn": 27, "pattern":    24708, "baseWinCredits":   40                         },
		{"matchIn": 27, "pattern":  1115201, "baseWinCredits":   40                         },
		{"matchIn": 27, "pattern": 17056016, "baseWinCredits":   40                         },
		{"matchIn": 27, "pattern":      341, "baseWinCredits":   40                         },
		{"matchIn": 27, "pattern": 22347776, "baseWinCredits":   40                         },
		{"matchIn": 27, "pattern": 17039425, "baseWinCredits":   40                         },
		{"matchIn": 27, "pattern":  1114384, "baseWinCredits":   40                         },
		{"matchIn": 27, "pattern":   141440, "baseWinCredits":   40                         },
		{"matchIn": 27, "pattern":   328000, "baseWinCredits":   40                         },
		{"matchIn": 27, "pattern":  4211716, "baseWinCredits":   40                         },
		{"matchIn": 27, "pattern": 17825809, "baseWinCredits":   40                         },
		{"matchIn": 27, "pattern":   131520, "baseWinCredits":   40                         },
		{"matchIn": 27, "pattern":    10564, "baseWinCredits":   40                         },
		{"matchIn": 27, "pattern":  4532224, "baseWinCredits":   40                         },
		{"matchIn": 28, "pattern":       99, "baseWinCredits":   40                         },
		{"matchIn": 28, "pattern":      792, "baseWinCredits":   40                         },
		{"matchIn": 28, "pattern":  3244032, "baseWinCredits":   40                         },
		{"matchIn": 28, "pattern": 25952256, "baseWinCredits":   40                         },
		{"matchIn": 28, "pattern":     1063, "baseWinCredits":   40                         },
		{"matchIn": 28, "pattern":    16924, "baseWinCredits":   40                         },
		{"matchIn": 28, "pattern":  7373824, "baseWinCredits":   40                         },
		{"matchIn": 28, "pattern": 29900800, "baseWinCredits":   40                         },
		{"matchIn": 28, "pattern":  4328448, "baseWinCredits":   40                         },
		{"matchIn": 28, "pattern":  4349952, "baseWinCredits":   35                         },
		{"matchIn": 28, "pattern":     3204, "baseWinCredits":   35                         },
		{"matchIn": 28, "pattern":    24708, "baseWinCredits":   35                         },
		{"matchIn": 28, "pattern":  1115201, "baseWinCredits":   35                         },
		{"matchIn": 28, "pattern": 17056016, "baseWinCredits":   35                         },
		{"matchIn": 28, "pattern":      341, "baseWinCredits":   35                         },
		{"matchIn": 28, "pattern": 22347776, "baseWinCredits":   35                         },
		{"matchIn": 28, "pattern": 17039425, "baseWinCredits":   35                         },
		{"matchIn": 28, "pattern":  1114384, "baseWinCredits":   35                         },
		{"matchIn": 28, "pattern":   141440, "baseWinCredits":   35                         },
		{"matchIn": 28, "pattern":   328000, "baseWinCredits":   35                         },
		{"matchIn": 28, "pattern":  4211716, "baseWinCredits":   35                         },
		{"matchIn": 28, "pattern": 17825809, "baseWinCredits":   35                         },
		{"matchIn": 28, "pattern":   131520, "baseWinCredits":   35                         },
		{"matchIn": 28, "pattern":    10564, "baseWinCredits":   35                         },
		{"matchIn": 28, "pattern":  4532224, "baseWinCredits":   35                         },
		{"matchIn": 29, "pattern":       99, "baseWinCredits":   35                         },
		{"matchIn": 29, "pattern":      792, "baseWinCredits":   35                         },
		{"matchIn": 29, "pattern":  3244032, "baseWinCredits":   35                         },
		{"matchIn": 29, "pattern": 25952256, "baseWinCredits":   35                         },
		{"matchIn": 29, "pattern":     1063, "baseWinCredits":   35                         },
		{"matchIn": 29, "pattern":    16924, "baseWinCredits":   35                         },
		{"matchIn": 29, "pattern":  7373824, "baseWinCredits":   35                         },
		{"matchIn": 29, "pattern": 29900800, "baseWinCredits":   35                         },
		{"matchIn": 29, "pattern":  4328448, "baseWinCredits":   35                         },
		{"matchIn": 29, "pattern":  4349952, "baseWinCredits":   35                         },
		{"matchIn": 29, "pattern":     3204, "baseWinCredits":   35                         },
		{"matchIn": 29, "pattern":    24708, "baseWinCredits":   35                         },
		{"matchIn": 29, "pattern":  1115201, "baseWinCredits":   35                         },
		{"matchIn": 29, "pattern": 17056016, "baseWinCredits":   35                         },
		{"matchIn": 29, "pattern":      341, "baseWinCredits":   35                         },
		{"matchIn": 29, "pattern": 22347776, "baseWinCredits":   35                         },
		{"matchIn": 29, "pattern": 17039425, "baseWinCredits":   35                         },
		{"matchIn": 29, "pattern":  1114384, "baseWinCredits":   35                         },
		{"matchIn": 29, "pattern":   141440, "baseWinCredits":   35                         },
		{"matchIn": 29, "pattern":   328000, "baseWinCredits":   35                         },
		{"matchIn": 29, "pattern":  4211716, "baseWinCredits":   35                         },
		{"matchIn": 29, "pattern": 17825809, "baseWinCredits":   35                         },
		{"matchIn": 29, "pattern":   131520, "baseWinCredits":   35                         },
		{"matchIn": 29, "pattern":    10564, "baseWinCredits":   35                         },
		{"matchIn": 29, "pattern":  4532224, "baseWinCredits":   35                         },
		{"matchIn": 30, "pattern":       99, "baseWinCredits":   35                         },
		{"matchIn": 30, "pattern":      792, "baseWinCredits":   35                         },
		{"matchIn": 30, "pattern":  3244032, "baseWinCredits":   35                         },
		{"matchIn": 30, "pattern": 25952256, "baseWinCredits":   35                         },
		{"matchIn": 30, "pattern":     1063, "baseWinCredits":   35                         },
		{"matchIn": 30, "pattern":    16924, "baseWinCredits":   35                         },
		{"matchIn": 30, "pattern":  7373824, "baseWinCredits":   35                         },
		{"matchIn": 30, "pattern": 29900800, "baseWinCredits":   35                         },
		{"matchIn": 30, "pattern":  4328448, "baseWinCredits":   35                         },
		{"matchIn": 30, "pattern":  4349952, "baseWinCredits":   35                         },
		{"matchIn": 30, "pattern":     3204, "baseWinCredits":   35                         },
		{"matchIn": 30, "pattern":    24708, "baseWinCredits":   35                         },
		{"matchIn": 30, "pattern":  1115201, "baseWinCredits":   35                         },
		{"matchIn": 30, "pattern": 17056016, "baseWinCredits":   35                         },
		{"matchIn": 30, "pattern":      341, "baseWinCredits":   35                         },
		{"matchIn": 30, "pattern": 22347776, "baseWinCredits":   35                         },
		{"matchIn": 30, "pattern": 17039425, "baseWinCredits":   35                         },
		{"matchIn": 30, "pattern":  1114384, "baseWinCredits":   35                         },
		{"matchIn": 30, "pattern":   141440, "baseWinCredits":   35                         },
		{"matchIn": 30, "pattern":   328000, "baseWinCredits":   35                         },
		{"matchIn": 30, "pattern":  4211716, "baseWinCredits":   35                         },
		{"matchIn": 30, "pattern": 17825809, "baseWinCredits":   35                         },
		{"matchIn": 30, "pattern":   131520, "baseWinCredits":   35                         },
		{"matchIn": 30, "pattern":    10564, "baseWinCredits":   35                         },
		{"matchIn": 30, "pattern":  4532224, "baseWinCredits":   35                         },
		{"matchIn": 31, "pattern":       99, "baseWinCredits":   35                         },
		{"matchIn": 31, "pattern":      792, "baseWinCredits":   35                         },
		{"matchIn": 31, "pattern":  3244032, "baseWinCredits":   30                         },
		{"matchIn": 31, "pattern": 25952256, "baseWinCredits":   30                         },
		{"matchIn": 31, "pattern":     1063, "baseWinCredits":   30                         },
		{"matchIn": 31, "pattern":    16924, "baseWinCredits":   30                         },
		{"matchIn": 31, "pattern":  7373824, "baseWinCredits":   30                         },
		{"matchIn": 31, "pattern": 29900800, "baseWinCredits":   30                         },
		{"matchIn": 31, "pattern":  4328448, "baseWinCredits":   30                         },
		{"matchIn": 31, "pattern":  4349952, "baseWinCredits":   30                         },
		{"matchIn": 31, "pattern":     3204, "baseWinCredits":   30                         },
		{"matchIn": 31, "pattern":    24708, "baseWinCredits":   30                         },
		{"matchIn": 31, "pattern":  1115201, "baseWinCredits":   30                         },
		{"matchIn": 31, "pattern": 17056016, "baseWinCredits":   30                         },
		{"matchIn": 31, "pattern":      341, "baseWinCredits":   30                         },
		{"matchIn": 31, "pattern": 22347776, "baseWinCredits":   30                         },
		{"matchIn": 31, "pattern": 17039425, "baseWinCredits":   30                         },
		{"matchIn": 31, "pattern":  1114384, "baseWinCredits":   30                         },
		{"matchIn": 31, "pattern":   141440, "baseWinCredits":   30                         },
		{"matchIn": 31, "pattern":   328000, "baseWinCredits":   30                         },
		{"matchIn": 31, "pattern":  4211716, "baseWinCredits":   30                         },
		{"matchIn": 31, "pattern": 17825809, "baseWinCredits":   30                         },
		{"matchIn": 31, "pattern":   131520, "baseWinCredits":   30                         },
		{"matchIn": 31, "pattern":    10564, "baseWinCredits":   30                         },
		{"matchIn": 31, "pattern":  4532224, "baseWinCredits":   30                         },
		{"matchIn": 32, "pattern":       99, "baseWinCredits":   30                         },
		{"matchIn": 32, "pattern":      792, "baseWinCredits":   30                         },
		{"matchIn": 32, "pattern":  3244032, "baseWinCredits":   30                         },
		{"matchIn": 32, "pattern": 25952256, "baseWinCredits":   30                         },
		{"matchIn": 32, "pattern":     1063, "baseWinCredits":   30                         },
		{"matchIn": 32, "pattern":    16924, "baseWinCredits":   30                         },
		{"matchIn": 32, "pattern":  7373824, "baseWinCredits":   30                         },
		{"matchIn": 32, "pattern": 29900800, "baseWinCredits":   30                         },
		{"matchIn": 32, "pattern":  4328448, "baseWinCredits":   30                         },
		{"matchIn": 32, "pattern":  4349952, "baseWinCredits":   30                         },
		{"matchIn": 32, "pattern":     3204, "baseWinCredits":   30                         },
		{"matchIn": 32, "pattern":    24708, "baseWinCredits":   30                         },
		{"matchIn": 32, "pattern":  1115201, "baseWinCredits":   30                         },
		{"matchIn": 32, "pattern": 17056016, "baseWinCredits":   30                         },
		{"matchIn": 32, "pattern":      341, "baseWinCredits":   30                         },
		{"matchIn": 32, "pattern": 22347776, "baseWinCredits":   30                         },
		{"matchIn": 32, "pattern": 17039425, "baseWinCredits":   30                         },
		{"matchIn": 32, "pattern":  1114384, "baseWinCredits":   30                         },
		{"matchIn": 32, "pattern":   141440, "baseWinCredits":   30                         },
		{"matchIn": 32, "pattern":   328000, "baseWinCredits":   30                         },
		{"matchIn": 32, "pattern":  4211716, "baseWinCredits":   30                         },
		{"matchIn": 32, "pattern": 17825809, "baseWinCredits":   30                         },
		{"matchIn": 32, "pattern":   131520, "baseWinCredits":   30                         },
		{"matchIn": 32, "pattern":    10564, "baseWinCredits":   30                         },
		{"matchIn": 32, "pattern":  4532224, "baseWinCredits":   30                         },
		{"matchIn": 33, "pattern":       99, "baseWinCredits":   25                         },
		{"matchIn": 33, "pattern":      792, "baseWinCredits":   20                         },
		{"matchIn": 33, "pattern":  3244032, "baseWinCredits":   20                         },
		{"matchIn": 33, "pattern": 25952256, "baseWinCredits":   20                         },
		{"matchIn": 33, "pattern":     1063, "baseWinCredits":   20                         },
		{"matchIn": 33, "pattern":    16924, "baseWinCredits":   20                         },
		{"matchIn": 33, "pattern":  7373824, "baseWinCredits":   20                         },
		{"matchIn": 33, "pattern": 29900800, "baseWinCredits":   20                         },
		{"matchIn": 33, "pattern":  4328448, "baseWinCredits":   20                         },
		{"matchIn": 33, "pattern":  4349952, "baseWinCredits":   20                         },
		{"matchIn": 33, "pattern":     3204, "baseWinCredits":   20                         },
		{"matchIn": 33, "pattern":    24708, "baseWinCredits":   20                         },
		{"matchIn": 33, "pattern":  1115201, "baseWinCredits":   20                         },
		{"matchIn": 33, "pattern": 17056016, "baseWinCredits":   20                         },
		{"matchIn": 33, "pattern":      341, "baseWinCredits":   20                         },
		{"matchIn": 33, "pattern": 22347776, "baseWinCredits":   20                         },
		{"matchIn": 33, "pattern": 17039425, "baseWinCredits":   20                         },
		{"matchIn": 33, "pattern":  1114384, "baseWinCredits":   20                         },
		{"matchIn": 33, "pattern":   141440, "baseWinCredits":   20                         },
		{"matchIn": 33, "pattern":   328000, "baseWinCredits":   20                         },
		{"matchIn": 33, "pattern":  4211716, "baseWinCredits":   20                         },
		{"matchIn": 33, "pattern": 17825809, "baseWinCredits":   20                         },
		{"matchIn": 33, "pattern":   131520, "baseWinCredits":   20                         },
		{"matchIn": 33, "pattern":    10564, "baseWinCredits":   20                         },
		{"matchIn": 33, "pattern":  4532224, "baseWinCredits":   20                         },
		{"matchIn": 34, "pattern":       99, "baseWinCredits":   20                         },
		{"matchIn": 34, "pattern":      792, "baseWinCredits":   20                         },
		{"matchIn": 34, "pattern":  3244032, "baseWinCredits":   20                         },
		{"matchIn": 34, "pattern": 25952256, "baseWinCredits":   20                         },
		{"matchIn": 34, "pattern":     1063, "baseWinCredits":   20                         },
		{"matchIn": 34, "pattern":    16924, "baseWinCredits":   20                         },
		{"matchIn": 34, "pattern":  7373824, "baseWinCredits":   20                         },
		{"matchIn": 34, "pattern": 29900800, "baseWinCredits":   20                         },
		{"matchIn": 34, "pattern":  4328448, "baseWinCredits":   20                         },
		{"matchIn": 34, "pattern":  4349952, "baseWinCredits":   20                         },
		{"matchIn": 34, "pattern":     3204, "baseWinCredits":   20                         },
		{"matchIn": 34, "pattern":    24708, "baseWinCredits":   15                         },
		{"matchIn": 34, "pattern":  1115201, "baseWinCredits":   15                         },
		{"matchIn": 34, "pattern": 17056016, "baseWinCredits":   15                         },
		{"matchIn": 34, "pattern":      341, "baseWinCredits":   15                         },
		{"matchIn": 34, "pattern": 22347776, "baseWinCredits":   15                         },
		{"matchIn": 34, "pattern": 17039425, "baseWinCredits":   15                         },
		{"matchIn": 34, "pattern":  1114384, "baseWinCredits":   15                         },
		{"matchIn": 34, "pattern":   141440, "baseWinCredits":   15                         },
		{"matchIn": 34, "pattern":   328000, "baseWinCredits":   15                         },
		{"matchIn": 34, "pattern":  4211716, "baseWinCredits":   15                         },
		{"matchIn": 34, "pattern": 17825809, "baseWinCredits":   15                         },
		{"matchIn": 34, "pattern":   131520, "baseWinCredits":   15                         },
		{"matchIn": 34, "pattern":    10564, "baseWinCredits":   15                         },
		{"matchIn": 34, "pattern":  4532224, "baseWinCredits":   15                         },
		{"matchIn": 35, "pattern":       99, "baseWinCredits":   15                         },
		{"matchIn": 35, "pattern":      792, "baseWinCredits":   10                         },
		{"matchIn": 35, "pattern":  3244032, "baseWinCredits":   10                         },
		{"matchIn": 35, "pattern": 25952256, "baseWinCredits":   10                         },
		{"matchIn": 35, "pattern":     1063, "baseWinCredits":   10                         },
		{"matchIn": 35, "pattern":    16924, "baseWinCredits":   10                         },
		{"matchIn": 35, "pattern":  7373824, "baseWinCredits":   10                         },
		{"matchIn": 35, "pattern": 29900800, "baseWinCredits":   10                         },
		{"matchIn": 35, "pattern":  4328448, "baseWinCredits":   10                         },
		{"matchIn": 35, "pattern":  4349952, "baseWinCredits":   10                         },
		{"matchIn": 35, "pattern":     3204, "baseWinCredits":   10                         },
		{"matchIn": 35, "pattern":    24708, "baseWinCredits":   10                         },
		{"matchIn": 35, "pattern":  1115201, "baseWinCredits":   10                         },
		{"matchIn": 35, "pattern": 17056016, "baseWinCredits":   10                         },
		{"matchIn": 35, "pattern":      341, "baseWinCredits":   10                         },
		{"matchIn": 35, "pattern": 22347776, "baseWinCredits":   10                         },
		{"matchIn": 35, "pattern": 17039425, "baseWinCredits":   10                         },
		{"matchIn": 35, "pattern":  1114384, "baseWinCredits":   10                         },
		{"matchIn": 35, "pattern":   141440, "baseWinCredits":   10                         },
		{"matchIn": 35, "pattern":   328000, "baseWinCredits":   10                         },
		{"matchIn": 35, "pattern":  4211716, "baseWinCredits":   10                         },
		{"matchIn": 35, "pattern": 17825809, "baseWinCredits":   10                         },
		{"matchIn": 35, "pattern":   131520, "baseWinCredits":    5                         },
		{"matchIn": 35, "pattern":    10564, "baseWinCredits":    5                         }
	]
}
