{
	"configuration": {
		"tableType": "Bingo",
		"formatVersion": "1.2",
		"name": "20LineM",
		"tableName": "main",
		"lines": 20,
		"percentage": 96,
		"baseBet": 0,
		"betLevelGroups": {
			"1" : [1, 2, 3, 4, 5, 6, 7, 8, 9],
			"2" : [1, 2, 3, 4, 5, 6, 7, 8, 9],
			"5" : [1, 2, 3, 4, 5, 6, 7, 8, 9],
			"10": [1, 2, 3, 4, 5, 6, 7, 8, 9],
			"25": [1, 2, 3, 4, 5, 6, 7, 8, 9]
		},
		"entries": 723,
		"progressiveBases": {
			"1": {"valueCredits": 150000}
		},
		"version": 1
	},
	"entries": [
		{"matchIn":  4, "pattern":       99, "baseWinCredits": 1002                         },
		{"matchIn":  4, "pattern":      792, "baseWinCredits": 5615                         },
		{"matchIn":  4, "pattern":  3244032, "baseWinCredits": 5387                         },
		{"matchIn":  4, "pattern": 25952256, "baseWinCredits": 5306                         },
		{"matchIn":  4, "pattern":  4328448, "baseWinCredits": 5166                         },
		{"matchIn":  4, "pattern":  4349952, "baseWinCredits": 5026                         },
		{"matchIn":  4, "pattern":     3204, "baseWinCredits":  800, "bonusGamesAwarded": 60},
		{"matchIn":  4, "pattern":    24708, "baseWinCredits":  800, "bonusGamesAwarded": 60},
		{"matchIn":  4, "pattern": 17039425, "baseWinCredits":  800, "bonusGamesAwarded": 60},
		{"matchIn":  4, "pattern":  1114384, "baseWinCredits":  800, "bonusGamesAwarded": 60},
		{"matchIn":  4, "pattern":   141440, "baseWinCredits":  800, "bonusGamesAwarded": 60},
		{"matchIn":  4, "pattern":   328000, "baseWinCredits":  800, "bonusGamesAwarded": 60},
		{"matchIn":  4, "pattern":  4211716, "baseWinCredits":  800, "bonusGamesAwarded": 60},
		{"matchIn":  4, "pattern": 17825809, "baseWinCredits":  800, "bonusGamesAwarded": 60},
		{"matchIn":  4, "pattern":   131520, "baseWinCredits":  800, "bonusGamesAwarded": 60},
		{"matchIn":  5, "pattern":       99, "baseWinCredits":  800, "bonusGamesAwarded": 60},
		{"matchIn":  5, "pattern":      792, "baseWinCredits":  800, "bonusGamesAwarded": 60},
		{"matchIn":  5, "pattern":  3244032, "baseWinCredits":  800, "bonusGamesAwarded": 60},
		{"matchIn":  5, "pattern": 25952256, "baseWinCredits":  800, "bonusGamesAwarded": 60},
		{"matchIn":  5, "pattern":     1063, "baseWinCredits":  800, "bonusGamesAwarded": 60},
		{"matchIn":  5, "pattern":    16924, "baseWinCredits":  800, "bonusGamesAwarded": 60},
		{"matchIn":  5, "pattern":  7373824, "baseWinCredits":  800, "bonusGamesAwarded": 60},
		{"matchIn":  5, "pattern": 29900800, "baseWinCredits":  800, "bonusGamesAwarded": 60},
		{"matchIn":  5, "pattern":  4328448, "baseWinCredits":  800, "bonusGamesAwarded": 60},
		{"matchIn":  5, "pattern":  4349952, "baseWinCredits":  800, "bonusGamesAwarded": 60},
		{"matchIn":  5, "pattern":     3204, "baseWinCredits":  800, "bonusGamesAwarded": 60},
		{"matchIn":  5, "pattern":    24708, "baseWinCredits":  800, "bonusGamesAwarded": 60},
		{"matchIn":  5, "pattern":  1115201, "baseWinCredits":  800, "bonusGamesAwarded": 60},
		{"matchIn":  5, "pattern": 17056016, "baseWinCredits":  800, "bonusGamesAwarded": 60},
		{"matchIn":  5, "pattern":      341, "baseWinCredits":  800, "bonusGamesAwarded": 60},
		{"matchIn":  5, "pattern": 22347776, "baseWinCredits":  800, "bonusGamesAwarded": 60},
		{"matchIn":  5, "pattern": 17039425, "baseWinCredits":  800, "bonusGamesAwarded": 60},
		{"matchIn":  5, "pattern":  1114384, "baseWinCredits":  800, "bonusGamesAwarded": 60},
		{"matchIn":  5, "pattern":   141440, "baseWinCredits":  800, "bonusGamesAwarded": 60},
		{"matchIn":  5, "pattern":   328000, "baseWinCredits":  800, "bonusGamesAwarded": 60},
		{"matchIn":  5, "pattern":  4211716, "baseWinCredits":  800, "bonusGamesAwarded": 60},
		{"matchIn":  5, "pattern": 17825809, "baseWinCredits":  800, "bonusGamesAwarded": 60},
		{"matchIn":  5, "pattern":   131520, "baseWinCredits":  800, "bonusGamesAwarded": 60},
		{"matchIn":  5, "pattern":    10564, "baseWinCredits":  800, "bonusGamesAwarded": 60},
		{"matchIn":  5, "pattern":  4532224, "baseWinCredits":  800, "bonusGamesAwarded": 60},
		{"matchIn":  6, "pattern":       99, "baseWinCredits":  800, "bonusGamesAwarded": 60},
		{"matchIn":  6, "pattern":      792, "baseWinCredits":  800, "bonusGamesAwarded": 60},
		{"matchIn":  6, "pattern":  3244032, "baseWinCredits":  800, "bonusGamesAwarded": 60},
		{"matchIn":  6, "pattern": 25952256, "baseWinCredits":  800, "bonusGamesAwarded": 60},
		{"matchIn":  6, "pattern":     1063, "baseWinCredits":  800, "bonusGamesAwarded": 60},
		{"matchIn":  6, "pattern":    16924, "baseWinCredits":  800, "bonusGamesAwarded": 60},
		{"matchIn":  6, "pattern":  7373824, "baseWinCredits":  800, "bonusGamesAwarded": 60},
		{"matchIn":  6, "pattern": 29900800, "baseWinCredits":  800, "bonusGamesAwarded": 60},
		{"matchIn":  6, "pattern":  4328448, "baseWinCredits": 2182                         },
		{"matchIn":  6, "pattern":  4349952, "baseWinCredits":  400, "bonusGamesAwarded": 20},
		{"matchIn":  6, "pattern":     3204, "baseWinCredits":  400, "bonusGamesAwarded": 20},
		{"matchIn":  6, "pattern":    24708, "baseWinCredits":  400, "bonusGamesAwarded": 20},
		{"matchIn":  6, "pattern":  1115201, "baseWinCredits":  400, "bonusGamesAwarded": 20},
		{"matchIn":  6, "pattern": 17056016, "baseWinCredits":  400, "bonusGamesAwarded": 20},
		{"matchIn":  6, "pattern":      341, "baseWinCredits":  400, "bonusGamesAwarded": 20},
		{"matchIn":  6, "pattern": 22347776, "baseWinCredits":  400, "bonusGamesAwarded": 20},
		{"matchIn":  6, "pattern": 17039425, "baseWinCredits":  400, "bonusGamesAwarded": 20},
		{"matchIn":  6, "pattern":  1114384, "baseWinCredits":  400, "bonusGamesAwarded": 20},
		{"matchIn":  6, "pattern":   141440, "baseWinCredits":  400, "bonusGamesAwarded": 20},
		{"matchIn":  6, "pattern":   328000, "baseWinCredits":  400, "bonusGamesAwarded": 20},
		{"matchIn":  6, "pattern":  4211716, "baseWinCredits":  400, "bonusGamesAwarded": 20},
		{"matchIn":  6, "pattern": 17825809, "baseWinCredits":  400, "bonusGamesAwarded": 20},
		{"matchIn":  6, "pattern":   131520, "baseWinCredits":  400, "bonusGamesAwarded": 20},
		{"matchIn":  6, "pattern":    10564, "baseWinCredits":  400, "bonusGamesAwarded": 20},
		{"matchIn":  6, "pattern":  4532224, "baseWinCredits":  400, "bonusGamesAwarded": 20},
		{"matchIn":  7, "pattern":       99, "baseWinCredits":  400, "bonusGamesAwarded": 20},
		{"matchIn":  7, "pattern":      792, "baseWinCredits":  400, "bonusGamesAwarded": 20},
		{"matchIn":  7, "pattern":  3244032, "baseWinCredits":  400, "bonusGamesAwarded": 20},
		{"matchIn":  7, "pattern": 25952256, "baseWinCredits":  400, "bonusGamesAwarded": 20},
		{"matchIn":  7, "pattern":     1063, "baseWinCredits":  400, "bonusGamesAwarded": 20},
		{"matchIn":  7, "pattern":    16924, "baseWinCredits":  400, "bonusGamesAwarded": 20},
		{"matchIn":  7, "pattern":  7373824, "baseWinCredits":  400, "bonusGamesAwarded": 20},
		{"matchIn":  7, "pattern": 29900800, "baseWinCredits":  400, "bonusGamesAwarded": 20},
		{"matchIn":  7, "pattern":  4328448, "baseWinCredits":  400, "bonusGamesAwarded": 20},
		{"matchIn":  7, "pattern":  4349952, "baseWinCredits":  400, "bonusGamesAwarded": 20},
		{"matchIn":  7, "pattern":     3204, "baseWinCredits":  400, "bonusGamesAwarded": 20},
		{"matchIn":  7, "pattern":    24708, "baseWinCredits":  400, "bonusGamesAwarded": 20},
		{"matchIn":  7, "pattern":  1115201, "baseWinCredits":  400, "bonusGamesAwarded": 20},
		{"matchIn":  7, "pattern": 17056016, "baseWinCredits":  400, "bonusGamesAwarded": 20},
		{"matchIn":  7, "pattern":      341, "baseWinCredits":  400, "bonusGamesAwarded": 20},
		{"matchIn":  7, "pattern": 22347776, "baseWinCredits":  400, "bonusGamesAwarded": 20},
		{"matchIn":  7, "pattern": 17039425, "baseWinCredits":  400, "bonusGamesAwarded": 20},
		{"matchIn":  7, "pattern":  1114384, "baseWinCredits":  400, "bonusGamesAwarded": 20},
		{"matchIn":  7, "pattern":   141440, "baseWinCredits":  400, "bonusGamesAwarded": 20},
		{"matchIn":  7, "pattern":   328000, "baseWinCredits":  400, "bonusGamesAwarded": 20},
		{"matchIn":  7, "pattern":  4211716, "baseWinCredits":  400, "bonusGamesAwarded": 20},
		{"matchIn":  7, "pattern": 17825809, "baseWinCredits":  400, "bonusGamesAwarded": 20},
		{"matchIn":  7, "pattern":   131520, "baseWinCredits":  400, "bonusGamesAwarded": 20},
		{"matchIn":  7, "pattern":    10564, "baseWinCredits":  400, "bonusGamesAwarded": 20},
		{"matchIn":  7, "pattern":  4532224, "baseWinCredits":  400, "bonusGamesAwarded": 20},
		{"matchIn":  8, "pattern":       99, "baseWinCredits":  400, "bonusGamesAwarded": 20},
		{"matchIn":  8, "pattern":      792, "baseWinCredits":  400, "bonusGamesAwarded": 20},
		{"matchIn":  8, "pattern":  3244032, "baseWinCredits":  400, "bonusGamesAwarded": 20},
		{"matchIn":  8, "pattern": 25952256, "baseWinCredits":  400, "bonusGamesAwarded": 20},
		{"matchIn":  8, "pattern":     1063, "baseWinCredits":  400, "bonusGamesAwarded": 20},
		{"matchIn":  8, "pattern":    16924, "baseWinCredits":  400, "bonusGamesAwarded": 20},
		{"matchIn":  8, "pattern":  7373824, "baseWinCredits":  400, "bonusGamesAwarded": 20},
		{"matchIn":  8, "pattern": 29900800, "baseWinCredits":  400, "bonusGamesAwarded": 20},
		{"matchIn":  8, "pattern":  4328448, "baseWinCredits":  400, "bonusGamesAwarded": 20},
		{"matchIn":  8, "pattern":  4349952, "baseWinCredits":  400, "bonusGamesAwarded": 20},
		{"matchIn":  8, "pattern":     3204, "baseWinCredits": 1156                         },
		{"matchIn":  8, "pattern":    24708, "baseWinCredits": 1072                         },
		{"matchIn":  8, "pattern":  1115201, "baseWinCredits": 1069                         },
		{"matchIn":  8, "pattern": 17056016, "baseWinCredits": 1065                         },
		{"matchIn":  8, "pattern":      341, "baseWinCredits": 1062                         },
		{"matchIn":  8, "pattern": 22347776, "baseWinCredits": 1060                         },
		{"matchIn":  8, "pattern": 17039425, "baseWinCredits": 1052                         },
		{"matchIn":  8, "pattern":  1114384, "baseWinCredits": 1026                         },
		{"matchIn":  8, "pattern":   141440, "baseWinCredits": 1012                         },
		{"matchIn":  8, "pattern":   328000, "baseWinCredits": 1006                         },
		{"matchIn":  8, "pattern":  4211716, "baseWinCredits": 1002                         },
		{"matchIn":  8, "pattern": 17825809, "baseWinCredits":  902                         },
		{"matchIn":  8, "pattern":   131520, "baseWinCredits":  752                         },
		{"matchIn":  8, "pattern":    10564, "baseWinCredits":  750                         },
		{"matchIn":  8, "pattern":  4532224, "baseWinCredits":  740                         },
		{"matchIn":  9, "pattern":       99, "baseWinCredits":   40, "bonusGamesAwarded": 10},
		{"matchIn":  9, "pattern":      792, "baseWinCredits":   40, "bonusGamesAwarded": 10},
		{"matchIn":  9, "pattern":  3244032, "baseWinCredits":   40, "bonusGamesAwarded": 10},
		{"matchIn":  9, "pattern": 25952256, "baseWinCredits":   40, "bonusGamesAwarded": 10},
		{"matchIn":  9, "pattern":     1063, "baseWinCredits":   40, "bonusGamesAwarded": 10},
		{"matchIn":  9, "pattern":    16924, "baseWinCredits":   40, "bonusGamesAwarded": 10},
		{"matchIn":  9, "pattern":  7373824, "baseWinCredits":   40, "bonusGamesAwarded": 10},
		{"matchIn":  9, "pattern": 29900800, "baseWinCredits":   40, "bonusGamesAwarded": 10},
		{"matchIn":  9, "pattern":  4328448, "baseWinCredits":   40, "bonusGamesAwarded": 10},
		{"matchIn":  9, "pattern":  4349952, "baseWinCredits":   40, "bonusGamesAwarded": 10},
		{"matchIn":  9, "pattern":     3204, "baseWinCredits":   40, "bonusGamesAwarded": 10},
		{"matchIn":  9, "pattern":    24708, "baseWinCredits":   40, "bonusGamesAwarded": 10},
		{"matchIn":  9, "pattern":  1115201, "baseWinCredits":   40, "bonusGamesAwarded": 10},
		{"matchIn":  9, "pattern": 17056016, "baseWinCredits":   40, "bonusGamesAwarded": 10},
		{"matchIn":  9, "pattern":      341, "baseWinCredits":   40, "bonusGamesAwarded": 10},
		{"matchIn":  9, "pattern": 22347776, "baseWinCredits":   40, "bonusGamesAwarded": 10},
		{"matchIn":  9, "pattern": 17039425, "baseWinCredits":   40, "bonusGamesAwarded": 10},
		{"matchIn":  9, "pattern":  1114384, "baseWinCredits":   40, "bonusGamesAwarded": 10},
		{"matchIn":  9, "pattern":   141440, "baseWinCredits":   40, "bonusGamesAwarded": 10},
		{"matchIn":  9, "pattern":   328000, "baseWinCredits":   40, "bonusGamesAwarded": 10},
		{"matchIn":  9, "pattern":  4211716, "baseWinCredits":   40, "bonusGamesAwarded": 10},
		{"matchIn":  9, "pattern": 17825809, "baseWinCredits":   40, "bonusGamesAwarded": 10},
		{"matchIn":  9, "pattern":   131520, "baseWinCredits":   40, "bonusGamesAwarded": 10},
		{"matchIn":  9, "pattern":    10564, "baseWinCredits":   40, "bonusGamesAwarded": 10},
		{"matchIn":  9, "pattern":  4532224, "baseWinCredits":   40, "bonusGamesAwarded": 10},
		{"matchIn": 10, "pattern":       99, "baseWinCredits":   40, "bonusGamesAwarded": 10},
		{"matchIn": 10, "pattern":      792, "baseWinCredits":   40, "bonusGamesAwarded": 10},
		{"matchIn": 10, "pattern":  3244032, "baseWinCredits":   40, "bonusGamesAwarded": 10},
		{"matchIn": 10, "pattern": 25952256, "baseWinCredits":   40, "bonusGamesAwarded": 10},
		{"matchIn": 10, "pattern":     1063, "baseWinCredits":   40, "bonusGamesAwarded": 10},
		{"matchIn": 10, "pattern":    16924, "baseWinCredits":   40, "bonusGamesAwarded": 10},
		{"matchIn": 10, "pattern":  7373824, "baseWinCredits":   40, "bonusGamesAwarded": 10},
		{"matchIn": 10, "pattern": 29900800, "baseWinCredits":   40, "bonusGamesAwarded": 10},
		{"matchIn": 10, "pattern":  4328448, "baseWinCredits":   40, "bonusGamesAwarded": 10},
		{"matchIn": 10, "pattern":  4349952, "baseWinCredits":   40, "bonusGamesAwarded": 10},
		{"matchIn": 10, "pattern":     3204, "baseWinCredits":   40, "bonusGamesAwarded": 10},
		{"matchIn": 10, "pattern":    24708, "baseWinCredits":   40, "bonusGamesAwarded": 10},
		{"matchIn": 10, "pattern":  1115201, "baseWinCredits":   40, "bonusGamesAwarded": 10},
		{"matchIn": 10, "pattern": 17056016, "baseWinCredits":   40, "bonusGamesAwarded": 10},
		{"matchIn": 10, "pattern":      341, "baseWinCredits":   40, "bonusGamesAwarded": 10},
		{"matchIn": 10, "pattern": 22347776, "baseWinCredits":   40, "bonusGamesAwarded": 10},
		{"matchIn": 10, "pattern": 17039425, "baseWinCredits":   40, "bonusGamesAwarded": 10},
		{"matchIn": 10, "pattern":  1114384, "baseWinCredits":   40, "bonusGamesAwarded": 10},
		{"matchIn": 10, "pattern":   141440, "baseWinCredits":   40, "bonusGamesAwarded": 10},
		{"matchIn": 10, "pattern":   328000, "baseWinCredits":   40, "bonusGamesAwarded": 10},
		{"matchIn": 10, "pattern":  4211716, "baseWinCredits":   40, "bonusGamesAwarded": 10},
		{"matchIn": 10, "pattern": 17825809, "baseWinCredits":   40, "bonusGamesAwarded": 10},
		{"matchIn": 10, "pattern":   131520, "baseWinCredits":   40, "bonusGamesAwarded": 10},
		{"matchIn": 10, "pattern":    10564, "baseWinCredits":   40, "bonusGamesAwarded": 10},
		{"matchIn": 10, "pattern":  4532224, "baseWinCredits":   40, "bonusGamesAwarded": 10},
		{"matchIn": 11, "pattern":       99, "baseWinCredits":   40, "bonusGamesAwarded": 10},
		{"matchIn": 11, "pattern":      792, "baseWinCredits":   40, "bonusGamesAwarded": 10},
		{"matchIn": 11, "pattern":  3244032, "baseWinCredits":   40, "bonusGamesAwarded": 10},
		{"matchIn": 11, "pattern": 25952256, "baseWinCredits":   40, "bonusGamesAwarded": 10},
		{"matchIn": 11, "pattern":     1063, "baseWinCredits":   40, "bonusGamesAwarded": 10},
		{"matchIn": 11, "pattern":    16924, "baseWinCredits":   40, "bonusGamesAwarded": 10},
		{"matchIn": 11, "pattern":  7373824, "baseWinCredits":   40, "bonusGamesAwarded": 10},
		{"matchIn": 11, "pattern": 29900800, "baseWinCredits":   40, "bonusGamesAwarded": 10},
		{"matchIn": 11, "pattern":  4328448, "baseWinCredits":   40, "bonusGamesAwarded": 10},
		{"matchIn": 11, "pattern":  4349952, "baseWinCredits":   40, "bonusGamesAwarded": 10},
		{"matchIn": 11, "pattern":     3204, "baseWinCredits":   40, "bonusGamesAwarded": 10},
		{"matchIn": 11, "pattern":    24708, "baseWinCredits":   40, "bonusGamesAwarded": 10},
		{"matchIn": 11, "pattern":  1115201, "baseWinCredits":   40, "bonusGamesAwarded": 10},
		{"matchIn": 11, "pattern": 17056016, "baseWinCredits":   40, "bonusGamesAwarded": 10},
		{"matchIn": 11, "pattern":      341, "baseWinCredits":   40, "bonusGamesAwarded": 10},
		{"matchIn": 11, "pattern": 22347776, "baseWinCredits":   40, "bonusGamesAwarded": 10},
		{"matchIn": 11, "pattern": 17039425, "baseWinCredits":   40, "bonusGamesAwarded": 10},
		{"matchIn": 11, "pattern":  1114384, "baseWinCredits":   40, "bonusGamesAwarded": 10},
		{"matchIn": 11, "pattern":   141440, "baseWinCredits":   40, "bonusGamesAwarded": 10},
		{"matchIn": 11, "pattern":   328000, "baseWinCredits":   40, "bonusGamesAwarded": 10},
		{"matchIn": 11, "pattern":  4211716, "baseWinCredits":   40, "bonusGamesAwarded": 10},
		{"matchIn": 11, "pattern": 17825809, "baseWinCredits":  614                         },
		{"matchIn": 11, "pattern":   131520, "baseWinCredits":  552                         },
		{"matchIn": 11, "pattern":    10564, "baseWinCredits":  549                         },
		{"matchIn": 11, "pattern":  4532224, "baseWinCredits":  539                         },
		{"matchIn": 12, "pattern":       99, "baseWinCredits":  455                         },
		{"matchIn": 12, "pattern":      792, "baseWinCredits":  406                         },
		{"matchIn": 12, "pattern":  3244032, "baseWinCredits":  379                         },
		{"matchIn": 12, "pattern": 25952256, "baseWinCredits":  361                         },
		{"matchIn": 12, "pattern":     1063, "baseWinCredits":  360                         },
		{"matchIn": 12, "pattern":    16924, "baseWinCredits":  357                         },
		{"matchIn": 12, "pattern":  7373824, "baseWinCredits":  356                         },
		{"matchIn": 12, "pattern": 29900800, "baseWinCredits":  355                         },
		{"matchIn": 12, "pattern":  4328448, "baseWinCredits":  342                         },
		{"matchIn": 12, "pattern":  4349952, "baseWinCredits":  330                         },
		{"matchIn": 12, "pattern":     3204, "baseWinCredits":  324                         },
		{"matchIn": 12, "pattern":    24708, "baseWinCredits":  320                         },
		{"matchIn": 12, "pattern":  1115201, "baseWinCredits":  320                         },
		{"matchIn": 12, "pattern": 17056016, "baseWinCredits":  317                         },
		{"matchIn": 12, "pattern":      341, "baseWinCredits":  315                         },
		{"matchIn": 12, "pattern": 22347776, "baseWinCredits":  315                         },
		{"matchIn": 12, "pattern": 17039425, "baseWinCredits":  309                         },
		{"matchIn": 12, "pattern":  1114384, "baseWinCredits":    0, "bonusGamesAwarded":  5},
		{"matchIn": 12, "pattern":   141440, "baseWinCredits":    0, "bonusGamesAwarded":  5},
		{"matchIn": 12, "pattern":   328000, "baseWinCredits":    0, "bonusGamesAwarded":  5},
		{"matchIn": 12, "pattern":  4211716, "baseWinCredits":    0, "bonusGamesAwarded":  5},
		{"matchIn": 12, "pattern": 17825809, "baseWinCredits":    0, "bonusGamesAwarded":  5},
		{"matchIn": 12, "pattern":   131520, "baseWinCredits":    0, "bonusGamesAwarded":  5},
		{"matchIn": 12, "pattern":    10564, "baseWinCredits":    0, "bonusGamesAwarded":  5},
		{"matchIn": 12, "pattern":  4532224, "baseWinCredits":    0, "bonusGamesAwarded":  5},
		{"matchIn": 13, "pattern":       99, "baseWinCredits":    0, "bonusGamesAwarded":  5},
		{"matchIn": 13, "pattern":      792, "baseWinCredits":    0, "bonusGamesAwarded":  5},
		{"matchIn": 13, "pattern":  3244032, "baseWinCredits":    0, "bonusGamesAwarded":  5},
		{"matchIn": 13, "pattern": 25952256, "baseWinCredits":    0, "bonusGamesAwarded":  5},
		{"matchIn": 13, "pattern":     1063, "baseWinCredits":    0, "bonusGamesAwarded":  5},
		{"matchIn": 13, "pattern":    16924, "baseWinCredits":    0, "bonusGamesAwarded":  5},
		{"matchIn": 13, "pattern":  7373824, "baseWinCredits":    0, "bonusGamesAwarded":  5},
		{"matchIn": 13, "pattern": 29900800, "baseWinCredits":    0, "bonusGamesAwarded":  5},
		{"matchIn": 13, "pattern":  4328448, "baseWinCredits":    0, "bonusGamesAwarded":  5},
		{"matchIn": 13, "pattern":  4349952, "baseWinCredits":    0, "bonusGamesAwarded":  5},
		{"matchIn": 13, "pattern":     3204, "baseWinCredits":    0, "bonusGamesAwarded":  5},
		{"matchIn": 13, "pattern":    24708, "baseWinCredits":    0, "bonusGamesAwarded":  5},
		{"matchIn": 13, "pattern":  1115201, "baseWinCredits":    0, "bonusGamesAwarded":  5},
		{"matchIn": 13, "pattern": 17056016, "baseWinCredits":    0, "bonusGamesAwarded":  5},
		{"matchIn": 13, "pattern":      341, "baseWinCredits":    0, "bonusGamesAwarded":  5},
		{"matchIn": 13, "pattern": 22347776, "baseWinCredits":    0, "bonusGamesAwarded":  5},
		{"matchIn": 13, "pattern": 17039425, "baseWinCredits":    0, "bonusGamesAwarded":  5},
		{"matchIn": 13, "pattern":  1114384, "baseWinCredits":    0, "bonusGamesAwarded":  5},
		{"matchIn": 13, "pattern":   141440, "baseWinCredits":    0, "bonusGamesAwarded":  5},
		{"matchIn": 13, "pattern":   328000, "baseWinCredits":    0, "bonusGamesAwarded":  5},
		{"matchIn": 13, "pattern":  4211716, "baseWinCredits":    0, "bonusGamesAwarded":  5},
		{"matchIn": 13, "pattern": 17825809, "baseWinCredits":    0, "bonusGamesAwarded":  5},
		{"matchIn": 13, "pattern":   131520, "baseWinCredits":    0, "bonusGamesAwarded":  5},
		{"matchIn": 13, "pattern":    10564, "baseWinCredits":    0, "bonusGamesAwarded":  5},
		{"matchIn": 13, "pattern":  4532224, "baseWinCredits":    0, "bonusGamesAwarded":  5},
		{"matchIn": 14, "pattern":       99, "baseWinCredits":    0, "bonusGamesAwarded":  5},
		{"matchIn": 14, "pattern":      792, "baseWinCredits":    0, "bonusGamesAwarded":  5},
		{"matchIn": 14, "pattern":  3244032, "baseWinCredits":    0, "bonusGamesAwarded":  5},
		{"matchIn": 14, "pattern": 25952256, "baseWinCredits":    0, "bonusGamesAwarded":  5},
		{"matchIn": 14, "pattern":     1063, "baseWinCredits":    0, "bonusGamesAwarded":  5},
		{"matchIn": 14, "pattern":    16924, "baseWinCredits":    0, "bonusGamesAwarded":  5},
		{"matchIn": 14, "pattern":  7373824, "baseWinCredits":    0, "bonusGamesAwarded":  5},
		{"matchIn": 14, "pattern": 29900800, "baseWinCredits":    0, "bonusGamesAwarded":  5},
		{"matchIn": 14, "pattern":  4328448, "baseWinCredits":    0, "bonusGamesAwarded":  5},
		{"matchIn": 14, "pattern":  4349952, "baseWinCredits":    0, "bonusGamesAwarded":  5},
		{"matchIn": 14, "pattern":     3204, "baseWinCredits":    0, "bonusGamesAwarded":  5},
		{"matchIn": 14, "pattern":    24708, "baseWinCredits":    0, "bonusGamesAwarded":  5},
		{"matchIn": 14, "pattern":  1115201, "baseWinCredits":    0, "bonusGamesAwarded":  5},
		{"matchIn": 14, "pattern": 17056016, "baseWinCredits":    0, "bonusGamesAwarded":  5},
		{"matchIn": 14, "pattern":      341, "baseWinCredits":    0, "bonusGamesAwarded":  5},
		{"matchIn": 14, "pattern": 22347776, "baseWinCredits":    0, "bonusGamesAwarded":  5},
		{"matchIn": 14, "pattern": 17039425, "baseWinCredits":    0, "bonusGamesAwarded":  5},
		{"matchIn": 14, "pattern":  1114384, "baseWinCredits":    0, "bonusGamesAwarded":  5},
		{"matchIn": 14, "pattern":   141440, "baseWinCredits":    0, "bonusGamesAwarded":  5},
		{"matchIn": 14, "pattern":   328000, "baseWinCredits":    0, "bonusGamesAwarded":  5},
		{"matchIn": 14, "pattern":  4211716, "baseWinCredits":    0, "bonusGamesAwarded":  5},
		{"matchIn": 14, "pattern": 17825809, "baseWinCredits":    0, "bonusGamesAwarded":  5},
		{"matchIn": 14, "pattern":   131520, "baseWinCredits":    0, "bonusGamesAwarded":  5},
		{"matchIn": 14, "pattern":    10564, "baseWinCredits":    0, "bonusGamesAwarded":  5},
		{"matchIn": 14, "pattern":  4532224, "baseWinCredits":    0, "bonusGamesAwarded":  5},
		{"matchIn": 15, "pattern":       99, "baseWinCredits":    0, "bonusGamesAwarded":  5},
		{"matchIn": 15, "pattern":      792, "baseWinCredits":    0, "bonusGamesAwarded":  5},
		{"matchIn": 15, "pattern":  3244032, "baseWinCredits":    0, "bonusGamesAwarded":  5},
		{"matchIn": 15, "pattern": 25952256, "baseWinCredits":    0, "bonusGamesAwarded":  5},
		{"matchIn": 15, "pattern":     1063, "baseWinCredits":    0, "bonusGamesAwarded":  5},
		{"matchIn": 15, "pattern":    16924, "baseWinCredits":    0, "bonusGamesAwarded":  5},
		{"matchIn": 15, "pattern":  7373824, "baseWinCredits":    0, "bonusGamesAwarded":  5},
		{"matchIn": 15, "pattern": 29900800, "baseWinCredits":    0, "bonusGamesAwarded":  5},
		{"matchIn": 15, "pattern":  4328448, "baseWinCredits":    0, "bonusGamesAwarded":  5},
		{"matchIn": 15, "pattern":  4349952, "baseWinCredits":    0, "bonusGamesAwarded":  5},
		{"matchIn": 15, "pattern":     3204, "baseWinCredits":    0, "bonusGamesAwarded":  5},
		{"matchIn": 15, "pattern":    24708, "baseWinCredits":    0, "bonusGamesAwarded":  5},
		{"matchIn": 15, "pattern":  1115201, "baseWinCredits":    0, "bonusGamesAwarded":  5},
		{"matchIn": 15, "pattern": 17056016, "baseWinCredits":    0, "bonusGamesAwarded":  5},
		{"matchIn": 15, "pattern":      341, "baseWinCredits":    0, "bonusGamesAwarded":  5},
		{"matchIn": 15, "pattern": 22347776, "baseWinCredits":    0, "bonusGamesAwarded":  5},
		{"matchIn": 15, "pattern": 17039425, "baseWinCredits":    0, "bonusGamesAwarded":  5},
		{"matchIn": 15, "pattern":  1114384, "baseWinCredits":    0, "bonusGamesAwarded":  5},
		{"matchIn": 15, "pattern":   141440, "baseWinCredits":    0, "bonusGamesAwarded":  5},
		{"matchIn": 15, "pattern":   328000, "baseWinCredits":    0, "bonusGamesAwarded":  5},
		{"matchIn": 15, "pattern":  4211716, "baseWinCredits":    0, "bonusGamesAwarded":  5},
		{"matchIn": 15, "pattern": 17825809, "baseWinCredits":    0, "bonusGamesAwarded":  5},
		{"matchIn": 15, "pattern":   131520, "baseWinCredits":    0, "bonusGamesAwarded":  5},
		{"matchIn": 15, "pattern":    10564, "baseWinCredits":    0, "bonusGamesAwarded":  5},
		{"matchIn": 15, "pattern":  4532224, "baseWinCredits":    0, "bonusGamesAwarded":  5},
		{"matchIn": 16, "pattern":       99, "baseWinCredits":    0, "bonusGamesAwarded":  5},
		{"matchIn": 16, "pattern":      792, "baseWinCredits":    0, "bonusGamesAwarded":  5},
		{"matchIn": 16, "pattern":  3244032, "baseWinCredits":    0, "bonusGamesAwarded":  5},
		{"matchIn": 16, "pattern": 25952256, "baseWinCredits":    0, "bonusGamesAwarded":  5},
		{"matchIn": 16, "pattern":     1063, "baseWinCredits":    0, "bonusGamesAwarded":  5},
		{"matchIn": 16, "pattern":    16924, "baseWinCredits":    0, "bonusGamesAwarded":  5},
		{"matchIn": 16, "pattern":  7373824, "baseWinCredits":    0, "bonusGamesAwarded":  5},
		{"matchIn": 16, "pattern": 29900800, "baseWinCredits":    0, "bonusGamesAwarded":  5},
		{"matchIn": 16, "pattern":  4328448, "baseWinCredits":    0, "bonusGamesAwarded":  5},
		{"matchIn": 16, "pattern":  4349952, "baseWinCredits":    0, "bonusGamesAwarded":  5},
		{"matchIn": 16, "pattern":     3204, "baseWinCredits":    0, "bonusGamesAwarded":  5},
		{"matchIn": 16, "pattern":    24708, "baseWinCredits":    0, "bonusGamesAwarded":  5},
		{"matchIn": 16, "pattern":  1115201, "baseWinCredits":    0, "bonusGamesAwarded":  5},
		{"matchIn": 16, "pattern": 17056016, "baseWinCredits":    0, "bonusGamesAwarded":  5},
		{"matchIn": 16, "pattern":      341, "baseWinCredits":    0, "bonusGamesAwarded":  5},
		{"matchIn": 16, "pattern": 22347776, "baseWinCredits":    0, "bonusGamesAwarded":  5},
		{"matchIn": 16, "pattern": 17039425, "baseWinCredits":    0, "bonusGamesAwarded":  5},
		{"matchIn": 16, "pattern":  1114384, "baseWinCredits":    0, "bonusGamesAwarded":  5},
		{"matchIn": 16, "pattern":   141440, "baseWinCredits":    0, "bonusGamesAwarded":  5},
		{"matchIn": 16, "pattern":   328000, "baseWinCredits":    0, "bonusGamesAwarded":  5},
		{"matchIn": 16, "pattern":  4211716, "baseWinCredits":    0, "bonusGamesAwarded":  5},
		{"matchIn": 16, "pattern": 17825809, "baseWinCredits":    0, "bonusGamesAwarded":  5},
		{"matchIn": 16, "pattern":   131520, "baseWinCredits":    0, "bonusGamesAwarded":  5},
		{"matchIn": 16, "pattern":    10564, "baseWinCredits":    0, "bonusGamesAwarded":  5},
		{"matchIn": 16, "pattern":  4532224, "baseWinCredits":    0, "bonusGamesAwarded":  5},
		{"matchIn": 17, "pattern":       99, "baseWinCredits":    0, "bonusGamesAwarded":  5},
		{"matchIn": 17, "pattern":      792, "baseWinCredits":    0, "bonusGamesAwarded":  5},
		{"matchIn": 17, "pattern":  3244032, "baseWinCredits":    0, "bonusGamesAwarded":  5},
		{"matchIn": 17, "pattern": 25952256, "baseWinCredits":    0, "bonusGamesAwarded":  5},
		{"matchIn": 17, "pattern":     1063, "baseWinCredits":    0, "bonusGamesAwarded":  5},
		{"matchIn": 17, "pattern":    16924, "baseWinCredits":  305                         },
		{"matchIn": 17, "pattern":  7373824, "baseWinCredits":  304                         },
		{"matchIn": 17, "pattern": 29900800, "baseWinCredits":  304                         },
		{"matchIn": 17, "pattern":  4328448, "baseWinCredits":  296                         },
		{"matchIn": 17, "pattern":  4349952, "baseWinCredits":  276                         },
		{"matchIn": 17, "pattern":     3204, "baseWinCredits":  266                         },
		{"matchIn": 17, "pattern":    24708, "baseWinCredits":  256                         },
		{"matchIn": 17, "pattern":  1115201, "baseWinCredits":  256                         },
		{"matchIn": 17, "pattern": 17056016, "baseWinCredits":  255                         },
		{"matchIn": 17, "pattern":      341, "baseWinCredits":  254                         },
		{"matchIn": 17, "pattern": 22347776, "baseWinCredits":  254                         },
		{"matchIn": 17, "pattern": 17039425, "baseWinCredits":  250                         },
		{"matchIn": 17, "pattern":  1114384, "baseWinCredits":  244                         },
		{"matchIn": 17, "pattern":   141440, "baseWinCredits":  222                         },
		{"matchIn": 17, "pattern":   328000, "baseWinCredits":  212                         },
		{"matchIn": 17, "pattern":  4211716, "baseWinCredits":  206                         },
		{"matchIn": 17, "pattern": 17825809, "baseWinCredits":  200                         },
		{"matchIn": 17, "pattern":   131520, "baseWinCredits":  200                         },
		{"matchIn": 17, "pattern":    10564, "baseWinCredits":  200                         },
		{"matchIn": 17, "pattern":  4532224, "baseWinCredits":  196                         },
		{"matchIn": 18, "pattern":       99, "baseWinCredits":  176                         },
		{"matchIn": 18, "pattern":      792, "baseWinCredits":  165                         },
		{"matchIn": 18, "pattern":  3244032, "baseWinCredits":  156                         },
		{"matchIn": 18, "pattern": 25952256, "baseWinCredits":  150                         },
		{"matchIn": 18, "pattern":     1063, "baseWinCredits":  150                         },
		{"matchIn": 18, "pattern":    16924, "baseWinCredits":  150                         },
		{"matchIn": 18, "pattern":  7373824, "baseWinCredits":  149                         },
		{"matchIn": 18, "pattern": 29900800, "baseWinCredits":  146                         },
		{"matchIn": 18, "pattern":  4328448, "baseWinCredits":  142                         },
		{"matchIn": 18, "pattern":  4349952, "baseWinCredits":  140                         },
		{"matchIn": 18, "pattern":     3204, "baseWinCredits":  135                         },
		{"matchIn": 18, "pattern":    24708, "baseWinCredits":  130                         },
		{"matchIn": 18, "pattern":  1115201, "baseWinCredits":  130                         },
		{"matchIn": 18, "pattern": 17056016, "baseWinCredits":  130                         },
		{"matchIn": 18, "pattern":      341, "baseWinCredits":  128                         },
		{"matchIn": 18, "pattern": 22347776, "baseWinCredits":  127                         },
		{"matchIn": 18, "pattern": 17039425, "baseWinCredits":  125                         },
		{"matchIn": 18, "pattern":  1114384, "baseWinCredits":  124                         },
		{"matchIn": 18, "pattern":   141440, "baseWinCredits":  120                         },
		{"matchIn": 18, "pattern":   328000, "baseWinCredits":  120                         },
		{"matchIn": 18, "pattern":  4211716, "baseWinCredits":  120                         },
		{"matchIn": 18, "pattern": 17825809, "baseWinCredits":  119                         },
		{"matchIn": 18, "pattern":   131520, "baseWinCredits":  114                         },
		{"matchIn": 18, "pattern":    10564, "baseWinCredits":  112                         },
		{"matchIn": 18, "pattern":  4532224, "baseWinCredits":  112                         },
		{"matchIn": 19, "pattern":       99, "baseWinCredits":  110                         },
		{"matchIn": 19, "pattern":      792, "baseWinCredits":  106                         },
		{"matchIn": 19, "pattern":  3244032, "baseWinCredits":  105                         },
		{"matchIn": 19, "pattern": 25952256, "baseWinCredits":  104                         },
		{"matchIn": 19, "pattern":     1063, "baseWinCredits":  104                         },
		{"matchIn": 19, "pattern":    16924, "baseWinCredits":  104                         },
		{"matchIn": 19, "pattern":  7373824, "baseWinCredits":  104                         },
		{"matchIn": 19, "pattern": 29900800, "baseWinCredits":  104                         },
		{"matchIn": 19, "pattern":  4328448, "baseWinCredits":  102                         },
		{"matchIn": 19, "pattern":  4349952, "baseWinCredits":  100                         },
		{"matchIn": 19, "pattern":     3204, "baseWinCredits":  100                         },
		{"matchIn": 19, "pattern":    24708, "baseWinCredits":  100                         },
		{"matchIn": 19, "pattern":  1115201, "baseWinCredits":  100                         },
		{"matchIn": 19, "pattern": 17056016, "baseWinCredits":  100                         },
		{"matchIn": 19, "pattern":      341, "baseWinCredits":  100                         },
		{"matchIn": 19, "pattern": 22347776, "baseWinCredits":  100                         },
		{"matchIn": 19, "pattern": 17039425, "baseWinCredits":  100                         },
		{"matchIn": 19, "pattern":  1114384, "baseWinCredits":  100                         },
		{"matchIn": 19, "pattern":   141440, "baseWinCredits":  100                         },
		{"matchIn": 19, "pattern":   328000, "baseWinCredits":  100                         },
		{"matchIn": 19, "pattern":  4211716, "baseWinCredits":   95                         },
		{"matchIn": 19, "pattern": 17825809, "baseWinCredits":   91                         },
		{"matchIn": 19, "pattern":   131520, "baseWinCredits":   85                         },
		{"matchIn": 19, "pattern":    10564, "baseWinCredits":   85                         },
		{"matchIn": 19, "pattern":  4532224, "baseWinCredits":   84                         },
		{"matchIn": 20, "pattern":       99, "baseWinCredits":   80                         },
		{"matchIn": 20, "pattern":      792, "baseWinCredits":   76                         },
		{"matchIn": 20, "pattern":  3244032, "baseWinCredits":   74                         },
		{"matchIn": 20, "pattern": 25952256, "baseWinCredits":   72                         },
		{"matchIn": 20, "pattern":     1063, "baseWinCredits":   72                         },
		{"matchIn": 20, "pattern":    16924, "baseWinCredits":   70                         },
		{"matchIn": 20, "pattern":  7373824, "baseWinCredits":   70                         },
		{"matchIn": 20, "pattern": 29900800, "baseWinCredits":   70                         },
		{"matchIn": 20, "pattern":  4328448, "baseWinCredits":   68                         },
		{"matchIn": 20, "pattern":  4349952, "baseWinCredits":   66                         },
		{"matchIn": 20, "pattern":     3204, "baseWinCredits":   65                         },
		{"matchIn": 20, "pattern":    24708, "baseWinCredits":   64                         },
		{"matchIn": 20, "pattern":  1115201, "baseWinCredits":   64                         },
		{"matchIn": 20, "pattern": 17056016, "baseWinCredits":   63                         },
		{"matchIn": 20, "pattern":      341, "baseWinCredits":   62                         },
		{"matchIn": 20, "pattern": 22347776, "baseWinCredits":   62                         },
		{"matchIn": 20, "pattern": 17039425, "baseWinCredits":   60                         },
		{"matchIn": 20, "pattern":  1114384, "baseWinCredits":   60                         },
		{"matchIn": 20, "pattern":   141440, "baseWinCredits":   60                         },
		{"matchIn": 20, "pattern":   328000, "baseWinCredits":   60                         },
		{"matchIn": 20, "pattern":  4211716, "baseWinCredits":   59                         },
		{"matchIn": 20, "pattern": 17825809, "baseWinCredits":   56                         },
		{"matchIn": 20, "pattern":   131520, "baseWinCredits":   56                         },
		{"matchIn": 20, "pattern":    10564, "baseWinCredits":   56                         },
		{"matchIn": 20, "pattern":  4532224, "baseWinCredits":   56                         },
		{"matchIn": 21, "pattern":       99, "baseWinCredits":   56                         },
		{"matchIn": 21, "pattern":      792, "baseWinCredits":   55                         },
		{"matchIn": 21, "pattern":  3244032, "baseWinCredits":   54                         },
		{"matchIn": 21, "pattern": 25952256, "baseWinCredits":   54                         },
		{"matchIn": 21, "pattern":     1063, "baseWinCredits":   54                         },
		{"matchIn": 21, "pattern":    16924, "baseWinCredits":   54                         },
		{"matchIn": 21, "pattern":  7373824, "baseWinCredits":   53                         },
		{"matchIn": 21, "pattern": 29900800, "baseWinCredits":   52                         },
		{"matchIn": 21, "pattern":  4328448, "baseWinCredits":   52                         },
		{"matchIn": 21, "pattern":  4349952, "baseWinCredits":   52                         },
		{"matchIn": 21, "pattern":     3204, "baseWinCredits":   52                         },
		{"matchIn": 21, "pattern":    24708, "baseWinCredits":   50                         },
		{"matchIn": 21, "pattern":  1115201, "baseWinCredits":   50                         },
		{"matchIn": 21, "pattern": 17056016, "baseWinCredits":   50                         },
		{"matchIn": 21, "pattern":      341, "baseWinCredits":   50                         },
		{"matchIn": 21, "pattern": 22347776, "baseWinCredits":   50                         },
		{"matchIn": 21, "pattern": 17039425, "baseWinCredits":   50                         },
		{"matchIn": 21, "pattern":  1114384, "baseWinCredits":   50                         },
		{"matchIn": 21, "pattern":   141440, "baseWinCredits":   48                         },
		{"matchIn": 21, "pattern":   328000, "baseWinCredits":   46                         },
		{"matchIn": 21, "pattern":  4211716, "baseWinCredits":   45                         },
		{"matchIn": 21, "pattern": 17825809, "baseWinCredits":   45                         },
		{"matchIn": 21, "pattern":   131520, "baseWinCredits":   45                         },
		{"matchIn": 21, "pattern":    10564, "baseWinCredits":   45                         },
		{"matchIn": 21, "pattern":  4532224, "baseWinCredits":   44                         },
		{"matchIn": 22, "pattern":       99, "baseWinCredits":   44                         },
		{"matchIn": 22, "pattern":      792, "baseWinCredits":   40                         },
		{"matchIn": 22, "pattern":  3244032, "baseWinCredits":   40                         },
		{"matchIn": 22, "pattern": 25952256, "baseWinCredits":   40                         },
		{"matchIn": 22, "pattern":     1063, "baseWinCredits":   40                         },
		{"matchIn": 22, "pattern":    16924, "baseWinCredits":   40                         },
		{"matchIn": 22, "pattern":  7373824, "baseWinCredits":   40                         },
		{"matchIn": 22, "pattern": 29900800, "baseWinCredits":   40                         },
		{"matchIn": 22, "pattern":  4328448, "baseWinCredits":   40                         },
		{"matchIn": 22, "pattern":  4349952, "baseWinCredits":   40                         },
		{"matchIn": 22, "pattern":     3204, "baseWinCredits":   40                         },
		{"matchIn": 22, "pattern":    24708, "baseWinCredits":   40                         },
		{"matchIn": 22, "pattern":  1115201, "baseWinCredits":   40                         },
		{"matchIn": 22, "pattern": 17056016, "baseWinCredits":   40                         },
		{"matchIn": 22, "pattern":      341, "baseWinCredits":   40                         },
		{"matchIn": 22, "pattern": 22347776, "baseWinCredits":   40                         },
		{"matchIn": 22, "pattern": 17039425, "baseWinCredits":   40                         },
		{"matchIn": 22, "pattern":  1114384, "baseWinCredits":   40                         },
		{"matchIn": 22, "pattern":   141440, "baseWinCredits":   40                         },
		{"matchIn": 22, "pattern":   328000, "baseWinCredits":   40                         },
		{"matchIn": 22, "pattern":  4211716, "baseWinCredits":   38                         },
		{"matchIn": 22, "pattern": 17825809, "baseWinCredits":   36                         },
		{"matchIn": 22, "pattern":   131520, "baseWinCredits":   35                         },
		{"matchIn": 22, "pattern":    10564, "baseWinCredits":   35                         },
		{"matchIn": 22, "pattern":  4532224, "baseWinCredits":   35                         },
		{"matchIn": 23, "pattern":       99, "baseWinCredits":   35                         },
		{"matchIn": 23, "pattern":      792, "baseWinCredits":   34                         },
		{"matchIn": 23, "pattern":  3244032, "baseWinCredits":   31                         },
		{"matchIn": 23, "pattern": 25952256, "baseWinCredits":   30                         },
		{"matchIn": 23, "pattern":     1063, "baseWinCredits":   30                         },
		{"matchIn": 23, "pattern":    16924, "baseWinCredits":   30                         },
		{"matchIn": 23, "pattern":  7373824, "baseWinCredits":   30                         },
		{"matchIn": 23, "pattern": 29900800, "baseWinCredits":   30                         },
		{"matchIn": 23, "pattern":  4328448, "baseWinCredits":   30                         },
		{"matchIn": 23, "pattern":  4349952, "baseWinCredits":   30                         },
		{"matchIn": 23, "pattern":     3204, "baseWinCredits":   30                         },
		{"matchIn": 23, "pattern":    24708, "baseWinCredits":   30                         },
		{"matchIn": 23, "pattern":  1115201, "baseWinCredits":   30                         },
		{"matchIn": 23, "pattern": 17056016, "baseWinCredits":   30                         },
		{"matchIn": 23, "pattern":      341, "baseWinCredits":   30                         },
		{"matchIn": 23, "pattern": 22347776, "baseWinCredits":   30                         },
		{"matchIn": 23, "pattern": 17039425, "baseWinCredits":   29                         },
		{"matchIn": 23, "pattern":  1114384, "baseWinCredits":   28                         },
		{"matchIn": 23, "pattern":   141440, "baseWinCredits":   28                         },
		{"matchIn": 23, "pattern":   328000, "baseWinCredits":   28                         },
		{"matchIn": 23, "pattern":  4211716, "baseWinCredits":   26                         },
		{"matchIn": 23, "pattern": 17825809, "baseWinCredits":   26                         },
		{"matchIn": 23, "pattern":   131520, "baseWinCredits":   26                         },
		{"matchIn": 23, "pattern":    10564, "baseWinCredits":   25                         },
		{"matchIn": 23, "pattern":  4532224, "baseWinCredits":   25                         },
		{"matchIn": 24, "pattern":       99, "baseWinCredits":   25                         },
		{"matchIn": 24, "pattern":      792, "baseWinCredits":   25                         },
		{"matchIn": 24, "pattern":  3244032, "baseWinCredits":   25                         },
		{"matchIn": 24, "pattern": 25952256, "baseWinCredits":   25                         },
		{"matchIn": 24, "pattern":     1063, "baseWinCredits":   25                         },
		{"matchIn": 24, "pattern":    16924, "baseWinCredits":   25                         },
		{"matchIn": 24, "pattern":  7373824, "baseWinCredits":   25                         },
		{"matchIn": 24, "pattern": 29900800, "baseWinCredits":   25                         },
		{"matchIn": 24, "pattern":  4328448, "baseWinCredits":   24                         },
		{"matchIn": 24, "pattern":  4349952, "baseWinCredits":   24                         },
		{"matchIn": 24, "pattern":     3204, "baseWinCredits":   24                         },
		{"matchIn": 24, "pattern":    24708, "baseWinCredits":   22                         },
		{"matchIn": 24, "pattern":  1115201, "baseWinCredits":   22                         },
		{"matchIn": 24, "pattern": 17056016, "baseWinCredits":   22                         },
		{"matchIn": 24, "pattern":      341, "baseWinCredits":   21                         },
		{"matchIn": 24, "pattern": 22347776, "baseWinCredits":   20                         },
		{"matchIn": 24, "pattern": 17039425, "baseWinCredits":   20                         },
		{"matchIn": 24, "pattern":  1114384, "baseWinCredits":   20                         },
		{"matchIn": 24, "pattern":   141440, "baseWinCredits":   20                         },
		{"matchIn": 24, "pattern":   328000, "baseWinCredits":   20                         },
		{"matchIn": 24, "pattern":  4211716, "baseWinCredits":   20                         },
		{"matchIn": 24, "pattern": 17825809, "baseWinCredits":   20                         },
		{"matchIn": 24, "pattern":   131520, "baseWinCredits":   20                         },
		{"matchIn": 24, "pattern":    10564, "baseWinCredits":   20                         },
		{"matchIn": 24, "pattern":  4532224, "baseWinCredits":   20                         },
		{"matchIn": 25, "pattern":       99, "baseWinCredits":   20                         },
		{"matchIn": 25, "pattern":      792, "baseWinCredits":   20                         },
		{"matchIn": 25, "pattern":  3244032, "baseWinCredits":   20                         },
		{"matchIn": 25, "pattern": 25952256, "baseWinCredits":   20                         },
		{"matchIn": 25, "pattern":     1063, "baseWinCredits":   20                         },
		{"matchIn": 25, "pattern":    16924, "baseWinCredits":   20                         },
		{"matchIn": 25, "pattern":  7373824, "baseWinCredits":   20                         },
		{"matchIn": 25, "pattern": 29900800, "baseWinCredits":   20                         },
		{"matchIn": 25, "pattern":  4328448, "baseWinCredits":   20                         },
		{"matchIn": 25, "pattern":  4349952, "baseWinCredits":   20                         },
		{"matchIn": 25, "pattern":     3204, "baseWinCredits":   20                         },
		{"matchIn": 25, "pattern":    24708, "baseWinCredits":   20                         },
		{"matchIn": 25, "pattern":  1115201, "baseWinCredits":   20                         },
		{"matchIn": 25, "pattern": 17056016, "baseWinCredits":   20                         },
		{"matchIn": 25, "pattern":      341, "baseWinCredits":   20                         },
		{"matchIn": 25, "pattern": 22347776, "baseWinCredits":   20                         },
		{"matchIn": 25, "pattern": 17039425, "baseWinCredits":   20                         },
		{"matchIn": 25, "pattern":  1114384, "baseWinCredits":   20                         },
		{"matchIn": 25, "pattern":   141440, "baseWinCredits":   20                         },
		{"matchIn": 25, "pattern":   328000, "baseWinCredits":   20                         },
		{"matchIn": 25, "pattern":  4211716, "baseWinCredits":   20                         },
		{"matchIn": 25, "pattern": 17825809, "baseWinCredits":   20                         },
		{"matchIn": 25, "pattern":   131520, "baseWinCredits":   20                         },
		{"matchIn": 25, "pattern":    10564, "baseWinCredits":   20                         },
		{"matchIn": 25, "pattern":  4532224, "baseWinCredits":   20                         },
		{"matchIn": 26, "pattern":       99, "baseWinCredits":   20                         },
		{"matchIn": 26, "pattern":      792, "baseWinCredits":   20                         },
		{"matchIn": 26, "pattern":  3244032, "baseWinCredits":   20                         },
		{"matchIn": 26, "pattern": 25952256, "baseWinCredits":   20                         },
		{"matchIn": 26, "pattern":     1063, "baseWinCredits":   20                         },
		{"matchIn": 26, "pattern":    16924, "baseWinCredits":   20                         },
		{"matchIn": 26, "pattern":  7373824, "baseWinCredits":   20                         },
		{"matchIn": 26, "pattern": 29900800, "baseWinCredits":   20                         },
		{"matchIn": 26, "pattern":  4328448, "baseWinCredits":   20                         },
		{"matchIn": 26, "pattern":  4349952, "baseWinCredits":   20                         },
		{"matchIn": 26, "pattern":     3204, "baseWinCredits":   20                         },
		{"matchIn": 26, "pattern":    24708, "baseWinCredits":   20                         },
		{"matchIn": 26, "pattern":  1115201, "baseWinCredits":   16                         },
		{"matchIn": 26, "pattern": 17056016, "baseWinCredits":   16                         },
		{"matchIn": 26, "pattern":      341, "baseWinCredits":   16                         },
		{"matchIn": 26, "pattern": 22347776, "baseWinCredits":   16                         },
		{"matchIn": 26, "pattern": 17039425, "baseWinCredits":   16                         },
		{"matchIn": 26, "pattern":  1114384, "baseWinCredits":   16                         },
		{"matchIn": 26, "pattern":   141440, "baseWinCredits":   15                         },
		{"matchIn": 26, "pattern":   328000, "baseWinCredits":   15                         },
		{"matchIn": 26, "pattern":  4211716, "baseWinCredits":   15                         },
		{"matchIn": 26, "pattern": 17825809, "baseWinCredits":   15                         },
		{"matchIn": 26, "pattern":   131520, "baseWinCredits":   14                         },
		{"matchIn": 26, "pattern":    10564, "baseWinCredits":   14                         },
		{"matchIn": 26, "pattern":  4532224, "baseWinCredits":   14                         },
		{"matchIn": 27, "pattern":       99, "baseWinCredits":   14                         },
		{"matchIn": 27, "pattern":      792, "baseWinCredits":   14                         },
		{"matchIn": 27, "pattern":  3244032, "baseWinCredits":   13                         },
		{"matchIn": 27, "pattern": 25952256, "baseWinCredits":   12                         },
		{"matchIn": 27, "pattern":     1063, "baseWinCredits":   12                         },
		{"matchIn": 27, "pattern":    16924, "baseWinCredits":   12                         },
		{"matchIn": 27, "pattern":  7373824, "baseWinCredits":   12                         },
		{"matchIn": 27, "pattern": 29900800, "baseWinCredits":   12                         },
		{"matchIn": 27, "pattern":  4328448, "baseWinCredits":   12                         },
		{"matchIn": 27, "pattern":  4349952, "baseWinCredits":   11                         },
		{"matchIn": 27, "pattern":     3204, "baseWinCredits":   11                         },
		{"matchIn": 27, "pattern":    24708, "baseWinCredits":   11                         },
		{"matchIn": 27, "pattern":  1115201, "baseWinCredits":   10                         },
		{"matchIn": 27, "pattern": 17056016, "baseWinCredits":   10                         },
		{"matchIn": 27, "pattern":      341, "baseWinCredits":   10                         },
		{"matchIn": 27, "pattern": 22347776, "baseWinCredits":   10                         },
		{"matchIn": 27, "pattern": 17039425, "baseWinCredits":   10                         },
		{"matchIn": 27, "pattern":  1114384, "baseWinCredits":   10                         },
		{"matchIn": 27, "pattern":   141440, "baseWinCredits":   10                         },
		{"matchIn": 27, "pattern":   328000, "baseWinCredits":   10                         },
		{"matchIn": 27, "pattern":  4211716, "baseWinCredits":   10                         },
		{"matchIn": 27, "pattern": 17825809, "baseWinCredits":   10                         },
		{"matchIn": 27, "pattern":   131520, "baseWinCredits":   10                         },
		{"matchIn": 27, "pattern":    10564, "baseWinCredits":   10                         },
		{"matchIn": 27, "pattern":  4532224, "baseWinCredits":   10                         },
		{"matchIn": 28, "pattern":       99, "baseWinCredits":   10                         },
		{"matchIn": 28, "pattern":      792, "baseWinCredits":   10                         },
		{"matchIn": 28, "pattern":  3244032, "baseWinCredits":   10                         },
		{"matchIn": 28, "pattern": 25952256, "baseWinCredits":   10                         },
		{"matchIn": 28, "pattern":     1063, "baseWinCredits":   10                         },
		{"matchIn": 28, "pattern":    16924, "baseWinCredits":   10                         },
		{"matchIn": 28, "pattern":  7373824, "baseWinCredits":   10                         },
		{"matchIn": 28, "pattern": 29900800, "baseWinCredits":   10                         },
		{"matchIn": 28, "pattern":  4328448, "baseWinCredits":   10                         },
		{"matchIn": 28, "pattern":  4349952, "baseWinCredits":   10                         },
		{"matchIn": 28, "pattern":     3204, "baseWinCredits":   10                         },
		{"matchIn": 28, "pattern":    24708, "baseWinCredits":   10                         },
		{"matchIn": 28, "pattern":  1115201, "baseWinCredits":   10                         },
		{"matchIn": 28, "pattern": 17056016, "baseWinCredits":   10                         },
		{"matchIn": 28, "pattern":      341, "baseWinCredits":   10                         },
		{"matchIn": 28, "pattern": 22347776, "baseWinCredits":   10                         },
		{"matchIn": 28, "pattern": 17039425, "baseWinCredits":   10                         },
		{"matchIn": 28, "pattern":  1114384, "baseWinCredits":   10                         },
		{"matchIn": 28, "pattern":   141440, "baseWinCredits":   10                         },
		{"matchIn": 28, "pattern":   328000, "baseWinCredits":   10                         },
		{"matchIn": 28, "pattern":  4211716, "baseWinCredits":   10                         },
		{"matchIn": 28, "pattern": 17825809, "baseWinCredits":   10                         },
		{"matchIn": 28, "pattern":   131520, "baseWinCredits":   10                         },
		{"matchIn": 28, "pattern":    10564, "baseWinCredits":   10                         },
		{"matchIn": 28, "pattern":  4532224, "baseWinCredits":   10                         },
		{"matchIn": 29, "pattern":       99, "baseWinCredits":    9                         },
		{"matchIn": 29, "pattern":      792, "baseWinCredits":    8                         },
		{"matchIn": 29, "pattern":  3244032, "baseWinCredits":    8                         },
		{"matchIn": 29, "pattern": 25952256, "baseWinCredits":    8                         },
		{"matchIn": 29, "pattern":     1063, "baseWinCredits":    8                         },
		{"matchIn": 29, "pattern":    16924, "baseWinCredits":    8                         },
		{"matchIn": 29, "pattern":  7373824, "baseWinCredits":    8                         },
		{"matchIn": 29, "pattern": 29900800, "baseWinCredits":    8                         },
		{"matchIn": 29, "pattern":  4328448, "baseWinCredits":    8                         },
		{"matchIn": 29, "pattern":  4349952, "baseWinCredits":    8                         },
		{"matchIn": 29, "pattern":     3204, "baseWinCredits":    8                         },
		{"matchIn": 29, "pattern":    24708, "baseWinCredits":    8                         },
		{"matchIn": 29, "pattern":  1115201, "baseWinCredits":    8                         },
		{"matchIn": 29, "pattern": 17056016, "baseWinCredits":    8                         },
		{"matchIn": 29, "pattern":      341, "baseWinCredits":    8                         },
		{"matchIn": 29, "pattern": 22347776, "baseWinCredits":    8                         },
		{"matchIn": 29, "pattern": 17039425, "baseWinCredits":    8                         },
		{"matchIn": 29, "pattern":  1114384, "baseWinCredits":    8                         },
		{"matchIn": 29, "pattern":   141440, "baseWinCredits":    8                         },
		{"matchIn": 29, "pattern":   328000, "baseWinCredits":    8                         },
		{"matchIn": 29, "pattern":  4211716, "baseWinCredits":    8                         },
		{"matchIn": 29, "pattern": 17825809, "baseWinCredits":    8                         },
		{"matchIn": 29, "pattern":   131520, "baseWinCredits":    8                         },
		{"matchIn": 29, "pattern":    10564, "baseWinCredits":    7                         },
		{"matchIn": 29, "pattern":  4532224, "baseWinCredits":    7                         },
		{"matchIn": 30, "pattern":       99, "baseWinCredits":    7                         },
		{"matchIn": 30, "pattern":      792, "baseWinCredits":    7                         },
		{"matchIn": 30, "pattern":  3244032, "baseWinCredits":    6                         },
		{"matchIn": 30, "pattern": 25952256, "baseWinCredits":    6                         },
		{"matchIn": 30, "pattern":     1063, "baseWinCredits":    6                         },
		{"matchIn": 30, "pattern":    16924, "baseWinCredits":    6                         },
		{"matchIn": 30, "pattern":  7373824, "baseWinCredits":    6                         },
		{"matchIn": 30, "pattern": 29900800, "baseWinCredits":    6                         },
		{"matchIn": 30, "pattern":  4328448, "baseWinCredits":    6                         },
		{"matchIn": 30, "pattern":  4349952, "baseWinCredits":    6                         },
		{"matchIn": 30, "pattern":     3204, "baseWinCredits":    6                         },
		{"matchIn": 30, "pattern":    24708, "baseWinCredits":    6                         },
		{"matchIn": 30, "pattern":  1115201, "baseWinCredits":    6                         },
		{"matchIn": 30, "pattern": 17056016, "baseWinCredits":    6                         },
		{"matchIn": 30, "pattern":      341, "baseWinCredits":    6                         },
		{"matchIn": 30, "pattern": 22347776, "baseWinCredits":    6                         },
		{"matchIn": 30, "pattern": 17039425, "baseWinCredits":    6                         },
		{"matchIn": 30, "pattern":  1114384, "baseWinCredits":    6                         },
		{"matchIn": 30, "pattern":   141440, "baseWinCredits":    6                         },
		{"matchIn": 30, "pattern":   328000, "baseWinCredits":    6                         },
		{"matchIn": 30, "pattern":  4211716, "baseWinCredits":    5                         },
		{"matchIn": 30, "pattern": 17825809, "baseWinCredits":    5                         },
		{"matchIn": 30, "pattern":   131520, "baseWinCredits":    5                         },
		{"matchIn": 30, "pattern":    10564, "baseWinCredits":    5                         },
		{"matchIn": 30, "pattern":  4532224, "baseWinCredits":    5                         },
		{"matchIn": 31, "pattern":       99, "baseWinCredits":    5                         },
		{"matchIn": 31, "pattern":      792, "baseWinCredits":    5                         },
		{"matchIn": 31, "pattern":  3244032, "baseWinCredits":    5                         },
		{"matchIn": 31, "pattern": 25952256, "baseWinCredits":    5                         },
		{"matchIn": 31, "pattern":     1063, "baseWinCredits":    5                         },
		{"matchIn": 31, "pattern":    16924, "baseWinCredits":    5                         },
		{"matchIn": 31, "pattern":  7373824, "baseWinCredits":    5                         },
		{"matchIn": 31, "pattern": 29900800, "baseWinCredits":    5                         },
		{"matchIn": 31, "pattern":  4328448, "baseWinCredits":    5                         },
		{"matchIn": 31, "pattern":  4349952, "baseWinCredits":    5                         },
		{"matchIn": 31, "pattern":     3204, "baseWinCredits":    5                         },
		{"matchIn": 31, "pattern":    24708, "baseWinCredits":    5                         },
		{"matchIn": 31, "pattern":  1115201, "baseWinCredits":    5                         },
		{"matchIn": 31, "pattern": 17056016, "baseWinCredits":    5                         },
		{"matchIn": 31, "pattern":      341, "baseWinCredits":    5                         },
		{"matchIn": 31, "pattern": 22347776, "baseWinCredits":    5                         },
		{"matchIn": 31, "pattern": 17039425, "baseWinCredits":    5                         },
		{"matchIn": 31, "pattern":  1114384, "baseWinCredits":    5                         },
		{"matchIn": 31, "pattern":   141440, "baseWinCredits":    5                         },
		{"matchIn": 31, "pattern":   328000, "baseWinCredits":    5                         },
		{"matchIn": 31, "pattern":  4211716, "baseWinCredits":    5                         },
		{"matchIn": 31, "pattern": 17825809, "baseWinCredits":    5                         },
		{"matchIn": 31, "pattern":   131520, "baseWinCredits":    5                         },
		{"matchIn": 31, "pattern":    10564, "baseWinCredits":    5                         },
		{"matchIn": 31, "pattern":  4532224, "baseWinCredits":    5                         },
		{"matchIn": 32, "pattern":       99, "baseWinCredits":    5                         },
		{"matchIn": 32, "pattern":      792, "baseWinCredits":    5                         },
		{"matchIn": 32, "pattern":  3244032, "baseWinCredits":    5                         },
		{"matchIn": 32, "pattern": 25952256, "baseWinCredits":    5                         },
		{"matchIn": 32, "pattern":     1063, "baseWinCredits":    5                         },
		{"matchIn": 32, "pattern":    16924, "baseWinCredits":    5                         },
		{"matchIn": 32, "pattern":  7373824, "baseWinCredits":    5                         },
		{"matchIn": 32, "pattern": 29900800, "baseWinCredits":    5                         },
		{"matchIn": 32, "pattern":  4328448, "baseWinCredits":    5                         },
		{"matchIn": 32, "pattern":  4349952, "baseWinCredits":    5                         },
		{"matchIn": 32, "pattern":     3204, "baseWinCredits":    5                         },
		{"matchIn": 32, "pattern":    24708, "baseWinCredits":    5                         },
		{"matchIn": 32, "pattern":  1115201, "baseWinCredits":    5                         },
		{"matchIn": 32, "pattern": 17056016, "baseWinCredits":    5                         },
		{"matchIn": 32, "pattern":      341, "baseWinCredits":    5                         },
		{"matchIn": 32, "pattern": 22347776, "baseWinCredits":    4                         },
		{"matchIn": 32, "pattern": 17039425, "baseWinCredits":    4                         },
		{"matchIn": 32, "pattern":  1114384, "baseWinCredits":    4                         },
		{"matchIn": 32, "pattern":   141440, "baseWinCredits":    4                         },
		{"matchIn": 32, "pattern":   328000, "baseWinCredits":    4                         },
		{"matchIn": 32, "pattern":  4211716, "baseWinCredits":    4                         },
		{"matchIn": 32, "pattern": 17825809, "baseWinCredits":    4                         },
		{"matchIn": 32, "pattern":   131520, "baseWinCredits":    4                         },
		{"matchIn": 32, "pattern":    10564, "baseWinCredits":    4                         },
		{"matchIn": 32, "pattern":  4532224, "baseWinCredits":    4                         },
		{"matchIn": 33, "pattern":       99, "baseWinCredits":    4                         },
		{"matchIn": 33, "pattern":      792, "baseWinCredits":    4                         },
		{"matchIn": 33, "pattern":  3244032, "baseWinCredits":    4                         },
		{"matchIn": 33, "pattern": 25952256, "baseWinCredits":    4                         },
		{"matchIn": 33, "pattern":     1063, "baseWinCredits":    4                         },
		{"matchIn": 33, "pattern":    16924, "baseWinCredits":    4                         },
		{"matchIn": 33, "pattern":  7373824, "baseWinCredits":    4                         },
		{"matchIn": 33, "pattern": 29900800, "baseWinCredits":    4                         }
	]
}
