{
	"configuration": {
		"tableType": "Bingo",
		"formatVersion": "1.2",
		"name": "LegendsOfMythLowVol",
		"tableName": "main",
		"lines": 50,
		"percentage": 94,
		"baseBet": 50,
		"betLevelGroups": {
			"2": [3]
		},
		"entries": 829,
		"version": 10
	},
	"entries": [
		{"matchIn":  4, "pattern":       99, "baseWinCredits": 4610                                            },
		{"matchIn":  4, "pattern":      792, "baseWinCredits": 4610                                            },
		{"matchIn":  4, "pattern":  3244032, "baseWinCredits": 4610                                            },
		{"matchIn":  4, "pattern": 25952256, "baseWinCredits": 4610                                            },
		{"matchIn":  4, "pattern":  4328448, "baseWinCredits": 4610                                            },
		{"matchIn":  4, "pattern":  4349952, "baseWinCredits": 4610                                            },
		{"matchIn":  4, "pattern":     3204, "baseWinCredits": 4610                                            },
		{"matchIn":  4, "pattern":    24708, "baseWinCredits": 4610                                            },
		{"matchIn":  4, "pattern": 17039425, "baseWinCredits": 4610                                            },
		{"matchIn":  4, "pattern":  1114384, "baseWinCredits": 4610                                            },
		{"matchIn":  4, "pattern":   141440, "baseWinCredits": 4610                                            },
		{"matchIn":  4, "pattern":   328000, "baseWinCredits":    0, "bonusWinCredits":  2850, "bonusData": "2"},
		{"matchIn":  4, "pattern":  4211716, "baseWinCredits":    0, "bonusWinCredits":  3400, "bonusData": "2"},
		{"matchIn":  4, "pattern": 17825809, "baseWinCredits":    5, "bonusWinCredits":  4700, "bonusData": "2"},
		{"matchIn":  4, "pattern":   131520, "baseWinCredits":   10, "bonusWinCredits":  5450, "bonusData": "2"},
		{"matchIn":  5, "pattern":       99, "baseWinCredits":  100, "bonusWinCredits":  8100, "bonusData": "1"},
		{"matchIn":  5, "pattern":      792, "baseWinCredits":   25, "bonusWinCredits":  5150, "bonusData": "2"},
		{"matchIn":  5, "pattern":  3244032, "baseWinCredits":    0, "bonusWinCredits":  7400, "bonusData": "1"},
		{"matchIn":  5, "pattern": 25952256, "baseWinCredits":    0, "bonusWinCredits":  6650, "bonusData": "1"},
		{"matchIn":  5, "pattern":     1063, "baseWinCredits": 3500                                            },
		{"matchIn":  5, "pattern":    16924, "baseWinCredits": 3500                                            },
		{"matchIn":  5, "pattern":  7373824, "baseWinCredits": 3500                                            },
		{"matchIn":  5, "pattern": 29900800, "baseWinCredits": 3500                                            },
		{"matchIn":  5, "pattern":  4328448, "baseWinCredits":    0, "bonusWinCredits":  7100, "bonusData": "1"},
		{"matchIn":  5, "pattern":  4349952, "baseWinCredits":    0, "bonusWinCredits":  4050, "bonusData": "2"},
		{"matchIn":  5, "pattern":     3204, "baseWinCredits":    0, "bonusWinCredits":  4450, "bonusData": "2"},
		{"matchIn":  5, "pattern":    24708, "baseWinCredits":    5, "bonusWinCredits":  5550, "bonusData": "1"},
		{"matchIn":  5, "pattern":  1115201, "baseWinCredits": 3500                                            },
		{"matchIn":  5, "pattern": 17056016, "baseWinCredits": 3500                                            },
		{"matchIn":  5, "pattern":      341, "baseWinCredits": 3500                                            },
		{"matchIn":  5, "pattern": 22347776, "baseWinCredits": 3500                                            },
		{"matchIn":  5, "pattern": 17039425, "baseWinCredits":    0, "bonusWinCredits":  6700, "bonusData": "1"},
		{"matchIn":  5, "pattern":  1114384, "baseWinCredits":    0, "bonusWinCredits":  6750, "bonusData": "1"},
		{"matchIn":  5, "pattern":   141440, "baseWinCredits":   10, "bonusWinCredits":  4800, "bonusData": "1"},
		{"matchIn":  5, "pattern":   328000, "baseWinCredits":    0, "bonusWinCredits":  3800, "bonusData": "1"},
		{"matchIn":  5, "pattern":  4211716, "baseWinCredits":    0, "bonusWinCredits":  8150, "bonusData": "1"},
		{"matchIn":  5, "pattern": 17825809, "baseWinCredits":    0, "bonusWinCredits":   650, "bonusData": "1"},
		{"matchIn":  5, "pattern":   131520, "baseWinCredits":    0, "bonusWinCredits":  3100, "bonusData": "1"},
		{"matchIn":  5, "pattern":    10564, "baseWinCredits": 3500                                            },
		{"matchIn":  5, "pattern":  4532224, "baseWinCredits": 3500                                            },
		{"matchIn":  6, "pattern":       99, "baseWinCredits":    0, "bonusWinCredits":  8150, "bonusData": "3"},
		{"matchIn":  6, "pattern":      792, "baseWinCredits":  100, "bonusWinCredits":  5000, "bonusData": "2"},
		{"matchIn":  6, "pattern":  3244032, "baseWinCredits":    0, "bonusWinCredits":  5500, "bonusData": "3"},
		{"matchIn":  6, "pattern": 25952256, "baseWinCredits":   25, "bonusWinCredits":  6050, "bonusData": "1"},
		{"matchIn":  6, "pattern":     1063, "baseWinCredits":    0, "bonusWinCredits": 11850, "bonusData": "3"},
		{"matchIn":  6, "pattern":    16924, "baseWinCredits": 3500                                            },
		{"matchIn":  6, "pattern":  7373824, "baseWinCredits": 3500                                            },
		{"matchIn":  6, "pattern": 29900800, "baseWinCredits": 3500                                            },
		{"matchIn":  6, "pattern":  4328448, "baseWinCredits":    0, "bonusWinCredits":  3050, "bonusData": "2"},
		{"matchIn":  6, "pattern":  4349952, "baseWinCredits":    0, "bonusWinCredits":  5100, "bonusData": "2"},
		{"matchIn":  6, "pattern":     3204, "baseWinCredits":    0, "bonusWinCredits":  7000, "bonusData": "1"},
		{"matchIn":  6, "pattern":    24708, "baseWinCredits":    5, "bonusWinCredits":  5550, "bonusData": "1"},
		{"matchIn":  6, "pattern":  1115201, "baseWinCredits": 3500                                            },
		{"matchIn":  6, "pattern": 17056016, "baseWinCredits": 3500                                            },
		{"matchIn":  6, "pattern":      341, "baseWinCredits": 3500                                            },
		{"matchIn":  6, "pattern": 22347776, "baseWinCredits": 3500                                            },
		{"matchIn":  6, "pattern": 17039425, "baseWinCredits":    0, "bonusWinCredits": 11850, "bonusData": "3"},
		{"matchIn":  6, "pattern":  1114384, "baseWinCredits":   25, "bonusWinCredits": 12300, "bonusData": "3"},
		{"matchIn":  6, "pattern":   141440, "baseWinCredits": 3500                                            },
		{"matchIn":  6, "pattern":   328000, "baseWinCredits":    5, "bonusWinCredits": 11400, "bonusData": "3"},
		{"matchIn":  6, "pattern":  4211716, "baseWinCredits": 3500                                            },
		{"matchIn":  6, "pattern": 17825809, "baseWinCredits": 3500                                            },
		{"matchIn":  6, "pattern":   131520, "baseWinCredits": 3500                                            },
		{"matchIn":  6, "pattern":    10564, "baseWinCredits": 3500                                            },
		{"matchIn":  6, "pattern":  4532224, "baseWinCredits": 3500                                            },
		{"matchIn":  7, "pattern":       99, "baseWinCredits":    0, "bonusWinCredits":  7400, "bonusData": "1"},
		{"matchIn":  7, "pattern":      792, "baseWinCredits":    0, "bonusWinCredits":  7100, "bonusData": "1"},
		{"matchIn":  7, "pattern":  3244032, "baseWinCredits":    0, "bonusWinCredits":  1100, "bonusData": "2"},
		{"matchIn":  7, "pattern": 25952256, "baseWinCredits":   10, "bonusWinCredits":  4600, "bonusData": "2"},
		{"matchIn":  7, "pattern":     1063, "baseWinCredits": 3500                                            },
		{"matchIn":  7, "pattern":    16924, "baseWinCredits": 3500                                            },
		{"matchIn":  7, "pattern":  7373824, "baseWinCredits": 3500                                            },
		{"matchIn":  7, "pattern": 29900800, "baseWinCredits": 3500                                            },
		{"matchIn":  7, "pattern":  4328448, "baseWinCredits":    0, "bonusWinCredits":  4450, "bonusData": "2"},
		{"matchIn":  7, "pattern":  4349952, "baseWinCredits":    0, "bonusWinCredits":  6850, "bonusData": "1"},
		{"matchIn":  7, "pattern":     3204, "baseWinCredits":    5, "bonusWinCredits":  6050, "bonusData": "1"},
		{"matchIn":  7, "pattern":    24708, "baseWinCredits":    0, "bonusWinCredits":   850, "bonusData": "1"},
		{"matchIn":  7, "pattern":  1115201, "baseWinCredits": 3500                                            },
		{"matchIn":  7, "pattern": 17056016, "baseWinCredits": 3500                                            },
		{"matchIn":  7, "pattern":      341, "baseWinCredits": 3500                                            },
		{"matchIn":  7, "pattern": 22347776, "baseWinCredits": 3500                                            },
		{"matchIn":  7, "pattern": 17039425, "baseWinCredits":    0, "bonusWinCredits":  3050, "bonusData": "2"},
		{"matchIn":  7, "pattern":  1114384, "baseWinCredits":   50, "bonusWinCredits":  1650, "bonusData": "2"},
		{"matchIn":  7, "pattern":   141440, "baseWinCredits":    0, "bonusWinCredits":  3500, "bonusData": "2"},
		{"matchIn":  7, "pattern":   328000, "baseWinCredits": 2600                                            },
		{"matchIn":  7, "pattern":  4211716, "baseWinCredits": 2600                                            },
		{"matchIn":  7, "pattern": 17825809, "baseWinCredits": 2600                                            },
		{"matchIn":  7, "pattern":   131520, "baseWinCredits": 2600                                            },
		{"matchIn":  7, "pattern":    10564, "baseWinCredits": 2600                                            },
		{"matchIn":  7, "pattern":  4532224, "baseWinCredits": 2205                                            },
		{"matchIn":  8, "pattern":       99, "baseWinCredits":    5, "bonusWinCredits":  2650, "bonusData": "1"},
		{"matchIn":  8, "pattern":      792, "baseWinCredits": 2205                                            },
		{"matchIn":  8, "pattern":  3244032, "baseWinCredits": 2100                                            },
		{"matchIn":  8, "pattern": 25952256, "baseWinCredits": 2100                                            },
		{"matchIn":  8, "pattern":     1063, "baseWinCredits":    0, "bonusWinCredits":  4450, "bonusData": "2"},
		{"matchIn":  8, "pattern":    16924, "baseWinCredits":    0, "bonusWinCredits":  8500, "bonusData": "3"},
		{"matchIn":  8, "pattern":  7373824, "baseWinCredits":   50, "bonusWinCredits": 18750, "bonusData": "3"},
		{"matchIn":  8, "pattern": 29900800, "baseWinCredits":  100, "bonusWinCredits": 17600, "bonusData": "3"},
		{"matchIn":  8, "pattern":  4328448, "baseWinCredits":    0, "bonusWinCredits":  2350, "bonusData": "2"},
		{"matchIn":  8, "pattern":  4349952, "baseWinCredits": 1750                                            },
		{"matchIn":  8, "pattern":     3204, "baseWinCredits": 1625                                            },
		{"matchIn":  8, "pattern":    24708, "baseWinCredits": 1600                                            },
		{"matchIn":  8, "pattern":  1115201, "baseWinCredits":    0, "bonusWinCredits":  7600, "bonusData": "1"},
		{"matchIn":  8, "pattern": 17056016, "baseWinCredits":    0, "bonusWinCredits":  7100, "bonusData": "1"},
		{"matchIn":  8, "pattern":      341, "baseWinCredits":    0, "bonusWinCredits":  9600, "bonusData": "3"},
		{"matchIn":  8, "pattern": 22347776, "baseWinCredits":    5, "bonusWinCredits":  2950, "bonusData": "2"},
		{"matchIn":  8, "pattern": 17039425, "baseWinCredits": 1600                                            },
		{"matchIn":  8, "pattern":  1114384, "baseWinCredits": 1600                                            },
		{"matchIn":  8, "pattern":   141440, "baseWinCredits": 1600                                            },
		{"matchIn":  8, "pattern":   328000, "baseWinCredits": 1550                                            },
		{"matchIn":  8, "pattern":  4211716, "baseWinCredits": 1550                                            },
		{"matchIn":  8, "pattern": 17825809, "baseWinCredits": 1500                                            },
		{"matchIn":  8, "pattern":   131520, "baseWinCredits": 1500                                            },
		{"matchIn":  8, "pattern":    10564, "baseWinCredits":    0, "bonusWinCredits":   900, "bonusData": "2"},
		{"matchIn":  8, "pattern":  4532224, "baseWinCredits":    0, "bonusWinCredits":   750, "bonusData": "2"},
		{"matchIn":  9, "pattern":       99, "baseWinCredits": 1450                                            },
		{"matchIn":  9, "pattern":      792, "baseWinCredits": 1400                                            },
		{"matchIn":  9, "pattern":  3244032, "baseWinCredits":    0, "bonusWinCredits":  1500, "bonusData": "2"},
		{"matchIn":  9, "pattern": 25952256, "baseWinCredits": 1400                                            },
		{"matchIn":  9, "pattern":     1063, "baseWinCredits": 1400                                            },
		{"matchIn":  9, "pattern":    16924, "baseWinCredits": 1350                                            },
		{"matchIn":  9, "pattern":  7373824, "baseWinCredits": 1300                                            },
		{"matchIn":  9, "pattern": 29900800, "baseWinCredits":    0, "bonusWinCredits":  4700, "bonusData": "2"},
		{"matchIn":  9, "pattern":  4328448, "baseWinCredits": 1300                                            },
		{"matchIn":  9, "pattern":  4349952, "baseWinCredits": 1250                                            },
		{"matchIn":  9, "pattern":     3204, "baseWinCredits": 1250                                            },
		{"matchIn":  9, "pattern":    24708, "baseWinCredits": 1250                                            },
		{"matchIn":  9, "pattern":  1115201, "baseWinCredits":    0, "bonusWinCredits":  3400, "bonusData": "3"},
		{"matchIn":  9, "pattern": 17056016, "baseWinCredits":   25, "bonusWinCredits":  5200, "bonusData": "1"},
		{"matchIn":  9, "pattern":      341, "baseWinCredits":   25, "bonusWinCredits":  1700, "bonusData": "1"},
		{"matchIn":  9, "pattern": 22347776, "baseWinCredits":    0, "bonusWinCredits":   800, "bonusData": "1"},
		{"matchIn":  9, "pattern": 17039425, "baseWinCredits": 1200                                            },
		{"matchIn":  9, "pattern":  1114384, "baseWinCredits": 1150                                            },
		{"matchIn":  9, "pattern":   141440, "baseWinCredits": 1125                                            },
		{"matchIn":  9, "pattern":   328000, "baseWinCredits": 1100                                            },
		{"matchIn":  9, "pattern":  4211716, "baseWinCredits": 1100                                            },
		{"matchIn":  9, "pattern": 17825809, "baseWinCredits": 1075                                            },
		{"matchIn":  9, "pattern":   131520, "baseWinCredits": 1050                                            },
		{"matchIn":  9, "pattern":    10564, "baseWinCredits": 1050                                            },
		{"matchIn":  9, "pattern":  4532224, "baseWinCredits": 1050                                            },
		{"matchIn": 10, "pattern":       99, "baseWinCredits": 1050                                            },
		{"matchIn": 10, "pattern":      792, "baseWinCredits": 1025                                            },
		{"matchIn": 10, "pattern":  3244032, "baseWinCredits": 1000                                            },
		{"matchIn": 10, "pattern": 25952256, "baseWinCredits":  975                                            },
		{"matchIn": 10, "pattern":     1063, "baseWinCredits":  950                                            },
		{"matchIn": 10, "pattern":    16924, "baseWinCredits":  950                                            },
		{"matchIn": 10, "pattern":  7373824, "baseWinCredits":  950                                            },
		{"matchIn": 10, "pattern": 29900800, "baseWinCredits":  950                                            },
		{"matchIn": 10, "pattern":  4328448, "baseWinCredits":  950                                            },
		{"matchIn": 10, "pattern":  4349952, "baseWinCredits":  950                                            },
		{"matchIn": 10, "pattern":     3204, "baseWinCredits":  925                                            },
		{"matchIn": 10, "pattern":    24708, "baseWinCredits":  900                                            },
		{"matchIn": 10, "pattern":  1115201, "baseWinCredits":  875                                            },
		{"matchIn": 10, "pattern": 17056016, "baseWinCredits":  875                                            },
		{"matchIn": 10, "pattern":      341, "baseWinCredits":  875                                            },
		{"matchIn": 10, "pattern": 22347776, "baseWinCredits":  875                                            },
		{"matchIn": 10, "pattern": 17039425, "baseWinCredits":  875                                            },
		{"matchIn": 10, "pattern":  1114384, "baseWinCredits":  850                                            },
		{"matchIn": 10, "pattern":   141440, "baseWinCredits":  850                                            },
		{"matchIn": 10, "pattern":   328000, "baseWinCredits":  825                                            },
		{"matchIn": 10, "pattern":  4211716, "baseWinCredits":  825                                            },
		{"matchIn": 10, "pattern": 17825809, "baseWinCredits":  800                                            },
		{"matchIn": 10, "pattern":   131520, "baseWinCredits":  800                                            },
		{"matchIn": 10, "pattern":    10564, "baseWinCredits":  800                                            },
		{"matchIn": 10, "pattern":  4532224, "baseWinCredits":  800                                            },
		{"matchIn": 11, "pattern":       99, "baseWinCredits":  775                                            },
		{"matchIn": 11, "pattern":      792, "baseWinCredits":  775                                            },
		{"matchIn": 11, "pattern":  3244032, "baseWinCredits":  750                                            },
		{"matchIn": 11, "pattern": 25952256, "baseWinCredits":  725                                            },
		{"matchIn": 11, "pattern":     1063, "baseWinCredits":   10, "bonusWinCredits":  6050, "bonusData": "1"},
		{"matchIn": 11, "pattern":    16924, "baseWinCredits":  700                                            },
		{"matchIn": 11, "pattern":  7373824, "baseWinCredits":  700                                            },
		{"matchIn": 11, "pattern": 29900800, "baseWinCredits":  700                                            },
		{"matchIn": 11, "pattern":  4328448, "baseWinCredits":  700                                            },
		{"matchIn": 11, "pattern":  4349952, "baseWinCredits":  700                                            },
		{"matchIn": 11, "pattern":     3204, "baseWinCredits":  700                                            },
		{"matchIn": 11, "pattern":    24708, "baseWinCredits":  675                                            },
		{"matchIn": 11, "pattern":  1115201, "baseWinCredits":  675                                            },
		{"matchIn": 11, "pattern": 17056016, "baseWinCredits":  675                                            },
		{"matchIn": 11, "pattern":      341, "baseWinCredits":    0, "bonusWinCredits":  6050, "bonusData": "3"},
		{"matchIn": 11, "pattern": 22347776, "baseWinCredits":  675                                            },
		{"matchIn": 11, "pattern": 17039425, "baseWinCredits":    0, "bonusWinCredits":  1900, "bonusData": "3"},
		{"matchIn": 11, "pattern":  1114384, "baseWinCredits":    0, "bonusWinCredits":  1700, "bonusData": "3"},
		{"matchIn": 11, "pattern":   141440, "baseWinCredits":  650                                            },
		{"matchIn": 11, "pattern":   328000, "baseWinCredits":  650                                            },
		{"matchIn": 11, "pattern":  4211716, "baseWinCredits":  650                                            },
		{"matchIn": 11, "pattern": 17825809, "baseWinCredits":  625                                            },
		{"matchIn": 11, "pattern":   131520, "baseWinCredits":  625                                            },
		{"matchIn": 11, "pattern":    10564, "baseWinCredits":  625                                            },
		{"matchIn": 11, "pattern":  4532224, "baseWinCredits":  625                                            },
		{"matchIn": 12, "pattern":       99, "baseWinCredits":  625                                            },
		{"matchIn": 12, "pattern":      792, "baseWinCredits":  600                                            },
		{"matchIn": 12, "pattern":  3244032, "baseWinCredits":  600                                            },
		{"matchIn": 12, "pattern": 25952256, "baseWinCredits":  600                                            },
		{"matchIn": 12, "pattern":     1063, "baseWinCredits":  575                                            },
		{"matchIn": 12, "pattern":    16924, "baseWinCredits":  575                                            },
		{"matchIn": 12, "pattern":  7373824, "baseWinCredits":  575                                            },
		{"matchIn": 12, "pattern": 29900800, "baseWinCredits":  575                                            },
		{"matchIn": 12, "pattern":  4328448, "baseWinCredits":  575                                            },
		{"matchIn": 12, "pattern":  4349952, "baseWinCredits":  100, "bonusWinCredits":   950, "bonusData": "1"},
		{"matchIn": 12, "pattern":     3204, "baseWinCredits":    0, "bonusWinCredits":   900, "bonusData": "1"},
		{"matchIn": 12, "pattern":    24708, "baseWinCredits":  550                                            },
		{"matchIn": 12, "pattern":  1115201, "baseWinCredits":   25, "bonusWinCredits":  5200, "bonusData": "1"},
		{"matchIn": 12, "pattern": 17056016, "baseWinCredits":    0, "bonusWinCredits":  6750, "bonusData": "1"},
		{"matchIn": 12, "pattern":      341, "baseWinCredits":   25, "bonusWinCredits":  1700, "bonusData": "1"},
		{"matchIn": 12, "pattern": 22347776, "baseWinCredits":    0, "bonusWinCredits":  6700, "bonusData": "1"},
		{"matchIn": 12, "pattern": 17039425, "baseWinCredits":  550                                            },
		{"matchIn": 12, "pattern":  1114384, "baseWinCredits":  550                                            },
		{"matchIn": 12, "pattern":   141440, "baseWinCredits":  550                                            },
		{"matchIn": 12, "pattern":   328000, "baseWinCredits":  525                                            },
		{"matchIn": 12, "pattern":  4211716, "baseWinCredits":  525                                            },
		{"matchIn": 12, "pattern": 17825809, "baseWinCredits":  525                                            },
		{"matchIn": 12, "pattern":   131520, "baseWinCredits":  525                                            },
		{"matchIn": 12, "pattern":    10564, "baseWinCredits":  525                                            },
		{"matchIn": 12, "pattern":  4532224, "baseWinCredits":  500                                            },
		{"matchIn": 13, "pattern":       99, "baseWinCredits":  500                                            },
		{"matchIn": 13, "pattern":      792, "baseWinCredits":  500                                            },
		{"matchIn": 13, "pattern":  3244032, "baseWinCredits":  500                                            },
		{"matchIn": 13, "pattern": 25952256, "baseWinCredits":  475                                            },
		{"matchIn": 13, "pattern":     1063, "baseWinCredits":  475                                            },
		{"matchIn": 13, "pattern":    16924, "baseWinCredits":  475                                            },
		{"matchIn": 13, "pattern":  7373824, "baseWinCredits":  475                                            },
		{"matchIn": 13, "pattern": 29900800, "baseWinCredits":  475                                            },
		{"matchIn": 13, "pattern":  4328448, "baseWinCredits":  450                                            },
		{"matchIn": 13, "pattern":  4349952, "baseWinCredits":  450                                            },
		{"matchIn": 13, "pattern":     3204, "baseWinCredits":  450                                            },
		{"matchIn": 13, "pattern":    24708, "baseWinCredits":  450                                            },
		{"matchIn": 13, "pattern":  1115201, "baseWinCredits":    0, "bonusWinCredits":  2250, "bonusData": "2"},
		{"matchIn": 13, "pattern": 17056016, "baseWinCredits":    0, "bonusWinCredits":  2400, "bonusData": "2"},
		{"matchIn": 13, "pattern":      341, "baseWinCredits":  425                                            },
		{"matchIn": 13, "pattern": 22347776, "baseWinCredits":  425                                            },
		{"matchIn": 13, "pattern": 17039425, "baseWinCredits":  425                                            },
		{"matchIn": 13, "pattern":  1114384, "baseWinCredits":  425                                            },
		{"matchIn": 13, "pattern":   141440, "baseWinCredits":  425                                            },
		{"matchIn": 13, "pattern":   328000, "baseWinCredits":  425                                            },
		{"matchIn": 13, "pattern":  4211716, "baseWinCredits":  400                                            },
		{"matchIn": 13, "pattern": 17825809, "baseWinCredits":  400                                            },
		{"matchIn": 13, "pattern":   131520, "baseWinCredits":  400                                            },
		{"matchIn": 13, "pattern":    10564, "baseWinCredits":   50, "bonusWinCredits":  3400, "bonusData": "1"},
		{"matchIn": 13, "pattern":  4532224, "baseWinCredits":   50, "bonusWinCredits":  3600, "bonusData": "1"},
		{"matchIn": 14, "pattern":       99, "baseWinCredits":  375                                            },
		{"matchIn": 14, "pattern":      792, "baseWinCredits":  375                                            },
		{"matchIn": 14, "pattern":  3244032, "baseWinCredits":  375                                            },
		{"matchIn": 14, "pattern": 25952256, "baseWinCredits":  375                                            },
		{"matchIn": 14, "pattern":     1063, "baseWinCredits":    0, "bonusWinCredits":  3400, "bonusData": "3"},
		{"matchIn": 14, "pattern":    16924, "baseWinCredits":  375                                            },
		{"matchIn": 14, "pattern":  7373824, "baseWinCredits":  375                                            },
		{"matchIn": 14, "pattern": 29900800, "baseWinCredits":  375                                            },
		{"matchIn": 14, "pattern":  4328448, "baseWinCredits":  375                                            },
		{"matchIn": 14, "pattern":  4349952, "baseWinCredits":  350                                            },
		{"matchIn": 14, "pattern":     3204, "baseWinCredits":  350                                            },
		{"matchIn": 14, "pattern":    24708, "baseWinCredits":  350                                            },
		{"matchIn": 14, "pattern":  1115201, "baseWinCredits":    0, "bonusWinCredits":  3400, "bonusData": "3"},
		{"matchIn": 14, "pattern": 17056016, "baseWinCredits":  350                                            },
		{"matchIn": 14, "pattern":      341, "baseWinCredits":  350                                            },
		{"matchIn": 14, "pattern": 22347776, "baseWinCredits":  350                                            },
		{"matchIn": 14, "pattern": 17039425, "baseWinCredits":  350                                            },
		{"matchIn": 14, "pattern":  1114384, "baseWinCredits":  350                                            },
		{"matchIn": 14, "pattern":   141440, "baseWinCredits":  350                                            },
		{"matchIn": 14, "pattern":   328000, "baseWinCredits":  325                                            },
		{"matchIn": 14, "pattern":  4211716, "baseWinCredits":  325                                            },
		{"matchIn": 14, "pattern": 17825809, "baseWinCredits":  325                                            },
		{"matchIn": 14, "pattern":   131520, "baseWinCredits":  325                                            },
		{"matchIn": 14, "pattern":    10564, "baseWinCredits":  325                                            },
		{"matchIn": 14, "pattern":  4532224, "baseWinCredits":  325                                            },
		{"matchIn": 15, "pattern":       99, "baseWinCredits":  325                                            },
		{"matchIn": 15, "pattern":      792, "baseWinCredits":  325                                            },
		{"matchIn": 15, "pattern":  3244032, "baseWinCredits":  300                                            },
		{"matchIn": 15, "pattern": 25952256, "baseWinCredits":  300                                            },
		{"matchIn": 15, "pattern":     1063, "baseWinCredits":  300                                            },
		{"matchIn": 15, "pattern":    16924, "baseWinCredits":    0, "bonusWinCredits":  7150, "bonusData": "3"},
		{"matchIn": 15, "pattern":  7373824, "baseWinCredits":    0, "bonusWinCredits":  6050, "bonusData": "3"},
		{"matchIn": 15, "pattern": 29900800, "baseWinCredits":    0, "bonusWinCredits":  5500, "bonusData": "3"},
		{"matchIn": 15, "pattern":  4328448, "baseWinCredits":  300                                            },
		{"matchIn": 15, "pattern":  4349952, "baseWinCredits":  300                                            },
		{"matchIn": 15, "pattern":     3204, "baseWinCredits":  300                                            },
		{"matchIn": 15, "pattern":    24708, "baseWinCredits":  300                                            },
		{"matchIn": 15, "pattern":  1115201, "baseWinCredits":    0, "bonusWinCredits":  8300, "bonusData": "3"},
		{"matchIn": 15, "pattern": 17056016, "baseWinCredits":    5, "bonusWinCredits":  5550, "bonusData": "1"},
		{"matchIn": 15, "pattern":      341, "baseWinCredits":    0, "bonusWinCredits":  2400, "bonusData": "1"},
		{"matchIn": 15, "pattern": 22347776, "baseWinCredits":  300                                            },
		{"matchIn": 15, "pattern": 17039425, "baseWinCredits":  300                                            },
		{"matchIn": 15, "pattern":  1114384, "baseWinCredits":  275                                            },
		{"matchIn": 15, "pattern":   141440, "baseWinCredits":  275                                            },
		{"matchIn": 15, "pattern":   328000, "baseWinCredits":  275                                            },
		{"matchIn": 15, "pattern":  4211716, "baseWinCredits":  275                                            },
		{"matchIn": 15, "pattern": 17825809, "baseWinCredits":  260                                            },
		{"matchIn": 15, "pattern":   131520, "baseWinCredits":  260                                            },
		{"matchIn": 15, "pattern":    10564, "baseWinCredits":  260                                            },
		{"matchIn": 15, "pattern":  4532224, "baseWinCredits":  260                                            },
		{"matchIn": 16, "pattern":       99, "baseWinCredits":  260                                            },
		{"matchIn": 16, "pattern":      792, "baseWinCredits":  250                                            },
		{"matchIn": 16, "pattern":  3244032, "baseWinCredits":  250                                            },
		{"matchIn": 16, "pattern": 25952256, "baseWinCredits":  250                                            },
		{"matchIn": 16, "pattern":     1063, "baseWinCredits":    0, "bonusWinCredits":  2850, "bonusData": "2"},
		{"matchIn": 16, "pattern":    16924, "baseWinCredits":   25, "bonusWinCredits":  4250, "bonusData": "1"},
		{"matchIn": 16, "pattern":  7373824, "baseWinCredits":    0, "bonusWinCredits":  3800, "bonusData": "1"},
		{"matchIn": 16, "pattern": 29900800, "baseWinCredits":   50, "bonusWinCredits":  3600, "bonusData": "1"},
		{"matchIn": 16, "pattern":  4328448, "baseWinCredits":  240                                            },
		{"matchIn": 16, "pattern":  4349952, "baseWinCredits":  240                                            },
		{"matchIn": 16, "pattern":     3204, "baseWinCredits":  240                                            },
		{"matchIn": 16, "pattern":    24708, "baseWinCredits":  230                                            },
		{"matchIn": 16, "pattern":  1115201, "baseWinCredits":  230                                            },
		{"matchIn": 16, "pattern": 17056016, "baseWinCredits":  230                                            },
		{"matchIn": 16, "pattern":      341, "baseWinCredits":  230                                            },
		{"matchIn": 16, "pattern": 22347776, "baseWinCredits":  230                                            },
		{"matchIn": 16, "pattern": 17039425, "baseWinCredits":  230                                            },
		{"matchIn": 16, "pattern":  1114384, "baseWinCredits":  220                                            },
		{"matchIn": 16, "pattern":   141440, "baseWinCredits":  220                                            },
		{"matchIn": 16, "pattern":   328000, "baseWinCredits":  220                                            },
		{"matchIn": 16, "pattern":  4211716, "baseWinCredits":    0, "bonusWinCredits":   550, "bonusData": "1"},
		{"matchIn": 16, "pattern": 17825809, "baseWinCredits":    0, "bonusWinCredits":   500, "bonusData": "1"},
		{"matchIn": 16, "pattern":   131520, "baseWinCredits":  220                                            },
		{"matchIn": 16, "pattern":    10564, "baseWinCredits":  220                                            },
		{"matchIn": 16, "pattern":  4532224, "baseWinCredits":  220                                            },
		{"matchIn": 17, "pattern":       99, "baseWinCredits":  210                                            },
		{"matchIn": 17, "pattern":      792, "baseWinCredits":  210                                            },
		{"matchIn": 17, "pattern":  3244032, "baseWinCredits":  210                                            },
		{"matchIn": 17, "pattern": 25952256, "baseWinCredits":  200                                            },
		{"matchIn": 17, "pattern":     1063, "baseWinCredits":  200                                            },
		{"matchIn": 17, "pattern":    16924, "baseWinCredits":    0, "bonusWinCredits":  2050, "bonusData": "3"},
		{"matchIn": 17, "pattern":  7373824, "baseWinCredits":    0, "bonusWinCredits":  2350, "bonusData": "2"},
		{"matchIn": 17, "pattern": 29900800, "baseWinCredits":    5, "bonusWinCredits":  2650, "bonusData": "1"},
		{"matchIn": 17, "pattern":  4328448, "baseWinCredits":  200                                            },
		{"matchIn": 17, "pattern":  4349952, "baseWinCredits":  200                                            },
		{"matchIn": 17, "pattern":     3204, "baseWinCredits":  200                                            },
		{"matchIn": 17, "pattern":    24708, "baseWinCredits":  200                                            },
		{"matchIn": 17, "pattern":  1115201, "baseWinCredits":  200                                            },
		{"matchIn": 17, "pattern": 17056016, "baseWinCredits":  200                                            },
		{"matchIn": 17, "pattern":      341, "baseWinCredits":  190                                            },
		{"matchIn": 17, "pattern": 22347776, "baseWinCredits":  190                                            },
		{"matchIn": 17, "pattern": 17039425, "baseWinCredits":  190                                            },
		{"matchIn": 17, "pattern":  1114384, "baseWinCredits":  190                                            },
		{"matchIn": 17, "pattern":   141440, "baseWinCredits":  190                                            },
		{"matchIn": 17, "pattern":   328000, "baseWinCredits":  180                                            },
		{"matchIn": 17, "pattern":  4211716, "baseWinCredits":  180                                            },
		{"matchIn": 17, "pattern": 17825809, "baseWinCredits":  180                                            },
		{"matchIn": 17, "pattern":   131520, "baseWinCredits":  180                                            },
		{"matchIn": 17, "pattern":    10564, "baseWinCredits":  180                                            },
		{"matchIn": 17, "pattern":  4532224, "baseWinCredits":    0, "bonusWinCredits":  2350, "bonusData": "1"},
		{"matchIn": 18, "pattern":       99, "baseWinCredits":  180                                            },
		{"matchIn": 18, "pattern":      792, "baseWinCredits":  170                                            },
		{"matchIn": 18, "pattern":  3244032, "baseWinCredits":  170                                            },
		{"matchIn": 18, "pattern": 25952256, "baseWinCredits":  170                                            },
		{"matchIn": 18, "pattern":     1063, "baseWinCredits":  170                                            },
		{"matchIn": 18, "pattern":    16924, "baseWinCredits":    0, "bonusWinCredits":  2250, "bonusData": "2"},
		{"matchIn": 18, "pattern":  7373824, "baseWinCredits":  160                                            },
		{"matchIn": 18, "pattern": 29900800, "baseWinCredits":  160                                            },
		{"matchIn": 18, "pattern":  4328448, "baseWinCredits":  160                                            },
		{"matchIn": 18, "pattern":  4349952, "baseWinCredits":  160                                            },
		{"matchIn": 18, "pattern":     3204, "baseWinCredits":  160                                            },
		{"matchIn": 18, "pattern":    24708, "baseWinCredits":  160                                            },
		{"matchIn": 18, "pattern":  1115201, "baseWinCredits":  160                                            },
		{"matchIn": 18, "pattern": 17056016, "baseWinCredits":  160                                            },
		{"matchIn": 18, "pattern":      341, "baseWinCredits":  160                                            },
		{"matchIn": 18, "pattern": 22347776, "baseWinCredits":  160                                            },
		{"matchIn": 18, "pattern": 17039425, "baseWinCredits":  160                                            },
		{"matchIn": 18, "pattern":  1114384, "baseWinCredits":  150                                            },
		{"matchIn": 18, "pattern":   141440, "baseWinCredits":  150                                            },
		{"matchIn": 18, "pattern":   328000, "baseWinCredits":  150                                            },
		{"matchIn": 18, "pattern":  4211716, "baseWinCredits":  150                                            },
		{"matchIn": 18, "pattern": 17825809, "baseWinCredits":  145                                            },
		{"matchIn": 18, "pattern":   131520, "baseWinCredits":  145                                            },
		{"matchIn": 18, "pattern":    10564, "baseWinCredits":  145                                            },
		{"matchIn": 18, "pattern":  4532224, "baseWinCredits":  145                                            },
		{"matchIn": 19, "pattern":       99, "baseWinCredits":  140                                            },
		{"matchIn": 19, "pattern":      792, "baseWinCredits":  140                                            },
		{"matchIn": 19, "pattern":  3244032, "baseWinCredits":  140                                            },
		{"matchIn": 19, "pattern": 25952256, "baseWinCredits":  140                                            },
		{"matchIn": 19, "pattern":     1063, "baseWinCredits":  100, "bonusWinCredits":  1800, "bonusData": "2"},
		{"matchIn": 19, "pattern":    16924, "baseWinCredits":   50, "bonusWinCredits":  1650, "bonusData": "2"},
		{"matchIn": 19, "pattern":  7373824, "baseWinCredits":  135                                            },
		{"matchIn": 19, "pattern": 29900800, "baseWinCredits":  135                                            },
		{"matchIn": 19, "pattern":  4328448, "baseWinCredits":  135                                            },
		{"matchIn": 19, "pattern":  4349952, "baseWinCredits":  135                                            },
		{"matchIn": 19, "pattern":     3204, "baseWinCredits":  135                                            },
		{"matchIn": 19, "pattern":    24708, "baseWinCredits":  130                                            },
		{"matchIn": 19, "pattern":  1115201, "baseWinCredits":  130                                            },
		{"matchIn": 19, "pattern": 17056016, "baseWinCredits":  130                                            },
		{"matchIn": 19, "pattern":      341, "baseWinCredits":  130                                            },
		{"matchIn": 19, "pattern": 22347776, "baseWinCredits":  130                                            },
		{"matchIn": 19, "pattern": 17039425, "baseWinCredits":  130                                            },
		{"matchIn": 19, "pattern":  1114384, "baseWinCredits":  125                                            },
		{"matchIn": 19, "pattern":   141440, "baseWinCredits":  125                                            },
		{"matchIn": 19, "pattern":   328000, "baseWinCredits":  125                                            },
		{"matchIn": 19, "pattern":  4211716, "baseWinCredits":  125                                            },
		{"matchIn": 19, "pattern": 17825809, "baseWinCredits":  120                                            },
		{"matchIn": 19, "pattern":   131520, "baseWinCredits":  120                                            },
		{"matchIn": 19, "pattern":    10564, "baseWinCredits":  120                                            },
		{"matchIn": 19, "pattern":  4532224, "baseWinCredits":  120                                            },
		{"matchIn": 20, "pattern":       99, "baseWinCredits":  120                                            },
		{"matchIn": 20, "pattern":      792, "baseWinCredits":  120                                            },
		{"matchIn": 20, "pattern":  3244032, "baseWinCredits":  120                                            },
		{"matchIn": 20, "pattern": 25952256, "baseWinCredits":  115                                            },
		{"matchIn": 20, "pattern":     1063, "baseWinCredits":  115                                            },
		{"matchIn": 20, "pattern":    16924, "baseWinCredits":  115                                            },
		{"matchIn": 20, "pattern":  7373824, "baseWinCredits":  115                                            },
		{"matchIn": 20, "pattern": 29900800, "baseWinCredits":  115                                            },
		{"matchIn": 20, "pattern":  4328448, "baseWinCredits":  110                                            },
		{"matchIn": 20, "pattern":  4349952, "baseWinCredits":  110                                            },
		{"matchIn": 20, "pattern":     3204, "baseWinCredits":  110                                            },
		{"matchIn": 20, "pattern":    24708, "baseWinCredits":  110                                            },
		{"matchIn": 20, "pattern":  1115201, "baseWinCredits":  105                                            },
		{"matchIn": 20, "pattern": 17056016, "baseWinCredits":  105                                            },
		{"matchIn": 20, "pattern":      341, "baseWinCredits":  105                                            },
		{"matchIn": 20, "pattern": 22347776, "baseWinCredits":  105                                            },
		{"matchIn": 20, "pattern": 17039425, "baseWinCredits":  105                                            },
		{"matchIn": 20, "pattern":  1114384, "baseWinCredits":  105                                            },
		{"matchIn": 20, "pattern":   141440, "baseWinCredits":  100                                            },
		{"matchIn": 20, "pattern":   328000, "baseWinCredits":  100                                            },
		{"matchIn": 20, "pattern":  4211716, "baseWinCredits":  100                                            },
		{"matchIn": 20, "pattern": 17825809, "baseWinCredits":  100                                            },
		{"matchIn": 20, "pattern":   131520, "baseWinCredits":  100                                            },
		{"matchIn": 20, "pattern":    10564, "baseWinCredits":  100                                            },
		{"matchIn": 20, "pattern":  4532224, "baseWinCredits":  100                                            },
		{"matchIn": 21, "pattern":       99, "baseWinCredits":  100                                            },
		{"matchIn": 21, "pattern":      792, "baseWinCredits":   95                                            },
		{"matchIn": 21, "pattern":  3244032, "baseWinCredits":   95                                            },
		{"matchIn": 21, "pattern": 25952256, "baseWinCredits":   95                                            },
		{"matchIn": 21, "pattern":     1063, "baseWinCredits":   90                                            },
		{"matchIn": 21, "pattern":    16924, "baseWinCredits":   90                                            },
		{"matchIn": 21, "pattern":  7373824, "baseWinCredits":   90                                            },
		{"matchIn": 21, "pattern": 29900800, "baseWinCredits":   90                                            },
		{"matchIn": 21, "pattern":  4328448, "baseWinCredits":   90                                            },
		{"matchIn": 21, "pattern":  4349952, "baseWinCredits":   90                                            },
		{"matchIn": 21, "pattern":     3204, "baseWinCredits":   85                                            },
		{"matchIn": 21, "pattern":    24708, "baseWinCredits":   85                                            },
		{"matchIn": 21, "pattern":  1115201, "baseWinCredits":   85                                            },
		{"matchIn": 21, "pattern": 17056016, "baseWinCredits":   85                                            },
		{"matchIn": 21, "pattern":      341, "baseWinCredits":   85                                            },
		{"matchIn": 21, "pattern": 22347776, "baseWinCredits":   85                                            },
		{"matchIn": 21, "pattern": 17039425, "baseWinCredits":   80                                            },
		{"matchIn": 21, "pattern":  1114384, "baseWinCredits":   80                                            },
		{"matchIn": 21, "pattern":   141440, "baseWinCredits":   80                                            },
		{"matchIn": 21, "pattern":   328000, "baseWinCredits":   80                                            },
		{"matchIn": 21, "pattern":  4211716, "baseWinCredits":   80                                            },
		{"matchIn": 21, "pattern": 17825809, "baseWinCredits":   80                                            },
		{"matchIn": 21, "pattern":   131520, "baseWinCredits":   75                                            },
		{"matchIn": 21, "pattern":    10564, "baseWinCredits":   75                                            },
		{"matchIn": 21, "pattern":  4532224, "baseWinCredits":   75                                            },
		{"matchIn": 22, "pattern":       99, "baseWinCredits":   75                                            },
		{"matchIn": 22, "pattern":      792, "baseWinCredits":   75                                            },
		{"matchIn": 22, "pattern":  3244032, "baseWinCredits":   75                                            },
		{"matchIn": 22, "pattern": 25952256, "baseWinCredits":   75                                            },
		{"matchIn": 22, "pattern":     1063, "baseWinCredits":   75                                            },
		{"matchIn": 22, "pattern":    16924, "baseWinCredits":   70                                            },
		{"matchIn": 22, "pattern":  7373824, "baseWinCredits":   70                                            },
		{"matchIn": 22, "pattern": 29900800, "baseWinCredits":   70                                            },
		{"matchIn": 22, "pattern":  4328448, "baseWinCredits":   70                                            },
		{"matchIn": 22, "pattern":  4349952, "baseWinCredits":   70                                            },
		{"matchIn": 22, "pattern":     3204, "baseWinCredits":   70                                            },
		{"matchIn": 22, "pattern":    24708, "baseWinCredits":   70                                            },
		{"matchIn": 22, "pattern":  1115201, "baseWinCredits":   65                                            },
		{"matchIn": 22, "pattern": 17056016, "baseWinCredits":   65                                            },
		{"matchIn": 22, "pattern":      341, "baseWinCredits":   65                                            },
		{"matchIn": 22, "pattern": 22347776, "baseWinCredits":   65                                            },
		{"matchIn": 22, "pattern": 17039425, "baseWinCredits":   65                                            },
		{"matchIn": 22, "pattern":  1114384, "baseWinCredits":   65                                            },
		{"matchIn": 22, "pattern":   141440, "baseWinCredits":   65                                            },
		{"matchIn": 22, "pattern":   328000, "baseWinCredits":   60                                            },
		{"matchIn": 22, "pattern":  4211716, "baseWinCredits":   60                                            },
		{"matchIn": 22, "pattern": 17825809, "baseWinCredits":   60                                            },
		{"matchIn": 22, "pattern":   131520, "baseWinCredits":   60                                            },
		{"matchIn": 22, "pattern":    10564, "baseWinCredits":   60                                            },
		{"matchIn": 22, "pattern":  4532224, "baseWinCredits":   60                                            },
		{"matchIn": 23, "pattern":       99, "baseWinCredits":   60                                            },
		{"matchIn": 23, "pattern":      792, "baseWinCredits":   60                                            },
		{"matchIn": 23, "pattern":  3244032, "baseWinCredits":   60                                            },
		{"matchIn": 23, "pattern": 25952256, "baseWinCredits":   60                                            },
		{"matchIn": 23, "pattern":     1063, "baseWinCredits":   60                                            },
		{"matchIn": 23, "pattern":    16924, "baseWinCredits":   60                                            },
		{"matchIn": 23, "pattern":  7373824, "baseWinCredits":   60                                            },
		{"matchIn": 23, "pattern": 29900800, "baseWinCredits":   60                                            },
		{"matchIn": 23, "pattern":  4328448, "baseWinCredits":   60                                            },
		{"matchIn": 23, "pattern":  4349952, "baseWinCredits":   55                                            },
		{"matchIn": 23, "pattern":     3204, "baseWinCredits":   55                                            },
		{"matchIn": 23, "pattern":    24708, "baseWinCredits":   55                                            },
		{"matchIn": 23, "pattern":  1115201, "baseWinCredits":   10, "bonusWinCredits":   600, "bonusData": "1"},
		{"matchIn": 23, "pattern": 17056016, "baseWinCredits":   55                                            },
		{"matchIn": 23, "pattern":      341, "baseWinCredits":   55                                            },
		{"matchIn": 23, "pattern": 22347776, "baseWinCredits":   55                                            },
		{"matchIn": 23, "pattern": 17039425, "baseWinCredits":   55                                            },
		{"matchIn": 23, "pattern":  1114384, "baseWinCredits":   55                                            },
		{"matchIn": 23, "pattern":   141440, "baseWinCredits":   55                                            },
		{"matchIn": 23, "pattern":   328000, "baseWinCredits":   50                                            },
		{"matchIn": 23, "pattern":  4211716, "baseWinCredits":   50                                            },
		{"matchIn": 23, "pattern": 17825809, "baseWinCredits":   50                                            },
		{"matchIn": 23, "pattern":   131520, "baseWinCredits":   50                                            },
		{"matchIn": 23, "pattern":    10564, "baseWinCredits":   50                                            },
		{"matchIn": 23, "pattern":  4532224, "baseWinCredits":   50                                            },
		{"matchIn": 24, "pattern":       99, "baseWinCredits":   50                                            },
		{"matchIn": 24, "pattern":      792, "baseWinCredits":   50                                            },
		{"matchIn": 24, "pattern":  3244032, "baseWinCredits":   45                                            },
		{"matchIn": 24, "pattern": 25952256, "baseWinCredits":   45                                            },
		{"matchIn": 24, "pattern":     1063, "baseWinCredits":   45                                            },
		{"matchIn": 24, "pattern":    16924, "baseWinCredits":   45                                            },
		{"matchIn": 24, "pattern":  7373824, "baseWinCredits":   45                                            },
		{"matchIn": 24, "pattern": 29900800, "baseWinCredits":   45                                            },
		{"matchIn": 24, "pattern":  4328448, "baseWinCredits":   45                                            },
		{"matchIn": 24, "pattern":  4349952, "baseWinCredits":   45                                            },
		{"matchIn": 24, "pattern":     3204, "baseWinCredits":   45                                            },
		{"matchIn": 24, "pattern":    24708, "baseWinCredits":   45                                            },
		{"matchIn": 24, "pattern":  1115201, "baseWinCredits":   45                                            },
		{"matchIn": 24, "pattern": 17056016, "baseWinCredits":   45                                            },
		{"matchIn": 24, "pattern":      341, "baseWinCredits":   45                                            },
		{"matchIn": 24, "pattern": 22347776, "baseWinCredits":   40                                            },
		{"matchIn": 24, "pattern": 17039425, "baseWinCredits":   40                                            },
		{"matchIn": 24, "pattern":  1114384, "baseWinCredits":   40                                            },
		{"matchIn": 24, "pattern":   141440, "baseWinCredits":   40                                            },
		{"matchIn": 24, "pattern":   328000, "baseWinCredits":   40                                            },
		{"matchIn": 24, "pattern":  4211716, "baseWinCredits":   40                                            },
		{"matchIn": 24, "pattern": 17825809, "baseWinCredits":   40                                            },
		{"matchIn": 24, "pattern":   131520, "baseWinCredits":   40                                            },
		{"matchIn": 24, "pattern":    10564, "baseWinCredits":   40                                            },
		{"matchIn": 24, "pattern":  4532224, "baseWinCredits":   40                                            },
		{"matchIn": 25, "pattern":       99, "baseWinCredits":   40                                            },
		{"matchIn": 25, "pattern":      792, "baseWinCredits":   40                                            },
		{"matchIn": 25, "pattern":  3244032, "baseWinCredits":   40                                            },
		{"matchIn": 25, "pattern": 25952256, "baseWinCredits":   35                                            },
		{"matchIn": 25, "pattern":     1063, "baseWinCredits":   35                                            },
		{"matchIn": 25, "pattern":    16924, "baseWinCredits":   35                                            },
		{"matchIn": 25, "pattern":  7373824, "baseWinCredits":   35                                            },
		{"matchIn": 25, "pattern": 29900800, "baseWinCredits":   35                                            },
		{"matchIn": 25, "pattern":  4328448, "baseWinCredits":   35                                            },
		{"matchIn": 25, "pattern":  4349952, "baseWinCredits":   35                                            },
		{"matchIn": 25, "pattern":     3204, "baseWinCredits":   35                                            },
		{"matchIn": 25, "pattern":    24708, "baseWinCredits":   35                                            },
		{"matchIn": 25, "pattern":  1115201, "baseWinCredits":   35                                            },
		{"matchIn": 25, "pattern": 17056016, "baseWinCredits":   35                                            },
		{"matchIn": 25, "pattern":      341, "baseWinCredits":   35                                            },
		{"matchIn": 25, "pattern": 22347776, "baseWinCredits":   35                                            },
		{"matchIn": 25, "pattern": 17039425, "baseWinCredits":   35                                            },
		{"matchIn": 25, "pattern":  1114384, "baseWinCredits":   35                                            },
		{"matchIn": 25, "pattern":   141440, "baseWinCredits":   35                                            },
		{"matchIn": 25, "pattern":   328000, "baseWinCredits":   35                                            },
		{"matchIn": 25, "pattern":  4211716, "baseWinCredits":   30                                            },
		{"matchIn": 25, "pattern": 17825809, "baseWinCredits":   30                                            },
		{"matchIn": 25, "pattern":   131520, "baseWinCredits":   30                                            },
		{"matchIn": 25, "pattern":    10564, "baseWinCredits":   30                                            },
		{"matchIn": 25, "pattern":  4532224, "baseWinCredits":   30                                            },
		{"matchIn": 26, "pattern":       99, "baseWinCredits":   30                                            },
		{"matchIn": 26, "pattern":      792, "baseWinCredits":   30                                            },
		{"matchIn": 26, "pattern":  3244032, "baseWinCredits":   30                                            },
		{"matchIn": 26, "pattern": 25952256, "baseWinCredits":   30                                            },
		{"matchIn": 26, "pattern":     1063, "baseWinCredits":   30                                            },
		{"matchIn": 26, "pattern":    16924, "baseWinCredits":   30                                            },
		{"matchIn": 26, "pattern":  7373824, "baseWinCredits":   30                                            },
		{"matchIn": 26, "pattern": 29900800, "baseWinCredits":   30                                            },
		{"matchIn": 26, "pattern":  4328448, "baseWinCredits":   30                                            },
		{"matchIn": 26, "pattern":  4349952, "baseWinCredits":   30                                            },
		{"matchIn": 26, "pattern":     3204, "baseWinCredits":   30                                            },
		{"matchIn": 26, "pattern":    24708, "baseWinCredits":   30                                            },
		{"matchIn": 26, "pattern":  1115201, "baseWinCredits":   30                                            },
		{"matchIn": 26, "pattern": 17056016, "baseWinCredits":   30                                            },
		{"matchIn": 26, "pattern":      341, "baseWinCredits":   30                                            },
		{"matchIn": 26, "pattern": 22347776, "baseWinCredits":   30                                            },
		{"matchIn": 26, "pattern": 17039425, "baseWinCredits":   30                                            },
		{"matchIn": 26, "pattern":  1114384, "baseWinCredits":   25                                            },
		{"matchIn": 26, "pattern":   141440, "baseWinCredits":   25                                            },
		{"matchIn": 26, "pattern":   328000, "baseWinCredits":   25                                            },
		{"matchIn": 26, "pattern":  4211716, "baseWinCredits":   25                                            },
		{"matchIn": 26, "pattern": 17825809, "baseWinCredits":   25                                            },
		{"matchIn": 26, "pattern":   131520, "baseWinCredits":   25                                            },
		{"matchIn": 26, "pattern":    10564, "baseWinCredits":   25                                            },
		{"matchIn": 26, "pattern":  4532224, "baseWinCredits":   25                                            },
		{"matchIn": 27, "pattern":       99, "baseWinCredits":   25                                            },
		{"matchIn": 27, "pattern":      792, "baseWinCredits":   25                                            },
		{"matchIn": 27, "pattern":  3244032, "baseWinCredits":   25                                            },
		{"matchIn": 27, "pattern": 25952256, "baseWinCredits":   25                                            },
		{"matchIn": 27, "pattern":     1063, "baseWinCredits":   25                                            },
		{"matchIn": 27, "pattern":    16924, "baseWinCredits":   25                                            },
		{"matchIn": 27, "pattern":  7373824, "baseWinCredits":   25                                            },
		{"matchIn": 27, "pattern": 29900800, "baseWinCredits":   25                                            },
		{"matchIn": 27, "pattern":  4328448, "baseWinCredits":   25                                            },
		{"matchIn": 27, "pattern":  4349952, "baseWinCredits":   22                                            },
		{"matchIn": 27, "pattern":     3204, "baseWinCredits":   22                                            },
		{"matchIn": 27, "pattern":    24708, "baseWinCredits":   22                                            },
		{"matchIn": 27, "pattern":  1115201, "baseWinCredits":   22                                            },
		{"matchIn": 27, "pattern": 17056016, "baseWinCredits":   20                                            },
		{"matchIn": 27, "pattern":      341, "baseWinCredits":   20                                            },
		{"matchIn": 27, "pattern": 22347776, "baseWinCredits":   20                                            },
		{"matchIn": 27, "pattern": 17039425, "baseWinCredits":   20                                            },
		{"matchIn": 27, "pattern":  1114384, "baseWinCredits":   20                                            },
		{"matchIn": 27, "pattern":   141440, "baseWinCredits":   20                                            },
		{"matchIn": 27, "pattern":   328000, "baseWinCredits":   20                                            },
		{"matchIn": 27, "pattern":  4211716, "baseWinCredits":   20                                            },
		{"matchIn": 27, "pattern": 17825809, "baseWinCredits":   20                                            },
		{"matchIn": 27, "pattern":   131520, "baseWinCredits":   20                                            },
		{"matchIn": 27, "pattern":    10564, "baseWinCredits":   20                                            },
		{"matchIn": 27, "pattern":  4532224, "baseWinCredits":   20                                            },
		{"matchIn": 28, "pattern":       99, "baseWinCredits":   20                                            },
		{"matchIn": 28, "pattern":      792, "baseWinCredits":   20                                            },
		{"matchIn": 28, "pattern":  3244032, "baseWinCredits":   20                                            },
		{"matchIn": 28, "pattern": 25952256, "baseWinCredits":   20                                            },
		{"matchIn": 28, "pattern":     1063, "baseWinCredits":   20                                            },
		{"matchIn": 28, "pattern":    16924, "baseWinCredits":   20                                            },
		{"matchIn": 28, "pattern":  7373824, "baseWinCredits":   20                                            },
		{"matchIn": 28, "pattern": 29900800, "baseWinCredits":   20                                            },
		{"matchIn": 28, "pattern":  4328448, "baseWinCredits":   20                                            },
		{"matchIn": 28, "pattern":  4349952, "baseWinCredits":   20                                            },
		{"matchIn": 28, "pattern":     3204, "baseWinCredits":   20                                            },
		{"matchIn": 28, "pattern":    24708, "baseWinCredits":   20                                            },
		{"matchIn": 28, "pattern":  1115201, "baseWinCredits":   20                                            },
		{"matchIn": 28, "pattern": 17056016, "baseWinCredits":   20                                            },
		{"matchIn": 28, "pattern":      341, "baseWinCredits":   20                                            },
		{"matchIn": 28, "pattern": 22347776, "baseWinCredits":   20                                            },
		{"matchIn": 28, "pattern": 17039425, "baseWinCredits":   17                                            },
		{"matchIn": 28, "pattern":  1114384, "baseWinCredits":   17                                            },
		{"matchIn": 28, "pattern":   141440, "baseWinCredits":   17                                            },
		{"matchIn": 28, "pattern":   328000, "baseWinCredits":   15                                            },
		{"matchIn": 28, "pattern":  4211716, "baseWinCredits":   15                                            },
		{"matchIn": 28, "pattern": 17825809, "baseWinCredits":   15                                            },
		{"matchIn": 28, "pattern":   131520, "baseWinCredits":   15                                            },
		{"matchIn": 28, "pattern":    10564, "baseWinCredits":   15                                            },
		{"matchIn": 28, "pattern":  4532224, "baseWinCredits":   15                                            },
		{"matchIn": 29, "pattern":       99, "baseWinCredits":   15                                            },
		{"matchIn": 29, "pattern":      792, "baseWinCredits":   15                                            },
		{"matchIn": 29, "pattern":  3244032, "baseWinCredits":   15                                            },
		{"matchIn": 29, "pattern": 25952256, "baseWinCredits":   15                                            },
		{"matchIn": 29, "pattern":     1063, "baseWinCredits":   15                                            },
		{"matchIn": 29, "pattern":    16924, "baseWinCredits":   15                                            },
		{"matchIn": 29, "pattern":  7373824, "baseWinCredits":   15                                            },
		{"matchIn": 29, "pattern": 29900800, "baseWinCredits":   15                                            },
		{"matchIn": 29, "pattern":  4328448, "baseWinCredits":   15                                            },
		{"matchIn": 29, "pattern":  4349952, "baseWinCredits":   15                                            },
		{"matchIn": 29, "pattern":     3204, "baseWinCredits":   15                                            },
		{"matchIn": 29, "pattern":    24708, "baseWinCredits":   15                                            },
		{"matchIn": 29, "pattern":  1115201, "baseWinCredits":   15                                            },
		{"matchIn": 29, "pattern": 17056016, "baseWinCredits":   15                                            },
		{"matchIn": 29, "pattern":      341, "baseWinCredits":   15                                            },
		{"matchIn": 29, "pattern": 22347776, "baseWinCredits":   15                                            },
		{"matchIn": 29, "pattern": 17039425, "baseWinCredits":   15                                            },
		{"matchIn": 29, "pattern":  1114384, "baseWinCredits":   15                                            },
		{"matchIn": 29, "pattern":   141440, "baseWinCredits":   15                                            },
		{"matchIn": 29, "pattern":   328000, "baseWinCredits":   15                                            },
		{"matchIn": 29, "pattern":  4211716, "baseWinCredits":   15                                            },
		{"matchIn": 29, "pattern": 17825809, "baseWinCredits":   15                                            },
		{"matchIn": 29, "pattern":   131520, "baseWinCredits":   15                                            },
		{"matchIn": 29, "pattern":    10564, "baseWinCredits":   15                                            },
		{"matchIn": 29, "pattern":  4532224, "baseWinCredits":   15                                            },
		{"matchIn": 30, "pattern":       99, "baseWinCredits":   15                                            },
		{"matchIn": 30, "pattern":      792, "baseWinCredits":   15                                            },
		{"matchIn": 30, "pattern":  3244032, "baseWinCredits":   15                                            },
		{"matchIn": 30, "pattern": 25952256, "baseWinCredits":   15                                            },
		{"matchIn": 30, "pattern":     1063, "baseWinCredits":   15                                            },
		{"matchIn": 30, "pattern":    16924, "baseWinCredits":   12                                            },
		{"matchIn": 30, "pattern":  7373824, "baseWinCredits":   12                                            },
		{"matchIn": 30, "pattern": 29900800, "baseWinCredits":   12                                            },
		{"matchIn": 30, "pattern":  4328448, "baseWinCredits":   12                                            },
		{"matchIn": 30, "pattern":  4349952, "baseWinCredits":   12                                            },
		{"matchIn": 30, "pattern":     3204, "baseWinCredits":   12                                            },
		{"matchIn": 30, "pattern":    24708, "baseWinCredits":   12                                            },
		{"matchIn": 30, "pattern":  1115201, "baseWinCredits":   12                                            },
		{"matchIn": 30, "pattern": 17056016, "baseWinCredits":   12                                            },
		{"matchIn": 30, "pattern":      341, "baseWinCredits":   12                                            },
		{"matchIn": 30, "pattern": 22347776, "baseWinCredits":   12                                            },
		{"matchIn": 30, "pattern": 17039425, "baseWinCredits":   12                                            },
		{"matchIn": 30, "pattern":  1114384, "baseWinCredits":   12                                            },
		{"matchIn": 30, "pattern":   141440, "baseWinCredits":   12                                            },
		{"matchIn": 30, "pattern":   328000, "baseWinCredits":   10                                            },
		{"matchIn": 30, "pattern":  4211716, "baseWinCredits":   10                                            },
		{"matchIn": 30, "pattern": 17825809, "baseWinCredits":   10                                            },
		{"matchIn": 30, "pattern":   131520, "baseWinCredits":   10                                            },
		{"matchIn": 30, "pattern":    10564, "baseWinCredits":   10                                            },
		{"matchIn": 30, "pattern":  4532224, "baseWinCredits":   10                                            },
		{"matchIn": 31, "pattern":       99, "baseWinCredits":   10                                            },
		{"matchIn": 31, "pattern":      792, "baseWinCredits":   10                                            },
		{"matchIn": 31, "pattern":  3244032, "baseWinCredits":   10                                            },
		{"matchIn": 31, "pattern": 25952256, "baseWinCredits":   10                                            },
		{"matchIn": 31, "pattern":     1063, "baseWinCredits":   10                                            },
		{"matchIn": 31, "pattern":    16924, "baseWinCredits":   10                                            },
		{"matchIn": 31, "pattern":  7373824, "baseWinCredits":   10                                            },
		{"matchIn": 31, "pattern": 29900800, "baseWinCredits":   10                                            },
		{"matchIn": 31, "pattern":  4328448, "baseWinCredits":   10                                            },
		{"matchIn": 31, "pattern":  4349952, "baseWinCredits":    9                                            },
		{"matchIn": 31, "pattern":     3204, "baseWinCredits":    8                                            },
		{"matchIn": 31, "pattern":    24708, "baseWinCredits":    8                                            },
		{"matchIn": 31, "pattern":  1115201, "baseWinCredits":    8                                            },
		{"matchIn": 31, "pattern": 17056016, "baseWinCredits":    8                                            },
		{"matchIn": 31, "pattern":      341, "baseWinCredits":    8                                            },
		{"matchIn": 31, "pattern": 22347776, "baseWinCredits":    8                                            },
		{"matchIn": 31, "pattern": 17039425, "baseWinCredits":    8                                            },
		{"matchIn": 31, "pattern":  1114384, "baseWinCredits":    8                                            },
		{"matchIn": 31, "pattern":   141440, "baseWinCredits":    8                                            },
		{"matchIn": 31, "pattern":   328000, "baseWinCredits":    6                                            },
		{"matchIn": 31, "pattern":  4211716, "baseWinCredits":    6                                            },
		{"matchIn": 31, "pattern": 17825809, "baseWinCredits":    5                                            },
		{"matchIn": 31, "pattern":   131520, "baseWinCredits":    5                                            },
		{"matchIn": 31, "pattern":    10564, "baseWinCredits":    5                                            },
		{"matchIn": 31, "pattern":  4532224, "baseWinCredits":    5                                            },
		{"matchIn": 32, "pattern":       99, "baseWinCredits":    5                                            },
		{"matchIn": 32, "pattern":      792, "baseWinCredits":    5                                            },
		{"matchIn": 32, "pattern":  3244032, "baseWinCredits":    5                                            },
		{"matchIn": 32, "pattern": 25952256, "baseWinCredits":    5                                            },
		{"matchIn": 32, "pattern":     1063, "baseWinCredits":    5                                            },
		{"matchIn": 32, "pattern":    16924, "baseWinCredits":    5                                            },
		{"matchIn": 32, "pattern":  7373824, "baseWinCredits":    5                                            },
		{"matchIn": 32, "pattern": 29900800, "baseWinCredits":    5                                            },
		{"matchIn": 32, "pattern":  4328448, "baseWinCredits":    5                                            },
		{"matchIn": 32, "pattern":  4349952, "baseWinCredits":    5                                            },
		{"matchIn": 32, "pattern":     3204, "baseWinCredits":    5                                            },
		{"matchIn": 32, "pattern":    24708, "baseWinCredits":    5                                            },
		{"matchIn": 32, "pattern":  1115201, "baseWinCredits":    5                                            },
		{"matchIn": 32, "pattern": 17056016, "baseWinCredits":    5                                            },
		{"matchIn": 32, "pattern":      341, "baseWinCredits":    5                                            },
		{"matchIn": 32, "pattern": 22347776, "baseWinCredits":    5                                            },
		{"matchIn": 32, "pattern": 17039425, "baseWinCredits":    5                                            },
		{"matchIn": 50, "pattern":  4211716, "baseWinCredits":    0, "bonusWinCredits":   750, "bonusData": "1"},
		{"matchIn": 52, "pattern": 17039425, "baseWinCredits":   10, "bonusWinCredits":   700, "bonusData": "2"},
		{"matchIn": 52, "pattern":  1114384, "baseWinCredits":    0, "bonusWinCredits":   800, "bonusData": "1"},
		{"matchIn": 53, "pattern": 29900800, "baseWinCredits":    0, "bonusWinCredits":   700, "bonusData": "1"},
		{"matchIn": 54, "pattern":    16924, "baseWinCredits":    0, "bonusWinCredits":   650, "bonusData": "1"},
		{"matchIn": 54, "pattern":  7373824, "baseWinCredits":    0, "bonusWinCredits":  1100, "bonusData": "2"},
		{"matchIn": 54, "pattern": 29900800, "baseWinCredits":   25, "bonusWinCredits":  1250, "bonusData": "2"},
		{"matchIn": 55, "pattern":     1063, "baseWinCredits":    0, "bonusWinCredits":  1050, "bonusData": "2"},
		{"matchIn": 55, "pattern":    16924, "baseWinCredits":    0, "bonusWinCredits":  1300, "bonusData": "2"},
		{"matchIn": 55, "pattern":  7373824, "baseWinCredits":    0, "bonusWinCredits":  1500, "bonusData": "2"},
		{"matchIn": 55, "pattern":   141440, "baseWinCredits":   10, "bonusWinCredits":   950, "bonusData": "2"},
		{"matchIn": 55, "pattern":  4211716, "baseWinCredits":    0, "bonusWinCredits":  2400, "bonusData": "1"},
		{"matchIn": 55, "pattern":    10564, "baseWinCredits":    0, "bonusWinCredits":  1400, "bonusData": "1"},
		{"matchIn": 55, "pattern":  4532224, "baseWinCredits":    0, "bonusWinCredits":  3100, "bonusData": "1"},
		{"matchIn": 56, "pattern":      341, "baseWinCredits":    0, "bonusWinCredits":  2800, "bonusData": "3"},
		{"matchIn": 56, "pattern":  1114384, "baseWinCredits":    0, "bonusWinCredits":  1550, "bonusData": "3"},
		{"matchIn": 56, "pattern":  4211716, "baseWinCredits":    0, "bonusWinCredits":  4900, "bonusData": "3"},
		{"matchIn": 56, "pattern":    10564, "baseWinCredits":    0, "bonusWinCredits":  2550, "bonusData": "3"},
		{"matchIn": 57, "pattern":      341, "baseWinCredits":    0, "bonusWinCredits":  4600, "bonusData": "3"},
		{"matchIn": 57, "pattern":  4211716, "baseWinCredits":    0, "bonusWinCredits":  3050, "bonusData": "2"},
		{"matchIn": 57, "pattern": 17825809, "baseWinCredits":    0, "bonusWinCredits":  2750, "bonusData": "2"},
		{"matchIn": 57, "pattern":    10564, "baseWinCredits":   50, "bonusWinCredits":  3400, "bonusData": "1"},
		{"matchIn": 57, "pattern":  4532224, "baseWinCredits":   10, "bonusWinCredits":  4800, "bonusData": "1"},
		{"matchIn": 58, "pattern":      792, "baseWinCredits":    0, "bonusWinCredits":   850, "bonusData": "1"},
		{"matchIn": 58, "pattern":  3244032, "baseWinCredits":    0, "bonusWinCredits":   750, "bonusData": "2"},
		{"matchIn": 58, "pattern": 25952256, "baseWinCredits":    0, "bonusWinCredits":   900, "bonusData": "2"},
		{"matchIn": 58, "pattern":  7373824, "baseWinCredits":    0, "bonusWinCredits":  1350, "bonusData": "3"},
		{"matchIn": 58, "pattern":     3204, "baseWinCredits":    0, "bonusWinCredits":  2000, "bonusData": "2"},
		{"matchIn": 58, "pattern":  1115201, "baseWinCredits":    0, "bonusWinCredits":  4000, "bonusData": "3"},
		{"matchIn": 58, "pattern": 17056016, "baseWinCredits":    0, "bonusWinCredits":  8250, "bonusData": "3"},
		{"matchIn": 58, "pattern": 22347776, "baseWinCredits":    0, "bonusWinCredits":  8500, "bonusData": "3"},
		{"matchIn": 58, "pattern": 17039425, "baseWinCredits":    0, "bonusWinCredits":  4050, "bonusData": "3"},
		{"matchIn": 58, "pattern":  1114384, "baseWinCredits":    0, "bonusWinCredits":  7950, "bonusData": "3"},
		{"matchIn": 58, "pattern":   328000, "baseWinCredits":    0, "bonusWinCredits":  3800, "bonusData": "2"},
		{"matchIn": 58, "pattern": 17825809, "baseWinCredits":    0, "bonusWinCredits":  8150, "bonusData": "3"},
		{"matchIn": 58, "pattern":   131520, "baseWinCredits":    5, "bonusWinCredits":  2950, "bonusData": "2"},
		{"matchIn": 59, "pattern":    24708, "baseWinCredits":    0, "bonusWinCredits":  2650, "bonusData": "2"},
		{"matchIn": 59, "pattern":  1115201, "baseWinCredits":    0, "bonusWinCredits":  8950, "bonusData": "3"},
		{"matchIn": 59, "pattern": 17056016, "baseWinCredits":   10, "bonusWinCredits":   600, "bonusData": "1"},
		{"matchIn": 59, "pattern":   328000, "baseWinCredits":   25, "bonusWinCredits":  5200, "bonusData": "1"},
		{"matchIn": 59, "pattern":   131520, "baseWinCredits":    0, "bonusWinCredits":  2350, "bonusData": "1"},
		{"matchIn": 59, "pattern":  4532224, "baseWinCredits":    0, "bonusWinCredits":  9600, "bonusData": "3"},
		{"matchIn": 60, "pattern": 29900800, "baseWinCredits":    0, "bonusWinCredits":  3700, "bonusData": "3"},
		{"matchIn": 60, "pattern":  1115201, "baseWinCredits":    5, "bonusWinCredits":  3250, "bonusData": "2"},
		{"matchIn": 60, "pattern": 17056016, "baseWinCredits":    0, "bonusWinCredits":  1050, "bonusData": "2"},
		{"matchIn": 60, "pattern":      341, "baseWinCredits":   25, "bonusWinCredits":  4300, "bonusData": "2"},
		{"matchIn": 60, "pattern": 17039425, "baseWinCredits":    0, "bonusWinCredits":  1400, "bonusData": "1"},
		{"matchIn": 60, "pattern":  1114384, "baseWinCredits":   10, "bonusWinCredits":   700, "bonusData": "2"},
		{"matchIn": 60, "pattern":   141440, "baseWinCredits":    0, "bonusWinCredits":  4500, "bonusData": "1"},
		{"matchIn": 60, "pattern": 17825809, "baseWinCredits":    0, "bonusWinCredits":  9650, "bonusData": "3"},
		{"matchIn": 60, "pattern":    10564, "baseWinCredits":    0, "bonusWinCredits":  3400, "bonusData": "2"},
		{"matchIn": 61, "pattern":  3244032, "baseWinCredits":    0, "bonusWinCredits":  2100, "bonusData": "2"},
		{"matchIn": 61, "pattern": 25952256, "baseWinCredits":   25, "bonusWinCredits":  1700, "bonusData": "1"},
		{"matchIn": 61, "pattern":     1063, "baseWinCredits":    0, "bonusWinCredits":  3550, "bonusData": "2"},
		{"matchIn": 61, "pattern":    16924, "baseWinCredits":    0, "bonusWinCredits":  3500, "bonusData": "2"},
		{"matchIn": 61, "pattern": 29900800, "baseWinCredits":    0, "bonusWinCredits":  8850, "bonusData": "3"},
		{"matchIn": 61, "pattern":  4328448, "baseWinCredits":    0, "bonusWinCredits":  2400, "bonusData": "2"},
		{"matchIn": 61, "pattern":     3204, "baseWinCredits":  100, "bonusWinCredits":  6550, "bonusData": "1"},
		{"matchIn": 61, "pattern": 17039425, "baseWinCredits":    0, "bonusWinCredits":  2050, "bonusData": "3"},
		{"matchIn": 61, "pattern":   141440, "baseWinCredits":    0, "bonusWinCredits":  3400, "bonusData": "2"},
		{"matchIn": 61, "pattern":   328000, "baseWinCredits":    0, "bonusWinCredits":  6650, "bonusData": "1"},
		{"matchIn": 61, "pattern":  4211716, "baseWinCredits":   25, "bonusWinCredits":  9450, "bonusData": "2"},
		{"matchIn": 61, "pattern":   131520, "baseWinCredits":    0, "bonusWinCredits":   650, "bonusData": "1"},
		{"matchIn": 61, "pattern":    10564, "baseWinCredits":    0, "bonusWinCredits":  7000, "bonusData": "1"},
		{"matchIn": 62, "pattern":  7373824, "baseWinCredits":   10, "bonusWinCredits":   950, "bonusData": "2"},
		{"matchIn": 62, "pattern": 29900800, "baseWinCredits":    0, "bonusWinCredits":  2100, "bonusData": "2"},
		{"matchIn": 62, "pattern":  4328448, "baseWinCredits":    5, "bonusWinCredits":  3200, "bonusData": "2"},
		{"matchIn": 62, "pattern":    24708, "baseWinCredits":    0, "bonusWinCredits":  4550, "bonusData": "2"},
		{"matchIn": 62, "pattern":  1115201, "baseWinCredits":    0, "bonusWinCredits":  1300, "bonusData": "2"},
		{"matchIn": 62, "pattern": 17825809, "baseWinCredits":   25, "bonusWinCredits":  5550, "bonusData": "2"},
		{"matchIn": 63, "pattern":      792, "baseWinCredits":    5, "bonusWinCredits":  3250, "bonusData": "2"},
		{"matchIn": 63, "pattern":     1063, "baseWinCredits":    0, "bonusWinCredits":  1050, "bonusData": "2"},
		{"matchIn": 63, "pattern":    16924, "baseWinCredits":    0, "bonusWinCredits":  4050, "bonusData": "2"},
		{"matchIn": 63, "pattern": 29900800, "baseWinCredits":    0, "bonusWinCredits":  4700, "bonusData": "2"},
		{"matchIn": 63, "pattern":  4328448, "baseWinCredits":    0, "bonusWinCredits":  2400, "bonusData": "2"},
		{"matchIn": 63, "pattern":  4349952, "baseWinCredits":    5, "bonusWinCredits":  3950, "bonusData": "2"},
		{"matchIn": 63, "pattern":     3204, "baseWinCredits":   10, "bonusWinCredits":  9650, "bonusData": "3"},
		{"matchIn": 63, "pattern":    24708, "baseWinCredits":   25, "bonusWinCredits":  1250, "bonusData": "2"},
		{"matchIn": 63, "pattern":  1115201, "baseWinCredits":    0, "bonusWinCredits":  7950, "bonusData": "3"},
		{"matchIn": 63, "pattern": 17056016, "baseWinCredits":   10, "bonusWinCredits":  5450, "bonusData": "2"},
		{"matchIn": 63, "pattern":      341, "baseWinCredits":    0, "bonusWinCredits":  6850, "bonusData": "1"},
		{"matchIn": 63, "pattern": 22347776, "baseWinCredits":   10, "bonusWinCredits":  6050, "bonusData": "1"},
		{"matchIn": 63, "pattern":  4211716, "baseWinCredits":    0, "bonusWinCredits":  4000, "bonusData": "3"},
		{"matchIn": 63, "pattern":   131520, "baseWinCredits":    0, "bonusWinCredits": 15700, "bonusData": "1"},
		{"matchIn": 63, "pattern":    10564, "baseWinCredits":    0, "bonusWinCredits":  1250, "bonusData": "3"},
		{"matchIn": 64, "pattern":       99, "baseWinCredits":    5, "bonusWinCredits":  3200, "bonusData": "2"},
		{"matchIn": 64, "pattern":      792, "baseWinCredits":    0, "bonusWinCredits":  4050, "bonusData": "2"},
		{"matchIn": 64, "pattern":  3244032, "baseWinCredits":    5, "bonusWinCredits":  3950, "bonusData": "2"},
		{"matchIn": 64, "pattern": 25952256, "baseWinCredits":    0, "bonusWinCredits":  2650, "bonusData": "2"},
		{"matchIn": 64, "pattern":     1063, "baseWinCredits":    0, "bonusWinCredits":  7150, "bonusData": "3"},
		{"matchIn": 64, "pattern":  1115201, "baseWinCredits":    0, "bonusWinCredits":  3700, "bonusData": "3"},
		{"matchIn": 64, "pattern":   141440, "baseWinCredits":    0, "bonusWinCredits":  1350, "bonusData": "3"},
		{"matchIn": 64, "pattern":  4211716, "baseWinCredits":   25, "bonusWinCredits":  5200, "bonusData": "1"},
		{"matchIn": 64, "pattern": 17825809, "baseWinCredits":    0, "bonusWinCredits":  4500, "bonusData": "1"},
		{"matchIn": 64, "pattern":    10564, "baseWinCredits":   25, "bonusWinCredits":  4300, "bonusData": "2"},
		{"matchIn": 65, "pattern":     1063, "baseWinCredits":    0, "bonusWinCredits":  4550, "bonusData": "2"},
		{"matchIn": 65, "pattern":    16924, "baseWinCredits":   50, "bonusWinCredits":  8200, "bonusData": "1"},
		{"matchIn": 65, "pattern":  7373824, "baseWinCredits":    5, "bonusWinCredits":  4700, "bonusData": "2"},
		{"matchIn": 65, "pattern": 29900800, "baseWinCredits":   10, "bonusWinCredits":  4600, "bonusData": "2"},
		{"matchIn": 65, "pattern":  4349952, "baseWinCredits":    0, "bonusWinCredits":  5250, "bonusData": "2"},
		{"matchIn": 65, "pattern":  1115201, "baseWinCredits":  100, "bonusWinCredits":  1800, "bonusData": "2"},
		{"matchIn": 65, "pattern": 17056016, "baseWinCredits":   25, "bonusWinCredits":  4250, "bonusData": "1"},
		{"matchIn": 65, "pattern":      341, "baseWinCredits":    0, "bonusWinCredits":  8850, "bonusData": "3"},
		{"matchIn": 65, "pattern": 22347776, "baseWinCredits":    5, "bonusWinCredits":  5550, "bonusData": "1"},
		{"matchIn": 65, "pattern":   328000, "baseWinCredits":    0, "bonusWinCredits":  8250, "bonusData": "3"},
		{"matchIn": 65, "pattern":   131520, "baseWinCredits":    0, "bonusWinCredits":  6850, "bonusData": "1"},
		{"matchIn": 65, "pattern":  4532224, "baseWinCredits":   50, "bonusWinCredits":  1650, "bonusData": "2"},
		{"matchIn": 66, "pattern":  7373824, "baseWinCredits":    0, "bonusWinCredits":  2550, "bonusData": "3"},
		{"matchIn": 66, "pattern": 29900800, "baseWinCredits":    0, "bonusWinCredits": 11850, "bonusData": "3"},
		{"matchIn": 66, "pattern":  4328448, "baseWinCredits":    0, "bonusWinCredits":  8150, "bonusData": "1"},
		{"matchIn": 66, "pattern":     3204, "baseWinCredits":   50, "bonusWinCredits": 12450, "bonusData": "3"},
		{"matchIn": 66, "pattern":  1115201, "baseWinCredits":    0, "bonusWinCredits": 15700, "bonusData": "1"},
		{"matchIn": 66, "pattern": 17056016, "baseWinCredits":    5, "bonusWinCredits":  5550, "bonusData": "1"},
		{"matchIn": 66, "pattern":      341, "baseWinCredits":   50, "bonusWinCredits":  8200, "bonusData": "1"},
		{"matchIn": 66, "pattern": 22347776, "baseWinCredits":    0, "bonusWinCredits":  6750, "bonusData": "1"},
		{"matchIn": 66, "pattern":   141440, "baseWinCredits":   50, "bonusWinCredits": 13250, "bonusData": "3"},
		{"matchIn": 67, "pattern":     1063, "baseWinCredits":    0, "bonusWinCredits":  2850, "bonusData": "2"},
		{"matchIn": 67, "pattern":  4328448, "baseWinCredits":    0, "bonusWinCredits":  2800, "bonusData": "3"},
		{"matchIn": 67, "pattern":    10564, "baseWinCredits":   50, "bonusWinCredits": 12450, "bonusData": "3"},
		{"matchIn": 68, "pattern":  4328448, "baseWinCredits":   10, "bonusWinCredits":  9650, "bonusData": "3"},
		{"matchIn": 68, "pattern":  4349952, "baseWinCredits":    0, "bonusWinCredits":  9650, "bonusData": "3"},
		{"matchIn": 69, "pattern":  4349952, "baseWinCredits":   25, "bonusWinCredits":  5150, "bonusData": "2"}
	]
}
