{
	"configuration": {
		"tableType": "Bingo",
		"formatVersion": "1.2",
		"name": "20LineTS",
		"tableName": "main",
		"lines": 20,
		"percentage": 94,
		"baseBet": 0,
		"betLevelGroups": {
			"1" : [10],
			"2" : [10],
			"5" : [10],
			"10": [10],
			"25": [10]
		},
		"entries": 774,
		"progressiveBases": {
			"1": {"valueCredits": 150000}
		},
		"version": 1
	},
	"entries": [
		{ "matchIn":  4, "pattern":       99, "baseWinCredits":    2, "progressivesWon": [1]                          },
		{ "matchIn":  4, "pattern":      792, "baseWinCredits": 6367                                                  },
		{ "matchIn":  4, "pattern":  3244032, "baseWinCredits": 6030                                                  },
		{ "matchIn":  4, "pattern": 25952256, "baseWinCredits": 5680                                                  },
		{ "matchIn":  4, "pattern":  4328448, "baseWinCredits": 5565                                                  },
		{ "matchIn":  4, "pattern":  4349952, "baseWinCredits": 5494                                                  },
		{ "matchIn":  4, "pattern":     3204, "baseWinCredits": 5390                                                  },
		{ "matchIn":  4, "pattern":    24708, "baseWinCredits": 5320                                                  },
		{ "matchIn":  4, "pattern": 17039425, "baseWinCredits": 5275                                                  },
		{ "matchIn":  4, "pattern":  1114384, "baseWinCredits": 5225                                                  },
		{ "matchIn":  4, "pattern":   141440, "baseWinCredits": 5155                                                  },
		{ "matchIn":  4, "pattern":   328000, "baseWinCredits": 5095                                                  },
		{ "matchIn":  4, "pattern":  4211716, "baseWinCredits": 4127                                                  },
		{ "matchIn":  4, "pattern": 17825809, "baseWinCredits": 3027                                                  },
		{ "matchIn":  4, "pattern":   131520, "baseWinCredits": 2754                                                  },
		{ "matchIn":  5, "pattern":       99, "baseWinCredits": 2360                                                  },
		{ "matchIn":  5, "pattern":      792, "baseWinCredits": 2157                                                  },
		{ "matchIn":  5, "pattern":  3244032, "baseWinCredits": 2071                                                  },
		{ "matchIn":  5, "pattern": 25952256, "baseWinCredits":  400,                         "bonusGamesAwarded": 50 },
		{ "matchIn":  5, "pattern":     1063, "baseWinCredits":  400,                         "bonusGamesAwarded": 50 },
		{ "matchIn":  5, "pattern":    16924, "baseWinCredits":  400,                         "bonusGamesAwarded": 50 },
		{ "matchIn":  5, "pattern":  7373824, "baseWinCredits":  400,                         "bonusGamesAwarded": 50 },
		{ "matchIn":  5, "pattern": 29900800, "baseWinCredits":  400,                         "bonusGamesAwarded": 50 },
		{ "matchIn":  5, "pattern":  4328448, "baseWinCredits":  400,                         "bonusGamesAwarded": 50 },
		{ "matchIn":  5, "pattern":  4349952, "baseWinCredits":  400,                         "bonusGamesAwarded": 50 },
		{ "matchIn":  5, "pattern":     3204, "baseWinCredits":  400,                         "bonusGamesAwarded": 50 },
		{ "matchIn":  5, "pattern":    24708, "baseWinCredits":  400,                         "bonusGamesAwarded": 50 },
		{ "matchIn":  5, "pattern":  1115201, "baseWinCredits":  400,                         "bonusGamesAwarded": 50 },
		{ "matchIn":  5, "pattern": 17056016, "baseWinCredits":  400,                         "bonusGamesAwarded": 50 },
		{ "matchIn":  5, "pattern":      341, "baseWinCredits":  400,                         "bonusGamesAwarded": 50 },
		{ "matchIn":  5, "pattern": 22347776, "baseWinCredits":  400,                         "bonusGamesAwarded": 50 },
		{ "matchIn":  5, "pattern": 17039425, "baseWinCredits":  400,                         "bonusGamesAwarded": 50 },
		{ "matchIn":  5, "pattern":  1114384, "baseWinCredits":  400,                         "bonusGamesAwarded": 50 },
		{ "matchIn":  5, "pattern":   141440, "baseWinCredits":  400,                         "bonusGamesAwarded": 50 },
		{ "matchIn":  5, "pattern":   328000, "baseWinCredits":  400,                         "bonusGamesAwarded": 50 },
		{ "matchIn":  5, "pattern":  4211716, "baseWinCredits":  400,                         "bonusGamesAwarded": 50 },
		{ "matchIn":  5, "pattern": 17825809, "baseWinCredits":  400,                         "bonusGamesAwarded": 50 },
		{ "matchIn":  5, "pattern":   131520, "baseWinCredits":  400,                         "bonusGamesAwarded": 50 },
		{ "matchIn":  5, "pattern":    10564, "baseWinCredits":  400,                         "bonusGamesAwarded": 50 },
		{ "matchIn":  5, "pattern":  4532224, "baseWinCredits":  400,                         "bonusGamesAwarded": 50 },
		{ "matchIn":  6, "pattern":       99, "baseWinCredits":  400,                         "bonusGamesAwarded": 50 },
		{ "matchIn":  6, "pattern":      792, "baseWinCredits":  400,                         "bonusGamesAwarded": 50 },
		{ "matchIn":  6, "pattern":  3244032, "baseWinCredits":  400,                         "bonusGamesAwarded": 50 },
		{ "matchIn":  6, "pattern": 25952256, "baseWinCredits":  400,                         "bonusGamesAwarded": 50 },
		{ "matchIn":  6, "pattern":     1063, "baseWinCredits":  400,                         "bonusGamesAwarded": 50 },
		{ "matchIn":  6, "pattern":    16924, "baseWinCredits":  400,                         "bonusGamesAwarded": 50 },
		{ "matchIn":  6, "pattern":  7373824, "baseWinCredits":  400,                         "bonusGamesAwarded": 50 },
		{ "matchIn":  6, "pattern": 29900800, "baseWinCredits":  400,                         "bonusGamesAwarded": 50 },
		{ "matchIn":  6, "pattern":  4328448, "baseWinCredits": 2022                                                  },
		{ "matchIn":  6, "pattern":  4349952, "baseWinCredits": 1612                                                  },
		{ "matchIn":  6, "pattern":     3204, "baseWinCredits": 1442                                                  },
		{ "matchIn":  6, "pattern":    24708, "baseWinCredits": 1360                                                  },
		{ "matchIn":  6, "pattern":  1115201, "baseWinCredits": 1359                                                  },
		{ "matchIn":  6, "pattern": 17056016, "baseWinCredits": 1357                                                  },
		{ "matchIn":  6, "pattern":      341, "baseWinCredits": 1356                                                  },
		{ "matchIn":  6, "pattern": 22347776, "baseWinCredits": 1354                                                  },
		{ "matchIn":  6, "pattern": 17039425, "baseWinCredits": 1320                                                  },
		{ "matchIn":  6, "pattern":  1114384, "baseWinCredits": 1294                                                  },
		{ "matchIn":  6, "pattern":   141440, "baseWinCredits": 1265                                                  },
		{ "matchIn":  6, "pattern":   328000, "baseWinCredits": 1236                                                  },
		{ "matchIn":  6, "pattern":  4211716, "baseWinCredits": 1194                                                  },
		{ "matchIn":  6, "pattern": 17825809, "baseWinCredits": 1155                                                  },
		{ "matchIn":  6, "pattern":   131520, "baseWinCredits": 1130                                                  },
		{ "matchIn":  6, "pattern":    10564, "baseWinCredits": 1130                                                  },
		{ "matchIn":  6, "pattern":  4532224, "baseWinCredits": 1129                                                  },
		{ "matchIn":  7, "pattern":       99, "baseWinCredits": 1102                                                  },
		{ "matchIn":  7, "pattern":      792, "baseWinCredits": 1075                                                  },
		{ "matchIn":  7, "pattern":  3244032, "baseWinCredits": 1061                                                  },
		{ "matchIn":  7, "pattern": 25952256, "baseWinCredits": 1054                                                  },
		{ "matchIn":  7, "pattern":     1063, "baseWinCredits": 1054                                                  },
		{ "matchIn":  7, "pattern":    16924, "baseWinCredits": 1054                                                  },
		{ "matchIn":  7, "pattern":  7373824, "baseWinCredits": 1054                                                  },
		{ "matchIn":  7, "pattern": 29900800, "baseWinCredits": 1054                                                  },
		{ "matchIn":  7, "pattern":  4328448, "baseWinCredits": 1042                                                  },
		{ "matchIn":  7, "pattern":  4349952, "baseWinCredits": 1025                                                  },
		{ "matchIn":  7, "pattern":     3204, "baseWinCredits": 1012                                                  },
		{ "matchIn":  7, "pattern":    24708, "baseWinCredits": 1007                                                  },
		{ "matchIn":  7, "pattern":  1115201, "baseWinCredits": 1007                                                  },
		{ "matchIn":  7, "pattern": 17056016, "baseWinCredits": 1006                                                  },
		{ "matchIn":  7, "pattern":      341, "baseWinCredits": 1006                                                  },
		{ "matchIn":  7, "pattern": 22347776, "baseWinCredits": 1006                                                  },
		{ "matchIn":  7, "pattern": 17039425, "baseWinCredits": 1004                                                  },
		{ "matchIn":  7, "pattern":  1114384, "baseWinCredits": 1002                                                  },
		{ "matchIn":  7, "pattern":   141440, "baseWinCredits":  946                                                  },
		{ "matchIn":  7, "pattern":   328000, "baseWinCredits":  890                                                  },
		{ "matchIn":  7, "pattern":  4211716, "baseWinCredits":  851                                                  },
		{ "matchIn":  7, "pattern": 17825809, "baseWinCredits":  820                                                  },
		{ "matchIn":  7, "pattern":   131520, "baseWinCredits":  795                                                  },
		{ "matchIn":  7, "pattern":    10564, "baseWinCredits":  794                                                  },
		{ "matchIn":  7, "pattern":  4532224, "baseWinCredits":  792                                                  },
		{ "matchIn":  8, "pattern":       99, "baseWinCredits":  750                                                  },
		{ "matchIn":  8, "pattern":      792, "baseWinCredits":  711                                                  },
		{ "matchIn":  8, "pattern":  3244032, "baseWinCredits":  683                                                  },
		{ "matchIn":  8, "pattern": 25952256, "baseWinCredits":  660                                                  },
		{ "matchIn":  8, "pattern":     1063, "baseWinCredits":  656                                                  },
		{ "matchIn":  8, "pattern":    16924, "baseWinCredits":  655                                                  },
		{ "matchIn":  8, "pattern":  7373824, "baseWinCredits":  654                                                  },
		{ "matchIn":  8, "pattern": 29900800, "baseWinCredits":  652                                                  },
		{ "matchIn":  8, "pattern":  4328448, "baseWinCredits":  632                                                  },
		{ "matchIn":  8, "pattern":  4349952, "baseWinCredits":  620                                                  },
		{ "matchIn":  8, "pattern":     3204, "baseWinCredits":  605                                                  },
		{ "matchIn":  8, "pattern":    24708, "baseWinCredits":  596                                                  },
		{ "matchIn":  8, "pattern":  1115201, "baseWinCredits":  596                                                  },
		{ "matchIn":  8, "pattern": 17056016, "baseWinCredits":  596                                                  },
		{ "matchIn":  8, "pattern":      341, "baseWinCredits":  595                                                  },
		{ "matchIn":  8, "pattern": 22347776, "baseWinCredits":  595                                                  },
		{ "matchIn":  8, "pattern": 17039425, "baseWinCredits":  587                                                  },
		{ "matchIn":  8, "pattern":  1114384, "baseWinCredits":  580                                                  },
		{ "matchIn":  8, "pattern":   141440, "baseWinCredits":  572                                                  },
		{ "matchIn":  8, "pattern":   328000, "baseWinCredits":  567                                                  },
		{ "matchIn":  8, "pattern":  4211716, "baseWinCredits":  561                                                  },
		{ "matchIn":  8, "pattern": 17825809, "baseWinCredits":  557                                                  },
		{ "matchIn":  8, "pattern":   131520, "baseWinCredits":  552                                                  },
		{ "matchIn":  8, "pattern":    10564, "baseWinCredits":  552                                                  },
		{ "matchIn":  8, "pattern":  4532224, "baseWinCredits":  552                                                  },
		{ "matchIn":  9, "pattern":       99, "baseWinCredits":  544                                                  },
		{ "matchIn":  9, "pattern":      792, "baseWinCredits":  535                                                  },
		{ "matchIn":  9, "pattern":  3244032, "baseWinCredits":  200,                         "bonusGamesAwarded": 10 },
		{ "matchIn":  9, "pattern": 25952256, "baseWinCredits":  200,                         "bonusGamesAwarded": 10 },
		{ "matchIn":  9, "pattern":     1063, "baseWinCredits":  200,                         "bonusGamesAwarded": 10 },
		{ "matchIn":  9, "pattern":    16924, "baseWinCredits":  200,                         "bonusGamesAwarded": 10 },
		{ "matchIn":  9, "pattern":  7373824, "baseWinCredits":  200,                         "bonusGamesAwarded": 10 },
		{ "matchIn":  9, "pattern": 29900800, "baseWinCredits":  200,                         "bonusGamesAwarded": 10 },
		{ "matchIn":  9, "pattern":  4328448, "baseWinCredits":  200,                         "bonusGamesAwarded": 10 },
		{ "matchIn":  9, "pattern":  4349952, "baseWinCredits":  200,                         "bonusGamesAwarded": 10 },
		{ "matchIn":  9, "pattern":     3204, "baseWinCredits":  200,                         "bonusGamesAwarded": 10 },
		{ "matchIn":  9, "pattern":    24708, "baseWinCredits":  200,                         "bonusGamesAwarded": 10 },
		{ "matchIn":  9, "pattern":  1115201, "baseWinCredits":  200,                         "bonusGamesAwarded": 10 },
		{ "matchIn":  9, "pattern": 17056016, "baseWinCredits":  200,                         "bonusGamesAwarded": 10 },
		{ "matchIn":  9, "pattern":      341, "baseWinCredits":  200,                         "bonusGamesAwarded": 10 },
		{ "matchIn":  9, "pattern": 22347776, "baseWinCredits":  200,                         "bonusGamesAwarded": 10 },
		{ "matchIn":  9, "pattern": 17039425, "baseWinCredits":  200,                         "bonusGamesAwarded": 10 },
		{ "matchIn":  9, "pattern":  1114384, "baseWinCredits":  200,                         "bonusGamesAwarded": 10 },
		{ "matchIn":  9, "pattern":   141440, "baseWinCredits":  200,                         "bonusGamesAwarded": 10 },
		{ "matchIn":  9, "pattern":   328000, "baseWinCredits":  200,                         "bonusGamesAwarded": 10 },
		{ "matchIn":  9, "pattern":  4211716, "baseWinCredits":  200,                         "bonusGamesAwarded": 10 },
		{ "matchIn":  9, "pattern": 17825809, "baseWinCredits":  200,                         "bonusGamesAwarded": 10 },
		{ "matchIn":  9, "pattern":   131520, "baseWinCredits":  200,                         "bonusGamesAwarded": 10 },
		{ "matchIn":  9, "pattern":    10564, "baseWinCredits":  200,                         "bonusGamesAwarded": 10 },
		{ "matchIn":  9, "pattern":  4532224, "baseWinCredits":  200,                         "bonusGamesAwarded": 10 },
		{ "matchIn": 10, "pattern":       99, "baseWinCredits":  200,                         "bonusGamesAwarded": 10 },
		{ "matchIn": 10, "pattern":      792, "baseWinCredits":  200,                         "bonusGamesAwarded": 10 },
		{ "matchIn": 10, "pattern":  3244032, "baseWinCredits":  200,                         "bonusGamesAwarded": 10 },
		{ "matchIn": 10, "pattern": 25952256, "baseWinCredits":  200,                         "bonusGamesAwarded": 10 },
		{ "matchIn": 10, "pattern":     1063, "baseWinCredits":  200,                         "bonusGamesAwarded": 10 },
		{ "matchIn": 10, "pattern":    16924, "baseWinCredits":  200,                         "bonusGamesAwarded": 10 },
		{ "matchIn": 10, "pattern":  7373824, "baseWinCredits":  200,                         "bonusGamesAwarded": 10 },
		{ "matchIn": 10, "pattern": 29900800, "baseWinCredits":  200,                         "bonusGamesAwarded": 10 },
		{ "matchIn": 10, "pattern":  4328448, "baseWinCredits":  200,                         "bonusGamesAwarded": 10 },
		{ "matchIn": 10, "pattern":  4349952, "baseWinCredits":  200,                         "bonusGamesAwarded": 10 },
		{ "matchIn": 10, "pattern":     3204, "baseWinCredits":  200,                         "bonusGamesAwarded": 10 },
		{ "matchIn": 10, "pattern":    24708, "baseWinCredits":  200,                         "bonusGamesAwarded": 10 },
		{ "matchIn": 10, "pattern":  1115201, "baseWinCredits":  200,                         "bonusGamesAwarded": 10 },
		{ "matchIn": 10, "pattern": 17056016, "baseWinCredits":  200,                         "bonusGamesAwarded": 10 },
		{ "matchIn": 10, "pattern":      341, "baseWinCredits":  200,                         "bonusGamesAwarded": 10 },
		{ "matchIn": 10, "pattern": 22347776, "baseWinCredits":  200,                         "bonusGamesAwarded": 10 },
		{ "matchIn": 10, "pattern": 17039425, "baseWinCredits":  200,                         "bonusGamesAwarded": 10 },
		{ "matchIn": 10, "pattern":  1114384, "baseWinCredits":  200,                         "bonusGamesAwarded": 10 },
		{ "matchIn": 10, "pattern":   141440, "baseWinCredits":  200,                         "bonusGamesAwarded": 10 },
		{ "matchIn": 10, "pattern":   328000, "baseWinCredits":  200,                         "bonusGamesAwarded": 10 },
		{ "matchIn": 10, "pattern":  4211716, "baseWinCredits":  200,                         "bonusGamesAwarded": 10 },
		{ "matchIn": 10, "pattern": 17825809, "baseWinCredits":  200,                         "bonusGamesAwarded": 10 },
		{ "matchIn": 10, "pattern":   131520, "baseWinCredits":  200,                         "bonusGamesAwarded": 10 },
		{ "matchIn": 10, "pattern":    10564, "baseWinCredits":  200,                         "bonusGamesAwarded": 10 },
		{ "matchIn": 10, "pattern":  4532224, "baseWinCredits":  200,                         "bonusGamesAwarded": 10 },
		{ "matchIn": 11, "pattern":       99, "baseWinCredits":  200,                         "bonusGamesAwarded": 10 },
		{ "matchIn": 11, "pattern":      792, "baseWinCredits":  200,                         "bonusGamesAwarded": 10 },
		{ "matchIn": 11, "pattern":  3244032, "baseWinCredits":  200,                         "bonusGamesAwarded": 10 },
		{ "matchIn": 11, "pattern": 25952256, "baseWinCredits":  200,                         "bonusGamesAwarded": 10 },
		{ "matchIn": 11, "pattern":     1063, "baseWinCredits":  200,                         "bonusGamesAwarded": 10 },
		{ "matchIn": 11, "pattern":    16924, "baseWinCredits":  200,                         "bonusGamesAwarded": 10 },
		{ "matchIn": 11, "pattern":  7373824, "baseWinCredits":  200,                         "bonusGamesAwarded": 10 },
		{ "matchIn": 11, "pattern": 29900800, "baseWinCredits":  517                                                  },
		{ "matchIn": 11, "pattern":  4328448, "baseWinCredits":  512                                                  },
		{ "matchIn": 11, "pattern":  4349952, "baseWinCredits":  495                                                  },
		{ "matchIn": 11, "pattern":     3204, "baseWinCredits":  469                                                  },
		{ "matchIn": 11, "pattern":    24708, "baseWinCredits":  447                                                  },
		{ "matchIn": 11, "pattern":  1115201, "baseWinCredits":  445                                                  },
		{ "matchIn": 11, "pattern": 17056016, "baseWinCredits":  442                                                  },
		{ "matchIn": 11, "pattern":      341, "baseWinCredits":  440                                                  },
		{ "matchIn": 11, "pattern": 22347776, "baseWinCredits":  439                                                  },
		{ "matchIn": 11, "pattern": 17039425, "baseWinCredits":  424                                                  },
		{ "matchIn": 11, "pattern":  1114384, "baseWinCredits":  411                                                  },
		{ "matchIn": 11, "pattern":   141440, "baseWinCredits":  403                                                  },
		{ "matchIn": 11, "pattern":   328000, "baseWinCredits":  395                                                  },
		{ "matchIn": 11, "pattern":  4211716, "baseWinCredits":  389                                                  },
		{ "matchIn": 11, "pattern": 17825809, "baseWinCredits":  380                                                  },
		{ "matchIn": 11, "pattern":   131520, "baseWinCredits":  375                                                  },
		{ "matchIn": 11, "pattern":    10564, "baseWinCredits":  375                                                  },
		{ "matchIn": 11, "pattern":  4532224, "baseWinCredits":  375                                                  },
		{ "matchIn": 12, "pattern":       99, "baseWinCredits":  367                                                  },
		{ "matchIn": 12, "pattern":      792, "baseWinCredits":  360                                                  },
		{ "matchIn": 12, "pattern":  3244032, "baseWinCredits":  354                                                  },
		{ "matchIn": 12, "pattern": 25952256, "baseWinCredits":  350                                                  },
		{ "matchIn": 12, "pattern":     1063, "baseWinCredits":  349                                                  },
		{ "matchIn": 12, "pattern":    16924, "baseWinCredits":  347                                                  },
		{ "matchIn": 12, "pattern":  7373824, "baseWinCredits":  346                                                  },
		{ "matchIn": 12, "pattern": 29900800, "baseWinCredits":  345                                                  },
		{ "matchIn": 12, "pattern":  4328448, "baseWinCredits":  340                                                  },
		{ "matchIn": 12, "pattern":  4349952, "baseWinCredits":  334                                                  },
		{ "matchIn": 12, "pattern":     3204, "baseWinCredits":  329                                                  },
		{ "matchIn": 12, "pattern":    24708, "baseWinCredits":  324                                                  },
		{ "matchIn": 12, "pattern":  1115201, "baseWinCredits":  324                                                  },
		{ "matchIn": 12, "pattern": 17056016, "baseWinCredits":  324                                                  },
		{ "matchIn": 12, "pattern":      341, "baseWinCredits":  322                                                  },
		{ "matchIn": 12, "pattern": 22347776, "baseWinCredits":  322                                                  },
		{ "matchIn": 12, "pattern": 17039425, "baseWinCredits":  320                                                  },
		{ "matchIn": 12, "pattern":  1114384, "baseWinCredits":  315                                                  },
		{ "matchIn": 12, "pattern":   141440, "baseWinCredits":  310                                                  },
		{ "matchIn": 12, "pattern":   328000, "baseWinCredits":  308                                                  },
		{ "matchIn": 12, "pattern":  4211716, "baseWinCredits":  305                                                  },
		{ "matchIn": 12, "pattern": 17825809, "baseWinCredits":  304                                                  },
		{ "matchIn": 12, "pattern":   131520, "baseWinCredits":  300                                                  },
		{ "matchIn": 12, "pattern":    10564, "baseWinCredits":  300                                                  },
		{ "matchIn": 12, "pattern":  4532224, "baseWinCredits":  300                                                  },
		{ "matchIn": 13, "pattern":       99, "baseWinCredits":  300                                                  },
		{ "matchIn": 13, "pattern":      792, "baseWinCredits":  292                                                  },
		{ "matchIn": 13, "pattern":  3244032, "baseWinCredits":  286                                                  },
		{ "matchIn": 13, "pattern": 25952256, "baseWinCredits":  280                                                  },
		{ "matchIn": 13, "pattern":     1063, "baseWinCredits":  280                                                  },
		{ "matchIn": 13, "pattern":    16924, "baseWinCredits":  280                                                  },
		{ "matchIn": 13, "pattern":  7373824, "baseWinCredits":  279                                                  },
		{ "matchIn": 13, "pattern": 29900800, "baseWinCredits":  278                                                  },
		{ "matchIn": 13, "pattern":  4328448, "baseWinCredits":  274                                                  },
		{ "matchIn": 13, "pattern":  4349952, "baseWinCredits":  270                                                  },
		{ "matchIn": 13, "pattern":     3204, "baseWinCredits":  266                                                  },
		{ "matchIn": 13, "pattern":    24708, "baseWinCredits":  262                                                  },
		{ "matchIn": 13, "pattern":  1115201, "baseWinCredits":  262                                                  },
		{ "matchIn": 13, "pattern": 17056016, "baseWinCredits":  261                                                  },
		{ "matchIn": 13, "pattern":      341, "baseWinCredits":  260                                                  },
		{ "matchIn": 13, "pattern": 22347776, "baseWinCredits":  260                                                  },
		{ "matchIn": 13, "pattern": 17039425, "baseWinCredits":  257                                                  },
		{ "matchIn": 13, "pattern":  1114384, "baseWinCredits":  255                                                  },
		{ "matchIn": 13, "pattern":   141440, "baseWinCredits":  254                                                  },
		{ "matchIn": 13, "pattern":   328000, "baseWinCredits":  252                                                  },
		{ "matchIn": 13, "pattern":  4211716, "baseWinCredits":  250                                                  },
		{ "matchIn": 13, "pattern": 17825809, "baseWinCredits":  250                                                  },
		{ "matchIn": 13, "pattern":   131520, "baseWinCredits":  245                                                  },
		{ "matchIn": 13, "pattern":    10564, "baseWinCredits":  245                                                  },
		{ "matchIn": 13, "pattern":  4532224, "baseWinCredits":  244                                                  },
		{ "matchIn": 14, "pattern":       99, "baseWinCredits":  236                                                  },
		{ "matchIn": 14, "pattern":      792, "baseWinCredits":  230                                                  },
		{ "matchIn": 14, "pattern":  3244032, "baseWinCredits":  225                                                  },
		{ "matchIn": 14, "pattern": 25952256, "baseWinCredits":  220                                                  },
		{ "matchIn": 14, "pattern":     1063, "baseWinCredits":  220                                                  },
		{ "matchIn": 14, "pattern":    16924, "baseWinCredits":  220                                                  },
		{ "matchIn": 14, "pattern":  7373824, "baseWinCredits":  219                                                  },
		{ "matchIn": 14, "pattern": 29900800, "baseWinCredits":  217                                                  },
		{ "matchIn": 14, "pattern":  4328448, "baseWinCredits":  212                                                  },
		{ "matchIn": 14, "pattern":  4349952, "baseWinCredits":  210                                                  },
		{ "matchIn": 14, "pattern":     3204, "baseWinCredits":  206                                                  },
		{ "matchIn": 14, "pattern":    24708, "baseWinCredits":   40,                         "bonusGamesAwarded":  5 },
		{ "matchIn": 14, "pattern":  1115201, "baseWinCredits":   40,                         "bonusGamesAwarded":  5 },
		{ "matchIn": 14, "pattern": 17056016, "baseWinCredits":   40,                         "bonusGamesAwarded":  5 },
		{ "matchIn": 14, "pattern":      341, "baseWinCredits":   40,                         "bonusGamesAwarded":  5 },
		{ "matchIn": 14, "pattern": 22347776, "baseWinCredits":   40,                         "bonusGamesAwarded":  5 },
		{ "matchIn": 14, "pattern": 17039425, "baseWinCredits":   40,                         "bonusGamesAwarded":  5 },
		{ "matchIn": 14, "pattern":  1114384, "baseWinCredits":   40,                         "bonusGamesAwarded":  5 },
		{ "matchIn": 14, "pattern":   141440, "baseWinCredits":   40,                         "bonusGamesAwarded":  5 },
		{ "matchIn": 14, "pattern":   328000, "baseWinCredits":   40,                         "bonusGamesAwarded":  5 },
		{ "matchIn": 14, "pattern":  4211716, "baseWinCredits":   40,                         "bonusGamesAwarded":  5 },
		{ "matchIn": 14, "pattern": 17825809, "baseWinCredits":   40,                         "bonusGamesAwarded":  5 },
		{ "matchIn": 14, "pattern":   131520, "baseWinCredits":   40,                         "bonusGamesAwarded":  5 },
		{ "matchIn": 14, "pattern":    10564, "baseWinCredits":   40,                         "bonusGamesAwarded":  5 },
		{ "matchIn": 14, "pattern":  4532224, "baseWinCredits":   40,                         "bonusGamesAwarded":  5 },
		{ "matchIn": 15, "pattern":       99, "baseWinCredits":   40,                         "bonusGamesAwarded":  5 },
		{ "matchIn": 15, "pattern":      792, "baseWinCredits":   40,                         "bonusGamesAwarded":  5 },
		{ "matchIn": 15, "pattern":  3244032, "baseWinCredits":   40,                         "bonusGamesAwarded":  5 },
		{ "matchIn": 15, "pattern": 25952256, "baseWinCredits":   40,                         "bonusGamesAwarded":  5 },
		{ "matchIn": 15, "pattern":     1063, "baseWinCredits":   40,                         "bonusGamesAwarded":  5 },
		{ "matchIn": 15, "pattern":    16924, "baseWinCredits":   40,                         "bonusGamesAwarded":  5 },
		{ "matchIn": 15, "pattern":  7373824, "baseWinCredits":   40,                         "bonusGamesAwarded":  5 },
		{ "matchIn": 15, "pattern": 29900800, "baseWinCredits":   40,                         "bonusGamesAwarded":  5 },
		{ "matchIn": 15, "pattern":  4328448, "baseWinCredits":   40,                         "bonusGamesAwarded":  5 },
		{ "matchIn": 15, "pattern":  4349952, "baseWinCredits":   40,                         "bonusGamesAwarded":  5 },
		{ "matchIn": 15, "pattern":     3204, "baseWinCredits":   40,                         "bonusGamesAwarded":  5 },
		{ "matchIn": 15, "pattern":    24708, "baseWinCredits":   40,                         "bonusGamesAwarded":  5 },
		{ "matchIn": 15, "pattern":  1115201, "baseWinCredits":   40,                         "bonusGamesAwarded":  5 },
		{ "matchIn": 15, "pattern": 17056016, "baseWinCredits":   40,                         "bonusGamesAwarded":  5 },
		{ "matchIn": 15, "pattern":      341, "baseWinCredits":   40,                         "bonusGamesAwarded":  5 },
		{ "matchIn": 15, "pattern": 22347776, "baseWinCredits":   40,                         "bonusGamesAwarded":  5 },
		{ "matchIn": 15, "pattern": 17039425, "baseWinCredits":   40,                         "bonusGamesAwarded":  5 },
		{ "matchIn": 15, "pattern":  1114384, "baseWinCredits":   40,                         "bonusGamesAwarded":  5 },
		{ "matchIn": 15, "pattern":   141440, "baseWinCredits":   40,                         "bonusGamesAwarded":  5 },
		{ "matchIn": 15, "pattern":   328000, "baseWinCredits":   40,                         "bonusGamesAwarded":  5 },
		{ "matchIn": 15, "pattern":  4211716, "baseWinCredits":   40,                         "bonusGamesAwarded":  5 },
		{ "matchIn": 15, "pattern": 17825809, "baseWinCredits":   40,                         "bonusGamesAwarded":  5 },
		{ "matchIn": 15, "pattern":   131520, "baseWinCredits":   40,                         "bonusGamesAwarded":  5 },
		{ "matchIn": 15, "pattern":    10564, "baseWinCredits":   40,                         "bonusGamesAwarded":  5 },
		{ "matchIn": 15, "pattern":  4532224, "baseWinCredits":   40,                         "bonusGamesAwarded":  5 },
		{ "matchIn": 16, "pattern":       99, "baseWinCredits":   40,                         "bonusGamesAwarded":  5 },
		{ "matchIn": 16, "pattern":      792, "baseWinCredits":   40,                         "bonusGamesAwarded":  5 },
		{ "matchIn": 16, "pattern":  3244032, "baseWinCredits":   40,                         "bonusGamesAwarded":  5 },
		{ "matchIn": 16, "pattern": 25952256, "baseWinCredits":   40,                         "bonusGamesAwarded":  5 },
		{ "matchIn": 16, "pattern":     1063, "baseWinCredits":   40,                         "bonusGamesAwarded":  5 },
		{ "matchIn": 16, "pattern":    16924, "baseWinCredits":   40,                         "bonusGamesAwarded":  5 },
		{ "matchIn": 16, "pattern":  7373824, "baseWinCredits":   40,                         "bonusGamesAwarded":  5 },
		{ "matchIn": 16, "pattern": 29900800, "baseWinCredits":   40,                         "bonusGamesAwarded":  5 },
		{ "matchIn": 16, "pattern":  4328448, "baseWinCredits":   40,                         "bonusGamesAwarded":  5 },
		{ "matchIn": 16, "pattern":  4349952, "baseWinCredits":   40,                         "bonusGamesAwarded":  5 },
		{ "matchIn": 16, "pattern":     3204, "baseWinCredits":   40,                         "bonusGamesAwarded":  5 },
		{ "matchIn": 16, "pattern":    24708, "baseWinCredits":   40,                         "bonusGamesAwarded":  5 },
		{ "matchIn": 16, "pattern":  1115201, "baseWinCredits":   40,                         "bonusGamesAwarded":  5 },
		{ "matchIn": 16, "pattern": 17056016, "baseWinCredits":   40,                         "bonusGamesAwarded":  5 },
		{ "matchIn": 16, "pattern":      341, "baseWinCredits":   40,                         "bonusGamesAwarded":  5 },
		{ "matchIn": 16, "pattern": 22347776, "baseWinCredits":   40,                         "bonusGamesAwarded":  5 },
		{ "matchIn": 16, "pattern": 17039425, "baseWinCredits":   40,                         "bonusGamesAwarded":  5 },
		{ "matchIn": 16, "pattern":  1114384, "baseWinCredits":   40,                         "bonusGamesAwarded":  5 },
		{ "matchIn": 16, "pattern":   141440, "baseWinCredits":   40,                         "bonusGamesAwarded":  5 },
		{ "matchIn": 16, "pattern":   328000, "baseWinCredits":   40,                         "bonusGamesAwarded":  5 },
		{ "matchIn": 16, "pattern":  4211716, "baseWinCredits":   40,                         "bonusGamesAwarded":  5 },
		{ "matchIn": 16, "pattern": 17825809, "baseWinCredits":   40,                         "bonusGamesAwarded":  5 },
		{ "matchIn": 16, "pattern":   131520, "baseWinCredits":   40,                         "bonusGamesAwarded":  5 },
		{ "matchIn": 16, "pattern":    10564, "baseWinCredits":   40,                         "bonusGamesAwarded":  5 },
		{ "matchIn": 16, "pattern":  4532224, "baseWinCredits":   40,                         "bonusGamesAwarded":  5 },
		{ "matchIn": 17, "pattern":       99, "baseWinCredits":   40,                         "bonusGamesAwarded":  5 },
		{ "matchIn": 17, "pattern":      792, "baseWinCredits":   40,                         "bonusGamesAwarded":  5 },
		{ "matchIn": 17, "pattern":  3244032, "baseWinCredits":   40,                         "bonusGamesAwarded":  5 },
		{ "matchIn": 17, "pattern": 25952256, "baseWinCredits":   40,                         "bonusGamesAwarded":  5 },
		{ "matchIn": 17, "pattern":     1063, "baseWinCredits":   40,                         "bonusGamesAwarded":  5 },
		{ "matchIn": 17, "pattern":    16924, "baseWinCredits":   40,                         "bonusGamesAwarded":  5 },
		{ "matchIn": 17, "pattern":  7373824, "baseWinCredits":   40,                         "bonusGamesAwarded":  5 },
		{ "matchIn": 17, "pattern": 29900800, "baseWinCredits":   40,                         "bonusGamesAwarded":  5 },
		{ "matchIn": 17, "pattern":  4328448, "baseWinCredits":   40,                         "bonusGamesAwarded":  5 },
		{ "matchIn": 17, "pattern":  4349952, "baseWinCredits":   40,                         "bonusGamesAwarded":  5 },
		{ "matchIn": 17, "pattern":     3204, "baseWinCredits":   40,                         "bonusGamesAwarded":  5 },
		{ "matchIn": 17, "pattern":    24708, "baseWinCredits":   40,                         "bonusGamesAwarded":  5 },
		{ "matchIn": 17, "pattern":  1115201, "baseWinCredits":   40,                         "bonusGamesAwarded":  5 },
		{ "matchIn": 17, "pattern": 17056016, "baseWinCredits":   40,                         "bonusGamesAwarded":  5 },
		{ "matchIn": 17, "pattern":      341, "baseWinCredits":   40,                         "bonusGamesAwarded":  5 },
		{ "matchIn": 17, "pattern": 22347776, "baseWinCredits":   40,                         "bonusGamesAwarded":  5 },
		{ "matchIn": 17, "pattern": 17039425, "baseWinCredits":   40,                         "bonusGamesAwarded":  5 },
		{ "matchIn": 17, "pattern":  1114384, "baseWinCredits":   40,                         "bonusGamesAwarded":  5 },
		{ "matchIn": 17, "pattern":   141440, "baseWinCredits":   40,                         "bonusGamesAwarded":  5 },
		{ "matchIn": 17, "pattern":   328000, "baseWinCredits":   40,                         "bonusGamesAwarded":  5 },
		{ "matchIn": 17, "pattern":  4211716, "baseWinCredits":   40,                         "bonusGamesAwarded":  5 },
		{ "matchIn": 17, "pattern": 17825809, "baseWinCredits":   40,                         "bonusGamesAwarded":  5 },
		{ "matchIn": 17, "pattern":   131520, "baseWinCredits":   40,                         "bonusGamesAwarded":  5 },
		{ "matchIn": 17, "pattern":    10564, "baseWinCredits":   40,                         "bonusGamesAwarded":  5 },
		{ "matchIn": 17, "pattern":  4532224, "baseWinCredits":   40,                         "bonusGamesAwarded":  5 },
		{ "matchIn": 18, "pattern":       99, "baseWinCredits":   40,                         "bonusGamesAwarded":  5 },
		{ "matchIn": 18, "pattern":      792, "baseWinCredits":   40,                         "bonusGamesAwarded":  5 },
		{ "matchIn": 18, "pattern":  3244032, "baseWinCredits":   40,                         "bonusGamesAwarded":  5 },
		{ "matchIn": 18, "pattern": 25952256, "baseWinCredits":   40,                         "bonusGamesAwarded":  5 },
		{ "matchIn": 18, "pattern":     1063, "baseWinCredits":   40,                         "bonusGamesAwarded":  5 },
		{ "matchIn": 18, "pattern":    16924, "baseWinCredits":   40,                         "bonusGamesAwarded":  5 },
		{ "matchIn": 18, "pattern":  7373824, "baseWinCredits":   40,                         "bonusGamesAwarded":  5 },
		{ "matchIn": 18, "pattern": 29900800, "baseWinCredits":   40,                         "bonusGamesAwarded":  5 },
		{ "matchIn": 18, "pattern":  4328448, "baseWinCredits":   40,                         "bonusGamesAwarded":  5 },
		{ "matchIn": 18, "pattern":  4349952, "baseWinCredits":   40,                         "bonusGamesAwarded":  5 },
		{ "matchIn": 18, "pattern":     3204, "baseWinCredits":   40,                         "bonusGamesAwarded":  5 },
		{ "matchIn": 18, "pattern":    24708, "baseWinCredits":   40,                         "bonusGamesAwarded":  5 },
		{ "matchIn": 18, "pattern":  1115201, "baseWinCredits":  203                                                  },
		{ "matchIn": 18, "pattern": 17056016, "baseWinCredits":  202                                                  },
		{ "matchIn": 18, "pattern":      341, "baseWinCredits":  201                                                  },
		{ "matchIn": 18, "pattern": 22347776, "baseWinCredits":  200                                                  },
		{ "matchIn": 18, "pattern": 17039425, "baseWinCredits":  200                                                  },
		{ "matchIn": 18, "pattern":  1114384, "baseWinCredits":  188                                                  },
		{ "matchIn": 18, "pattern":   141440, "baseWinCredits":  178                                                  },
		{ "matchIn": 18, "pattern":   328000, "baseWinCredits":  170                                                  },
		{ "matchIn": 18, "pattern":  4211716, "baseWinCredits":  164                                                  },
		{ "matchIn": 18, "pattern": 17825809, "baseWinCredits":  160                                                  },
		{ "matchIn": 18, "pattern":   131520, "baseWinCredits":  155                                                  },
		{ "matchIn": 18, "pattern":    10564, "baseWinCredits":  155                                                  },
		{ "matchIn": 18, "pattern":  4532224, "baseWinCredits":  154                                                  },
		{ "matchIn": 19, "pattern":       99, "baseWinCredits":  150                                                  },
		{ "matchIn": 19, "pattern":      792, "baseWinCredits":  145                                                  },
		{ "matchIn": 19, "pattern":  3244032, "baseWinCredits":  140                                                  },
		{ "matchIn": 19, "pattern": 25952256, "baseWinCredits":  140                                                  },
		{ "matchIn": 19, "pattern":     1063, "baseWinCredits":  140                                                  },
		{ "matchIn": 19, "pattern":    16924, "baseWinCredits":  138                                                  },
		{ "matchIn": 19, "pattern":  7373824, "baseWinCredits":  136                                                  },
		{ "matchIn": 19, "pattern": 29900800, "baseWinCredits":  135                                                  },
		{ "matchIn": 19, "pattern":  4328448, "baseWinCredits":  131                                                  },
		{ "matchIn": 19, "pattern":  4349952, "baseWinCredits":  130                                                  },
		{ "matchIn": 19, "pattern":     3204, "baseWinCredits":  127                                                  },
		{ "matchIn": 19, "pattern":    24708, "baseWinCredits":  125                                                  },
		{ "matchIn": 19, "pattern":  1115201, "baseWinCredits":  125                                                  },
		{ "matchIn": 19, "pattern": 17056016, "baseWinCredits":  125                                                  },
		{ "matchIn": 19, "pattern":      341, "baseWinCredits":  125                                                  },
		{ "matchIn": 19, "pattern": 22347776, "baseWinCredits":  125                                                  },
		{ "matchIn": 19, "pattern": 17039425, "baseWinCredits":  121                                                  },
		{ "matchIn": 19, "pattern":  1114384, "baseWinCredits":  120                                                  },
		{ "matchIn": 19, "pattern":   141440, "baseWinCredits":  120                                                  },
		{ "matchIn": 19, "pattern":   328000, "baseWinCredits":  120                                                  },
		{ "matchIn": 19, "pattern":  4211716, "baseWinCredits":  116                                                  },
		{ "matchIn": 19, "pattern": 17825809, "baseWinCredits":  114                                                  },
		{ "matchIn": 19, "pattern":   131520, "baseWinCredits":  110                                                  },
		{ "matchIn": 19, "pattern":    10564, "baseWinCredits":  110                                                  },
		{ "matchIn": 19, "pattern":  4532224, "baseWinCredits":  110                                                  },
		{ "matchIn": 20, "pattern":       99, "baseWinCredits":  109                                                  },
		{ "matchIn": 20, "pattern":      792, "baseWinCredits":  106                                                  },
		{ "matchIn": 20, "pattern":  3244032, "baseWinCredits":  105                                                  },
		{ "matchIn": 20, "pattern": 25952256, "baseWinCredits":  104                                                  },
		{ "matchIn": 20, "pattern":     1063, "baseWinCredits":  104                                                  },
		{ "matchIn": 20, "pattern":    16924, "baseWinCredits":  104                                                  },
		{ "matchIn": 20, "pattern":  7373824, "baseWinCredits":  104                                                  },
		{ "matchIn": 20, "pattern": 29900800, "baseWinCredits":  102                                                  },
		{ "matchIn": 20, "pattern":  4328448, "baseWinCredits":  100                                                  },
		{ "matchIn": 20, "pattern":  4349952, "baseWinCredits":  100                                                  },
		{ "matchIn": 20, "pattern":     3204, "baseWinCredits":  100                                                  },
		{ "matchIn": 20, "pattern":    24708, "baseWinCredits":  100                                                  },
		{ "matchIn": 20, "pattern":  1115201, "baseWinCredits":  100                                                  },
		{ "matchIn": 20, "pattern": 17056016, "baseWinCredits":  100                                                  },
		{ "matchIn": 20, "pattern":      341, "baseWinCredits":  100                                                  },
		{ "matchIn": 20, "pattern": 22347776, "baseWinCredits":  100                                                  },
		{ "matchIn": 20, "pattern": 17039425, "baseWinCredits":  100                                                  },
		{ "matchIn": 20, "pattern":  1114384, "baseWinCredits":   94                                                  },
		{ "matchIn": 20, "pattern":   141440, "baseWinCredits":   90                                                  },
		{ "matchIn": 20, "pattern":   328000, "baseWinCredits":   86                                                  },
		{ "matchIn": 20, "pattern":  4211716, "baseWinCredits":   84                                                  },
		{ "matchIn": 20, "pattern": 17825809, "baseWinCredits":   80                                                  },
		{ "matchIn": 20, "pattern":   131520, "baseWinCredits":   79                                                  },
		{ "matchIn": 20, "pattern":    10564, "baseWinCredits":   79                                                  },
		{ "matchIn": 20, "pattern":  4532224, "baseWinCredits":   78                                                  },
		{ "matchIn": 21, "pattern":       99, "baseWinCredits":   75                                                  },
		{ "matchIn": 21, "pattern":      792, "baseWinCredits":   73                                                  },
		{ "matchIn": 21, "pattern":  3244032, "baseWinCredits":   70                                                  },
		{ "matchIn": 21, "pattern": 25952256, "baseWinCredits":   70                                                  },
		{ "matchIn": 21, "pattern":     1063, "baseWinCredits":   70                                                  },
		{ "matchIn": 21, "pattern":    16924, "baseWinCredits":   70                                                  },
		{ "matchIn": 21, "pattern":  7373824, "baseWinCredits":   69                                                  },
		{ "matchIn": 21, "pattern": 29900800, "baseWinCredits":   68                                                  },
		{ "matchIn": 21, "pattern":  4328448, "baseWinCredits":   66                                                  },
		{ "matchIn": 21, "pattern":  4349952, "baseWinCredits":   65                                                  },
		{ "matchIn": 21, "pattern":     3204, "baseWinCredits":   64                                                  },
		{ "matchIn": 21, "pattern":    24708, "baseWinCredits":   62                                                  },
		{ "matchIn": 21, "pattern":  1115201, "baseWinCredits":   62                                                  },
		{ "matchIn": 21, "pattern": 17056016, "baseWinCredits":   62                                                  },
		{ "matchIn": 21, "pattern":      341, "baseWinCredits":   61                                                  },
		{ "matchIn": 21, "pattern": 22347776, "baseWinCredits":   61                                                  },
		{ "matchIn": 21, "pattern": 17039425, "baseWinCredits":   60                                                  },
		{ "matchIn": 21, "pattern":  1114384, "baseWinCredits":   60                                                  },
		{ "matchIn": 21, "pattern":   141440, "baseWinCredits":   60                                                  },
		{ "matchIn": 21, "pattern":   328000, "baseWinCredits":   59                                                  },
		{ "matchIn": 21, "pattern":  4211716, "baseWinCredits":   57                                                  },
		{ "matchIn": 21, "pattern": 17825809, "baseWinCredits":   56                                                  },
		{ "matchIn": 21, "pattern":   131520, "baseWinCredits":   56                                                  },
		{ "matchIn": 21, "pattern":    10564, "baseWinCredits":   56                                                  },
		{ "matchIn": 21, "pattern":  4532224, "baseWinCredits":   56                                                  },
		{ "matchIn": 22, "pattern":       99, "baseWinCredits":   55                                                  },
		{ "matchIn": 22, "pattern":      792, "baseWinCredits":   54                                                  },
		{ "matchIn": 22, "pattern":  3244032, "baseWinCredits":   54                                                  },
		{ "matchIn": 22, "pattern": 25952256, "baseWinCredits":   52                                                  },
		{ "matchIn": 22, "pattern":     1063, "baseWinCredits":   52                                                  },
		{ "matchIn": 22, "pattern":    16924, "baseWinCredits":   52                                                  },
		{ "matchIn": 22, "pattern":  7373824, "baseWinCredits":   52                                                  },
		{ "matchIn": 22, "pattern": 29900800, "baseWinCredits":   52                                                  },
		{ "matchIn": 22, "pattern":  4328448, "baseWinCredits":   50                                                  },
		{ "matchIn": 22, "pattern":  4349952, "baseWinCredits":   50                                                  },
		{ "matchIn": 22, "pattern":     3204, "baseWinCredits":   50                                                  },
		{ "matchIn": 22, "pattern":    24708, "baseWinCredits":   50                                                  },
		{ "matchIn": 22, "pattern":  1115201, "baseWinCredits":   50                                                  },
		{ "matchIn": 22, "pattern": 17056016, "baseWinCredits":   50                                                  },
		{ "matchIn": 22, "pattern":      341, "baseWinCredits":   50                                                  },
		{ "matchIn": 22, "pattern": 22347776, "baseWinCredits":   49                                                  },
		{ "matchIn": 22, "pattern": 17039425, "baseWinCredits":   48                                                  },
		{ "matchIn": 22, "pattern":  1114384, "baseWinCredits":   47                                                  },
		{ "matchIn": 22, "pattern":   141440, "baseWinCredits":   45                                                  },
		{ "matchIn": 22, "pattern":   328000, "baseWinCredits":   45                                                  },
		{ "matchIn": 22, "pattern":  4211716, "baseWinCredits":   45                                                  },
		{ "matchIn": 22, "pattern": 17825809, "baseWinCredits":   45                                                  },
		{ "matchIn": 22, "pattern":   131520, "baseWinCredits":   45                                                  },
		{ "matchIn": 22, "pattern":    10564, "baseWinCredits":   44                                                  },
		{ "matchIn": 22, "pattern":  4532224, "baseWinCredits":   44                                                  },
		{ "matchIn": 23, "pattern":       99, "baseWinCredits":   43                                                  },
		{ "matchIn": 23, "pattern":      792, "baseWinCredits":   41                                                  },
		{ "matchIn": 23, "pattern":  3244032, "baseWinCredits":   40                                                  },
		{ "matchIn": 23, "pattern": 25952256, "baseWinCredits":   40                                                  },
		{ "matchIn": 23, "pattern":     1063, "baseWinCredits":   40                                                  },
		{ "matchIn": 23, "pattern":    16924, "baseWinCredits":   40                                                  },
		{ "matchIn": 23, "pattern":  7373824, "baseWinCredits":   40                                                  },
		{ "matchIn": 23, "pattern": 29900800, "baseWinCredits":   40                                                  },
		{ "matchIn": 23, "pattern":  4328448, "baseWinCredits":   40                                                  },
		{ "matchIn": 23, "pattern":  4349952, "baseWinCredits":   40                                                  },
		{ "matchIn": 23, "pattern":     3204, "baseWinCredits":   40                                                  },
		{ "matchIn": 23, "pattern":    24708, "baseWinCredits":   40                                                  },
		{ "matchIn": 23, "pattern":  1115201, "baseWinCredits":   40                                                  },
		{ "matchIn": 23, "pattern": 17056016, "baseWinCredits":   40                                                  },
		{ "matchIn": 23, "pattern":      341, "baseWinCredits":   40                                                  },
		{ "matchIn": 23, "pattern": 22347776, "baseWinCredits":   40                                                  },
		{ "matchIn": 23, "pattern": 17039425, "baseWinCredits":   40                                                  },
		{ "matchIn": 23, "pattern":  1114384, "baseWinCredits":   40                                                  },
		{ "matchIn": 23, "pattern":   141440, "baseWinCredits":   40                                                  },
		{ "matchIn": 23, "pattern":   328000, "baseWinCredits":   39                                                  },
		{ "matchIn": 23, "pattern":  4211716, "baseWinCredits":   37                                                  },
		{ "matchIn": 23, "pattern": 17825809, "baseWinCredits":   36                                                  },
		{ "matchIn": 23, "pattern":   131520, "baseWinCredits":   35                                                  },
		{ "matchIn": 23, "pattern":    10564, "baseWinCredits":   35                                                  },
		{ "matchIn": 23, "pattern":  4532224, "baseWinCredits":   35                                                  },
		{ "matchIn": 24, "pattern":       99, "baseWinCredits":   35                                                  },
		{ "matchIn": 24, "pattern":      792, "baseWinCredits":   35                                                  },
		{ "matchIn": 24, "pattern":  3244032, "baseWinCredits":   34                                                  },
		{ "matchIn": 24, "pattern": 25952256, "baseWinCredits":   32                                                  },
		{ "matchIn": 24, "pattern":     1063, "baseWinCredits":   32                                                  },
		{ "matchIn": 24, "pattern":    16924, "baseWinCredits":   32                                                  },
		{ "matchIn": 24, "pattern":  7373824, "baseWinCredits":   31                                                  },
		{ "matchIn": 24, "pattern": 29900800, "baseWinCredits":   31                                                  },
		{ "matchIn": 24, "pattern":  4328448, "baseWinCredits":   30                                                  },
		{ "matchIn": 24, "pattern":  4349952, "baseWinCredits":   30                                                  },
		{ "matchIn": 24, "pattern":     3204, "baseWinCredits":   30                                                  },
		{ "matchIn": 24, "pattern":    24708, "baseWinCredits":   30                                                  },
		{ "matchIn": 24, "pattern":  1115201, "baseWinCredits":   30                                                  },
		{ "matchIn": 24, "pattern": 17056016, "baseWinCredits":   30                                                  },
		{ "matchIn": 24, "pattern":      341, "baseWinCredits":   30                                                  },
		{ "matchIn": 24, "pattern": 22347776, "baseWinCredits":   30                                                  },
		{ "matchIn": 24, "pattern": 17039425, "baseWinCredits":   30                                                  },
		{ "matchIn": 24, "pattern":  1114384, "baseWinCredits":   30                                                  },
		{ "matchIn": 24, "pattern":   141440, "baseWinCredits":   30                                                  },
		{ "matchIn": 24, "pattern":   328000, "baseWinCredits":   30                                                  },
		{ "matchIn": 24, "pattern":  4211716, "baseWinCredits":   30                                                  },
		{ "matchIn": 24, "pattern": 17825809, "baseWinCredits":   29                                                  },
		{ "matchIn": 24, "pattern":   131520, "baseWinCredits":   28                                                  },
		{ "matchIn": 24, "pattern":    10564, "baseWinCredits":   28                                                  },
		{ "matchIn": 24, "pattern":  4532224, "baseWinCredits":   28                                                  },
		{ "matchIn": 25, "pattern":       99, "baseWinCredits":   27                                                  },
		{ "matchIn": 25, "pattern":      792, "baseWinCredits":   26                                                  },
		{ "matchIn": 25, "pattern":  3244032, "baseWinCredits":   26                                                  },
		{ "matchIn": 25, "pattern": 25952256, "baseWinCredits":   25                                                  },
		{ "matchIn": 25, "pattern":     1063, "baseWinCredits":   25                                                  },
		{ "matchIn": 25, "pattern":    16924, "baseWinCredits":   25                                                  },
		{ "matchIn": 25, "pattern":  7373824, "baseWinCredits":   25                                                  },
		{ "matchIn": 25, "pattern": 29900800, "baseWinCredits":   25                                                  },
		{ "matchIn": 25, "pattern":  4328448, "baseWinCredits":   25                                                  },
		{ "matchIn": 25, "pattern":  4349952, "baseWinCredits":   25                                                  },
		{ "matchIn": 25, "pattern":     3204, "baseWinCredits":   25                                                  },
		{ "matchIn": 25, "pattern":    24708, "baseWinCredits":   25                                                  },
		{ "matchIn": 25, "pattern":  1115201, "baseWinCredits":   25                                                  },
		{ "matchIn": 25, "pattern": 17056016, "baseWinCredits":   25                                                  },
		{ "matchIn": 25, "pattern":      341, "baseWinCredits":   25                                                  },
		{ "matchIn": 25, "pattern": 22347776, "baseWinCredits":   25                                                  },
		{ "matchIn": 25, "pattern": 17039425, "baseWinCredits":   25                                                  },
		{ "matchIn": 25, "pattern":  1114384, "baseWinCredits":   24                                                  },
		{ "matchIn": 25, "pattern":   141440, "baseWinCredits":   24                                                  },
		{ "matchIn": 25, "pattern":   328000, "baseWinCredits":   24                                                  },
		{ "matchIn": 25, "pattern":  4211716, "baseWinCredits":   23                                                  },
		{ "matchIn": 25, "pattern": 17825809, "baseWinCredits":   22                                                  },
		{ "matchIn": 25, "pattern":   131520, "baseWinCredits":   22                                                  },
		{ "matchIn": 25, "pattern":    10564, "baseWinCredits":   21                                                  },
		{ "matchIn": 25, "pattern":  4532224, "baseWinCredits":   21                                                  },
		{ "matchIn": 26, "pattern":       99, "baseWinCredits":   20                                                  },
		{ "matchIn": 26, "pattern":      792, "baseWinCredits":   20                                                  },
		{ "matchIn": 26, "pattern":  3244032, "baseWinCredits":   20                                                  },
		{ "matchIn": 26, "pattern": 25952256, "baseWinCredits":   20                                                  },
		{ "matchIn": 26, "pattern":     1063, "baseWinCredits":   20                                                  },
		{ "matchIn": 26, "pattern":    16924, "baseWinCredits":   20                                                  },
		{ "matchIn": 26, "pattern":  7373824, "baseWinCredits":   20                                                  },
		{ "matchIn": 26, "pattern": 29900800, "baseWinCredits":   20                                                  },
		{ "matchIn": 26, "pattern":  4328448, "baseWinCredits":   20                                                  },
		{ "matchIn": 26, "pattern":  4349952, "baseWinCredits":   20                                                  },
		{ "matchIn": 26, "pattern":     3204, "baseWinCredits":   20                                                  },
		{ "matchIn": 26, "pattern":    24708, "baseWinCredits":   20                                                  },
		{ "matchIn": 26, "pattern":  1115201, "baseWinCredits":   20                                                  },
		{ "matchIn": 26, "pattern": 17056016, "baseWinCredits":   20                                                  },
		{ "matchIn": 26, "pattern":      341, "baseWinCredits":   20                                                  },
		{ "matchIn": 26, "pattern": 22347776, "baseWinCredits":   20                                                  },
		{ "matchIn": 26, "pattern": 17039425, "baseWinCredits":   20                                                  },
		{ "matchIn": 26, "pattern":  1114384, "baseWinCredits":   20                                                  },
		{ "matchIn": 26, "pattern":   141440, "baseWinCredits":   20                                                  },
		{ "matchIn": 26, "pattern":   328000, "baseWinCredits":   20                                                  },
		{ "matchIn": 26, "pattern":  4211716, "baseWinCredits":   20                                                  },
		{ "matchIn": 26, "pattern": 17825809, "baseWinCredits":   20                                                  },
		{ "matchIn": 26, "pattern":   131520, "baseWinCredits":   20                                                  },
		{ "matchIn": 26, "pattern":    10564, "baseWinCredits":   20                                                  },
		{ "matchIn": 26, "pattern":  4532224, "baseWinCredits":   20                                                  },
		{ "matchIn": 27, "pattern":       99, "baseWinCredits":   20                                                  },
		{ "matchIn": 27, "pattern":      792, "baseWinCredits":   20                                                  },
		{ "matchIn": 27, "pattern":  3244032, "baseWinCredits":   20                                                  },
		{ "matchIn": 27, "pattern": 25952256, "baseWinCredits":   20                                                  },
		{ "matchIn": 27, "pattern":     1063, "baseWinCredits":   20                                                  },
		{ "matchIn": 27, "pattern":    16924, "baseWinCredits":   20                                                  },
		{ "matchIn": 27, "pattern":  7373824, "baseWinCredits":   20                                                  },
		{ "matchIn": 27, "pattern": 29900800, "baseWinCredits":   20                                                  },
		{ "matchIn": 27, "pattern":  4328448, "baseWinCredits":   20                                                  },
		{ "matchIn": 27, "pattern":  4349952, "baseWinCredits":   20                                                  },
		{ "matchIn": 27, "pattern":     3204, "baseWinCredits":   19                                                  },
		{ "matchIn": 27, "pattern":    24708, "baseWinCredits":   18                                                  },
		{ "matchIn": 27, "pattern":  1115201, "baseWinCredits":   18                                                  },
		{ "matchIn": 27, "pattern": 17056016, "baseWinCredits":   18                                                  },
		{ "matchIn": 27, "pattern":      341, "baseWinCredits":   18                                                  },
		{ "matchIn": 27, "pattern": 22347776, "baseWinCredits":   17                                                  },
		{ "matchIn": 27, "pattern": 17039425, "baseWinCredits":   17                                                  },
		{ "matchIn": 27, "pattern":  1114384, "baseWinCredits":   16                                                  },
		{ "matchIn": 27, "pattern":   141440, "baseWinCredits":   16                                                  },
		{ "matchIn": 27, "pattern":   328000, "baseWinCredits":   16                                                  },
		{ "matchIn": 27, "pattern":  4211716, "baseWinCredits":   15                                                  },
		{ "matchIn": 27, "pattern": 17825809, "baseWinCredits":   15                                                  },
		{ "matchIn": 27, "pattern":   131520, "baseWinCredits":   15                                                  },
		{ "matchIn": 27, "pattern":    10564, "baseWinCredits":   15                                                  },
		{ "matchIn": 27, "pattern":  4532224, "baseWinCredits":   15                                                  },
		{ "matchIn": 28, "pattern":       99, "baseWinCredits":   15                                                  },
		{ "matchIn": 28, "pattern":      792, "baseWinCredits":   15                                                  },
		{ "matchIn": 28, "pattern":  3244032, "baseWinCredits":   14                                                  },
		{ "matchIn": 28, "pattern": 25952256, "baseWinCredits":   14                                                  },
		{ "matchIn": 28, "pattern":     1063, "baseWinCredits":   14                                                  },
		{ "matchIn": 28, "pattern":    16924, "baseWinCredits":   14                                                  },
		{ "matchIn": 28, "pattern":  7373824, "baseWinCredits":   14                                                  },
		{ "matchIn": 28, "pattern": 29900800, "baseWinCredits":   14                                                  },
		{ "matchIn": 28, "pattern":  4328448, "baseWinCredits":   14                                                  },
		{ "matchIn": 28, "pattern":  4349952, "baseWinCredits":   14                                                  },
		{ "matchIn": 28, "pattern":     3204, "baseWinCredits":   13                                                  },
		{ "matchIn": 28, "pattern":    24708, "baseWinCredits":   13                                                  },
		{ "matchIn": 28, "pattern":  1115201, "baseWinCredits":   13                                                  },
		{ "matchIn": 28, "pattern": 17056016, "baseWinCredits":   13                                                  },
		{ "matchIn": 28, "pattern":      341, "baseWinCredits":   12                                                  },
		{ "matchIn": 28, "pattern": 22347776, "baseWinCredits":   12                                                  },
		{ "matchIn": 28, "pattern": 17039425, "baseWinCredits":   12                                                  },
		{ "matchIn": 28, "pattern":  1114384, "baseWinCredits":   12                                                  },
		{ "matchIn": 28, "pattern":   141440, "baseWinCredits":   11                                                  },
		{ "matchIn": 28, "pattern":   328000, "baseWinCredits":   11                                                  },
		{ "matchIn": 28, "pattern":  4211716, "baseWinCredits":   11                                                  },
		{ "matchIn": 28, "pattern": 17825809, "baseWinCredits":   11                                                  },
		{ "matchIn": 28, "pattern":   131520, "baseWinCredits":   11                                                  },
		{ "matchIn": 28, "pattern":    10564, "baseWinCredits":   11                                                  },
		{ "matchIn": 28, "pattern":  4532224, "baseWinCredits":   10                                                  },
		{ "matchIn": 29, "pattern":       99, "baseWinCredits":   10                                                  },
		{ "matchIn": 29, "pattern":      792, "baseWinCredits":   10                                                  },
		{ "matchIn": 29, "pattern":  3244032, "baseWinCredits":   10                                                  },
		{ "matchIn": 29, "pattern": 25952256, "baseWinCredits":   10                                                  },
		{ "matchIn": 29, "pattern":     1063, "baseWinCredits":   10                                                  },
		{ "matchIn": 29, "pattern":    16924, "baseWinCredits":   10                                                  },
		{ "matchIn": 29, "pattern":  7373824, "baseWinCredits":   10                                                  },
		{ "matchIn": 29, "pattern": 29900800, "baseWinCredits":   10                                                  },
		{ "matchIn": 29, "pattern":  4328448, "baseWinCredits":   10                                                  },
		{ "matchIn": 29, "pattern":  4349952, "baseWinCredits":   10                                                  },
		{ "matchIn": 29, "pattern":     3204, "baseWinCredits":   10                                                  },
		{ "matchIn": 29, "pattern":    24708, "baseWinCredits":   10                                                  },
		{ "matchIn": 29, "pattern":  1115201, "baseWinCredits":   10                                                  },
		{ "matchIn": 29, "pattern": 17056016, "baseWinCredits":   10                                                  },
		{ "matchIn": 29, "pattern":      341, "baseWinCredits":   10                                                  },
		{ "matchIn": 29, "pattern": 22347776, "baseWinCredits":   10                                                  },
		{ "matchIn": 29, "pattern": 17039425, "baseWinCredits":   10                                                  },
		{ "matchIn": 29, "pattern":  1114384, "baseWinCredits":   10                                                  },
		{ "matchIn": 29, "pattern":   141440, "baseWinCredits":   10                                                  },
		{ "matchIn": 29, "pattern":   328000, "baseWinCredits":   10                                                  },
		{ "matchIn": 29, "pattern":  4211716, "baseWinCredits":   10                                                  },
		{ "matchIn": 29, "pattern": 17825809, "baseWinCredits":   10                                                  },
		{ "matchIn": 29, "pattern":   131520, "baseWinCredits":   10                                                  },
		{ "matchIn": 29, "pattern":    10564, "baseWinCredits":   10                                                  },
		{ "matchIn": 29, "pattern":  4532224, "baseWinCredits":   10                                                  },
		{ "matchIn": 30, "pattern":       99, "baseWinCredits":   10                                                  },
		{ "matchIn": 30, "pattern":      792, "baseWinCredits":   10                                                  },
		{ "matchIn": 30, "pattern":  3244032, "baseWinCredits":   10                                                  },
		{ "matchIn": 30, "pattern": 25952256, "baseWinCredits":   10                                                  },
		{ "matchIn": 30, "pattern":     1063, "baseWinCredits":   10                                                  },
		{ "matchIn": 30, "pattern":    16924, "baseWinCredits":   10                                                  },
		{ "matchIn": 30, "pattern":  7373824, "baseWinCredits":   10                                                  },
		{ "matchIn": 30, "pattern": 29900800, "baseWinCredits":   10                                                  },
		{ "matchIn": 30, "pattern":  4328448, "baseWinCredits":   10                                                  },
		{ "matchIn": 30, "pattern":  4349952, "baseWinCredits":   10                                                  },
		{ "matchIn": 30, "pattern":     3204, "baseWinCredits":    9                                                  },
		{ "matchIn": 30, "pattern":    24708, "baseWinCredits":    9                                                  },
		{ "matchIn": 30, "pattern":  1115201, "baseWinCredits":    9                                                  },
		{ "matchIn": 30, "pattern": 17056016, "baseWinCredits":    9                                                  },
		{ "matchIn": 30, "pattern":      341, "baseWinCredits":    9                                                  },
		{ "matchIn": 30, "pattern": 22347776, "baseWinCredits":    9                                                  },
		{ "matchIn": 30, "pattern": 17039425, "baseWinCredits":    9                                                  },
		{ "matchIn": 30, "pattern":  1114384, "baseWinCredits":    9                                                  },
		{ "matchIn": 30, "pattern":   141440, "baseWinCredits":    8                                                  },
		{ "matchIn": 30, "pattern":   328000, "baseWinCredits":    8                                                  },
		{ "matchIn": 30, "pattern":  4211716, "baseWinCredits":    8                                                  },
		{ "matchIn": 30, "pattern": 17825809, "baseWinCredits":    8                                                  },
		{ "matchIn": 30, "pattern":   131520, "baseWinCredits":    8                                                  },
		{ "matchIn": 30, "pattern":    10564, "baseWinCredits":    8                                                  },
		{ "matchIn": 30, "pattern":  4532224, "baseWinCredits":    8                                                  },
		{ "matchIn": 31, "pattern":       99, "baseWinCredits":    8                                                  },
		{ "matchIn": 31, "pattern":      792, "baseWinCredits":    8                                                  },
		{ "matchIn": 31, "pattern":  3244032, "baseWinCredits":    8                                                  },
		{ "matchIn": 31, "pattern": 25952256, "baseWinCredits":    8                                                  },
		{ "matchIn": 31, "pattern":     1063, "baseWinCredits":    8                                                  },
		{ "matchIn": 31, "pattern":    16924, "baseWinCredits":    8                                                  },
		{ "matchIn": 31, "pattern":  7373824, "baseWinCredits":    8                                                  },
		{ "matchIn": 31, "pattern": 29900800, "baseWinCredits":    8                                                  },
		{ "matchIn": 31, "pattern":  4328448, "baseWinCredits":    8                                                  },
		{ "matchIn": 31, "pattern":  4349952, "baseWinCredits":    7                                                  },
		{ "matchIn": 31, "pattern":     3204, "baseWinCredits":    7                                                  },
		{ "matchIn": 31, "pattern":    24708, "baseWinCredits":    7                                                  },
		{ "matchIn": 31, "pattern":  1115201, "baseWinCredits":    7                                                  },
		{ "matchIn": 31, "pattern": 17056016, "baseWinCredits":    7                                                  },
		{ "matchIn": 31, "pattern":      341, "baseWinCredits":    7                                                  },
		{ "matchIn": 31, "pattern": 22347776, "baseWinCredits":    7                                                  },
		{ "matchIn": 31, "pattern": 17039425, "baseWinCredits":    7                                                  },
		{ "matchIn": 31, "pattern":  1114384, "baseWinCredits":    6                                                  },
		{ "matchIn": 31, "pattern":   141440, "baseWinCredits":    6                                                  },
		{ "matchIn": 31, "pattern":   328000, "baseWinCredits":    6                                                  },
		{ "matchIn": 31, "pattern":  4211716, "baseWinCredits":    6                                                  },
		{ "matchIn": 31, "pattern": 17825809, "baseWinCredits":    6                                                  },
		{ "matchIn": 31, "pattern":   131520, "baseWinCredits":    6                                                  },
		{ "matchIn": 31, "pattern":    10564, "baseWinCredits":    6                                                  },
		{ "matchIn": 31, "pattern":  4532224, "baseWinCredits":    6                                                  },
		{ "matchIn": 32, "pattern":       99, "baseWinCredits":    6                                                  },
		{ "matchIn": 32, "pattern":      792, "baseWinCredits":    6                                                  },
		{ "matchIn": 32, "pattern":  3244032, "baseWinCredits":    6                                                  },
		{ "matchIn": 32, "pattern": 25952256, "baseWinCredits":    6                                                  },
		{ "matchIn": 32, "pattern":     1063, "baseWinCredits":    6                                                  },
		{ "matchIn": 32, "pattern":    16924, "baseWinCredits":    6                                                  },
		{ "matchIn": 32, "pattern":  7373824, "baseWinCredits":    6                                                  },
		{ "matchIn": 32, "pattern": 29900800, "baseWinCredits":    6                                                  },
		{ "matchIn": 32, "pattern":  4328448, "baseWinCredits":    5                                                  },
		{ "matchIn": 32, "pattern":  4349952, "baseWinCredits":    5                                                  },
		{ "matchIn": 32, "pattern":     3204, "baseWinCredits":    5                                                  },
		{ "matchIn": 32, "pattern":    24708, "baseWinCredits":    5                                                  },
		{ "matchIn": 32, "pattern":  1115201, "baseWinCredits":    5                                                  },
		{ "matchIn": 32, "pattern": 17056016, "baseWinCredits":    5                                                  },
		{ "matchIn": 32, "pattern":      341, "baseWinCredits":    5                                                  },
		{ "matchIn": 32, "pattern": 22347776, "baseWinCredits":    5                                                  },
		{ "matchIn": 32, "pattern": 17039425, "baseWinCredits":    5                                                  },
		{ "matchIn": 32, "pattern":  1114384, "baseWinCredits":    5                                                  },
		{ "matchIn": 32, "pattern":   141440, "baseWinCredits":    5                                                  },
		{ "matchIn": 32, "pattern":   328000, "baseWinCredits":    5                                                  },
		{ "matchIn": 32, "pattern":  4211716, "baseWinCredits":    5                                                  },
		{ "matchIn": 32, "pattern": 17825809, "baseWinCredits":    5                                                  },
		{ "matchIn": 32, "pattern":   131520, "baseWinCredits":    5                                                  },
		{ "matchIn": 32, "pattern":    10564, "baseWinCredits":    5                                                  },
		{ "matchIn": 32, "pattern":  4532224, "baseWinCredits":    5                                                  },
		{ "matchIn": 33, "pattern":       99, "baseWinCredits":    5                                                  },
		{ "matchIn": 33, "pattern":      792, "baseWinCredits":    5                                                  },
		{ "matchIn": 33, "pattern":  3244032, "baseWinCredits":    5                                                  },
		{ "matchIn": 33, "pattern": 25952256, "baseWinCredits":    5                                                  },
		{ "matchIn": 33, "pattern":     1063, "baseWinCredits":    5                                                  },
		{ "matchIn": 33, "pattern":    16924, "baseWinCredits":    5                                                  },
		{ "matchIn": 33, "pattern":  7373824, "baseWinCredits":    5                                                  },
		{ "matchIn": 33, "pattern": 29900800, "baseWinCredits":    5                                                  },
		{ "matchIn": 33, "pattern":  4328448, "baseWinCredits":    5                                                  },
		{ "matchIn": 33, "pattern":  4349952, "baseWinCredits":    5                                                  },
		{ "matchIn": 33, "pattern":     3204, "baseWinCredits":    5                                                  },
		{ "matchIn": 33, "pattern":    24708, "baseWinCredits":    5                                                  },
		{ "matchIn": 33, "pattern":  1115201, "baseWinCredits":    5                                                  },
		{ "matchIn": 33, "pattern": 17056016, "baseWinCredits":    5                                                  },
		{ "matchIn": 33, "pattern":      341, "baseWinCredits":    5                                                  },
		{ "matchIn": 33, "pattern": 22347776, "baseWinCredits":    5                                                  },
		{ "matchIn": 33, "pattern": 17039425, "baseWinCredits":    5                                                  },
		{ "matchIn": 33, "pattern":  1114384, "baseWinCredits":    5                                                  },
		{ "matchIn": 33, "pattern":   141440, "baseWinCredits":    5                                                  },
		{ "matchIn": 33, "pattern":   328000, "baseWinCredits":    5                                                  },
		{ "matchIn": 33, "pattern":  4211716, "baseWinCredits":    5                                                  },
		{ "matchIn": 33, "pattern": 17825809, "baseWinCredits":    5                                                  },
		{ "matchIn": 33, "pattern":   131520, "baseWinCredits":    5                                                  },
		{ "matchIn": 33, "pattern":    10564, "baseWinCredits":    5                                                  },
		{ "matchIn": 33, "pattern":  4532224, "baseWinCredits":    5                                                  },
		{ "matchIn": 34, "pattern":       99, "baseWinCredits":    5                                                  },
		{ "matchIn": 34, "pattern":      792, "baseWinCredits":    5                                                  },
		{ "matchIn": 34, "pattern":  3244032, "baseWinCredits":    4                                                  },
		{ "matchIn": 34, "pattern": 25952256, "baseWinCredits":    4                                                  },
		{ "matchIn": 34, "pattern":     1063, "baseWinCredits":    4                                                  },
		{ "matchIn": 34, "pattern":    16924, "baseWinCredits":    4                                                  },
		{ "matchIn": 34, "pattern":  7373824, "baseWinCredits":    4                                                  },
		{ "matchIn": 34, "pattern": 29900800, "baseWinCredits":    4                                                  },
		{ "matchIn": 34, "pattern":  4328448, "baseWinCredits":    4                                                  },
		{ "matchIn": 34, "pattern":  4349952, "baseWinCredits":    4                                                  },
		{ "matchIn": 34, "pattern":     3204, "baseWinCredits":    4                                                  },
		{ "matchIn": 34, "pattern":    24708, "baseWinCredits":    4                                                  },
		{ "matchIn": 34, "pattern":  1115201, "baseWinCredits":    4                                                  },
		{ "matchIn": 34, "pattern": 17056016, "baseWinCredits":    4                                                  },
		{ "matchIn": 34, "pattern":      341, "baseWinCredits":    4                                                  },
		{ "matchIn": 34, "pattern": 22347776, "baseWinCredits":    4                                                  },
		{ "matchIn": 34, "pattern": 17039425, "baseWinCredits":    4                                                  },
		{ "matchIn": 34, "pattern":  1114384, "baseWinCredits":    4                                                  },
		{ "matchIn": 34, "pattern":   141440, "baseWinCredits":    4                                                  },
		{ "matchIn": 34, "pattern":   328000, "baseWinCredits":    4                                                  },
		{ "matchIn": 34, "pattern":  4211716, "baseWinCredits":    4                                                  },
		{ "matchIn": 34, "pattern": 17825809, "baseWinCredits":    4                                                  },
		{ "matchIn": 34, "pattern":   131520, "baseWinCredits":    4                                                  },
		{ "matchIn": 34, "pattern":    10564, "baseWinCredits":    4                                                  },
		{ "matchIn": 34, "pattern":  4532224, "baseWinCredits":    4                                                  },
		{ "matchIn": 35, "pattern":       99, "baseWinCredits":    4                                                  },
		{ "matchIn": 35, "pattern":      792, "baseWinCredits":    4                                                  },
		{ "matchIn": 35, "pattern":  3244032, "baseWinCredits":    4                                                  },
		{ "matchIn": 35, "pattern": 25952256, "baseWinCredits":    4                                                  },
		{ "matchIn": 35, "pattern":     1063, "baseWinCredits":    4                                                  },
		{ "matchIn": 35, "pattern":    16924, "baseWinCredits":    4                                                  },
		{ "matchIn": 35, "pattern":  7373824, "baseWinCredits":    4                                                  },
		{ "matchIn": 35, "pattern": 29900800, "baseWinCredits":    4                                                  },
		{ "matchIn": 35, "pattern":  4328448, "baseWinCredits":    4                                                  }
	]
}
