{
	"configuration": {
		"tableType": "Bingo",
		"formatVersion": "1.2",
		"name": "25LineMD",
		"tableName": "main",
		"lines": 25,
		"percentage": 92,
		"baseBet": 0,
		"betLevelGroups": {
			"1": [2]
		},
		"entries": 662,
		"version": 7
	},
	"entries": [
		{"matchIn":  4, "pattern":       99, "baseWinCredits": 10450                         },
		{"matchIn":  4, "pattern":      792, "baseWinCredits": 10450                         },
		{"matchIn":  4, "pattern":  3244032, "baseWinCredits": 10450                         },
		{"matchIn":  4, "pattern": 25952256, "baseWinCredits": 10450                         },
		{"matchIn":  4, "pattern":  4328448, "baseWinCredits": 10450                         },
		{"matchIn":  4, "pattern":  4349952, "baseWinCredits": 10450                         },
		{"matchIn":  4, "pattern":     3204, "baseWinCredits": 10450                         },
		{"matchIn":  4, "pattern":    24708, "baseWinCredits": 10450                         },
		{"matchIn":  4, "pattern": 17039425, "baseWinCredits": 10450                         },
		{"matchIn":  4, "pattern":  1114384, "baseWinCredits": 10450                         },
		{"matchIn":  4, "pattern":   141440, "baseWinCredits": 10450                         },
		{"matchIn":  4, "pattern":   328000, "baseWinCredits": 10450                         },
		{"matchIn":  4, "pattern":  4211716, "baseWinCredits": 10450                         },
		{"matchIn":  4, "pattern": 17825809, "baseWinCredits": 10450                         },
		{"matchIn":  4, "pattern":   131520, "baseWinCredits": 10450                         },
		{"matchIn":  5, "pattern":       99, "baseWinCredits":  1000, "bonusGamesAwarded": 60},
		{"matchIn":  5, "pattern":      792, "baseWinCredits": 10450                         },
		{"matchIn":  5, "pattern":  3244032, "baseWinCredits": 10450                         },
		{"matchIn":  5, "pattern": 25952256, "baseWinCredits": 10450                         },
		{"matchIn":  5, "pattern":     1063, "baseWinCredits": 10450                         },
		{"matchIn":  5, "pattern":    16924, "baseWinCredits": 10450                         },
		{"matchIn":  5, "pattern":  7373824, "baseWinCredits": 10450                         },
		{"matchIn":  5, "pattern": 29900800, "baseWinCredits": 10450                         },
		{"matchIn":  5, "pattern":  4328448, "baseWinCredits": 10450                         },
		{"matchIn":  5, "pattern":  4349952, "baseWinCredits": 10450                         },
		{"matchIn":  5, "pattern":     3204, "baseWinCredits": 10450                         },
		{"matchIn":  5, "pattern":    24708, "baseWinCredits": 10450                         },
		{"matchIn":  5, "pattern":  1115201, "baseWinCredits": 10450                         },
		{"matchIn":  5, "pattern": 17056016, "baseWinCredits": 10450                         },
		{"matchIn":  5, "pattern":      341, "baseWinCredits": 10450                         },
		{"matchIn":  5, "pattern": 22347776, "baseWinCredits": 10450                         },
		{"matchIn":  5, "pattern": 17039425, "baseWinCredits": 10450                         },
		{"matchIn":  5, "pattern":  1114384, "baseWinCredits": 10450                         },
		{"matchIn":  5, "pattern":   141440, "baseWinCredits": 10450                         },
		{"matchIn":  5, "pattern":   328000, "baseWinCredits": 10450                         },
		{"matchIn":  5, "pattern":  4211716, "baseWinCredits": 10450                         },
		{"matchIn":  5, "pattern": 17825809, "baseWinCredits": 10450                         },
		{"matchIn":  5, "pattern":   131520, "baseWinCredits": 10450                         },
		{"matchIn":  5, "pattern":    10564, "baseWinCredits": 10450                         },
		{"matchIn":  5, "pattern":  4532224, "baseWinCredits": 10450                         },
		{"matchIn":  6, "pattern":       99, "baseWinCredits": 10450                         },
		{"matchIn":  6, "pattern":      792, "baseWinCredits": 10450                         },
		{"matchIn":  6, "pattern":  3244032, "baseWinCredits": 10450                         },
		{"matchIn":  6, "pattern": 25952256, "baseWinCredits": 10450                         },
		{"matchIn":  6, "pattern":     1063, "baseWinCredits": 10450                         },
		{"matchIn":  6, "pattern":    16924, "baseWinCredits": 10450                         },
		{"matchIn":  6, "pattern":  7373824, "baseWinCredits": 10450                         },
		{"matchIn":  6, "pattern": 29900800, "baseWinCredits": 10450                         },
		{"matchIn":  6, "pattern":  4328448, "baseWinCredits": 10450                         },
		{"matchIn":  6, "pattern":  4349952, "baseWinCredits":  2980                         },
		{"matchIn":  6, "pattern":     3204, "baseWinCredits":  2980                         },
		{"matchIn":  6, "pattern":    24708, "baseWinCredits":  2980                         },
		{"matchIn":  6, "pattern":  1115201, "baseWinCredits":  2980                         },
		{"matchIn":  6, "pattern": 17056016, "baseWinCredits":  2980                         },
		{"matchIn":  6, "pattern":      341, "baseWinCredits":  2980                         },
		{"matchIn":  6, "pattern": 22347776, "baseWinCredits":  2980                         },
		{"matchIn":  6, "pattern": 17039425, "baseWinCredits":  2980                         },
		{"matchIn":  6, "pattern":  1114384, "baseWinCredits":  2980                         },
		{"matchIn":  6, "pattern":   141440, "baseWinCredits":  2980                         },
		{"matchIn":  6, "pattern":   328000, "baseWinCredits":  2980                         },
		{"matchIn":  6, "pattern":  4211716, "baseWinCredits":  2980                         },
		{"matchIn":  6, "pattern": 17825809, "baseWinCredits":  2980                         },
		{"matchIn":  6, "pattern":   131520, "baseWinCredits":  2980                         },
		{"matchIn":  6, "pattern":    10564, "baseWinCredits":  2980                         },
		{"matchIn":  6, "pattern":  4532224, "baseWinCredits":  2980                         },
		{"matchIn":  7, "pattern":       99, "baseWinCredits":  2010                         },
		{"matchIn":  7, "pattern":      792, "baseWinCredits":  2010                         },
		{"matchIn":  7, "pattern":  3244032, "baseWinCredits":  2010                         },
		{"matchIn":  7, "pattern": 25952256, "baseWinCredits":  2010                         },
		{"matchIn":  7, "pattern":     1063, "baseWinCredits":  1600                         },
		{"matchIn":  7, "pattern":    16924, "baseWinCredits":  1600                         },
		{"matchIn":  7, "pattern":  7373824, "baseWinCredits":  1600                         },
		{"matchIn":  7, "pattern": 29900800, "baseWinCredits":  1600                         },
		{"matchIn":  7, "pattern":  4328448, "baseWinCredits":  1600                         },
		{"matchIn":  7, "pattern":  4349952, "baseWinCredits":  1600                         },
		{"matchIn":  7, "pattern":     3204, "baseWinCredits":  1600                         },
		{"matchIn":  7, "pattern":    24708, "baseWinCredits":  1600                         },
		{"matchIn":  7, "pattern":  1115201, "baseWinCredits":  1600                         },
		{"matchIn":  7, "pattern": 17056016, "baseWinCredits":  1600                         },
		{"matchIn":  7, "pattern":      341, "baseWinCredits":  1600                         },
		{"matchIn":  7, "pattern": 22347776, "baseWinCredits":  1600                         },
		{"matchIn":  7, "pattern": 17039425, "baseWinCredits":  1600                         },
		{"matchIn":  7, "pattern":  1114384, "baseWinCredits":  1600                         },
		{"matchIn":  7, "pattern":   141440, "baseWinCredits":  1600                         },
		{"matchIn":  7, "pattern":   328000, "baseWinCredits":  1600                         },
		{"matchIn":  7, "pattern":  4211716, "baseWinCredits":  1300                         },
		{"matchIn":  7, "pattern": 17825809, "baseWinCredits":  1300                         },
		{"matchIn":  7, "pattern":   131520, "baseWinCredits":  1300                         },
		{"matchIn":  7, "pattern":    10564, "baseWinCredits":  1300                         },
		{"matchIn":  7, "pattern":  4532224, "baseWinCredits":  1300                         },
		{"matchIn":  8, "pattern":       99, "baseWinCredits":  1300                         },
		{"matchIn":  8, "pattern":      792, "baseWinCredits":  1200                         },
		{"matchIn":  8, "pattern":  3244032, "baseWinCredits":  1200                         },
		{"matchIn":  8, "pattern": 25952256, "baseWinCredits":  1200                         },
		{"matchIn":  8, "pattern":     1063, "baseWinCredits":  1100                         },
		{"matchIn":  8, "pattern":    16924, "baseWinCredits":  1100                         },
		{"matchIn":  8, "pattern":  7373824, "baseWinCredits":  1100                         },
		{"matchIn":  8, "pattern": 29900800, "baseWinCredits":  1100                         },
		{"matchIn":  8, "pattern":  4328448, "baseWinCredits":  1100                         },
		{"matchIn":  8, "pattern":  4349952, "baseWinCredits":  1100                         },
		{"matchIn":  8, "pattern":     3204, "baseWinCredits":  1100                         },
		{"matchIn":  8, "pattern":    24708, "baseWinCredits":  1045                         },
		{"matchIn":  8, "pattern":  1115201, "baseWinCredits":  1045                         },
		{"matchIn":  8, "pattern": 17056016, "baseWinCredits":  1045                         },
		{"matchIn":  8, "pattern":      341, "baseWinCredits":  1045                         },
		{"matchIn":  8, "pattern": 22347776, "baseWinCredits":  1045                         },
		{"matchIn":  8, "pattern": 17039425, "baseWinCredits":  1045                         },
		{"matchIn":  8, "pattern":  1114384, "baseWinCredits":  1045                         },
		{"matchIn":  8, "pattern":   141440, "baseWinCredits":  1000                         },
		{"matchIn":  8, "pattern":   328000, "baseWinCredits":   950                         },
		{"matchIn":  8, "pattern":  4211716, "baseWinCredits":   950                         },
		{"matchIn":  8, "pattern": 17825809, "baseWinCredits":   950                         },
		{"matchIn":  8, "pattern":   131520, "baseWinCredits":   900                         },
		{"matchIn":  8, "pattern":    10564, "baseWinCredits":   900                         },
		{"matchIn":  8, "pattern":  4532224, "baseWinCredits":   900                         },
		{"matchIn":  9, "pattern":       99, "baseWinCredits":   900                         },
		{"matchIn":  9, "pattern":      792, "baseWinCredits":   900                         },
		{"matchIn":  9, "pattern":  3244032, "baseWinCredits":   900                         },
		{"matchIn":  9, "pattern": 25952256, "baseWinCredits":   900                         },
		{"matchIn":  9, "pattern":     1063, "baseWinCredits":   800                         },
		{"matchIn":  9, "pattern":    16924, "baseWinCredits":   800                         },
		{"matchIn":  9, "pattern":  7373824, "baseWinCredits":   800                         },
		{"matchIn":  9, "pattern": 29900800, "baseWinCredits":   800                         },
		{"matchIn":  9, "pattern":  4328448, "baseWinCredits":   800                         },
		{"matchIn":  9, "pattern":  4349952, "baseWinCredits":   800                         },
		{"matchIn":  9, "pattern":     3204, "baseWinCredits":   800                         },
		{"matchIn":  9, "pattern":    24708, "baseWinCredits":   750                         },
		{"matchIn":  9, "pattern":  1115201, "baseWinCredits":   750                         },
		{"matchIn":  9, "pattern": 17056016, "baseWinCredits":   750                         },
		{"matchIn":  9, "pattern":      341, "baseWinCredits":   750                         },
		{"matchIn":  9, "pattern": 22347776, "baseWinCredits":   750                         },
		{"matchIn":  9, "pattern": 17039425, "baseWinCredits":   700                         },
		{"matchIn":  9, "pattern":  1114384, "baseWinCredits":   700                         },
		{"matchIn":  9, "pattern":   141440, "baseWinCredits":   700                         },
		{"matchIn":  9, "pattern":   328000, "baseWinCredits":   700                         },
		{"matchIn":  9, "pattern":  4211716, "baseWinCredits":   650                         },
		{"matchIn":  9, "pattern": 17825809, "baseWinCredits":   650                         },
		{"matchIn":  9, "pattern":   131520, "baseWinCredits":   650                         },
		{"matchIn":  9, "pattern":    10564, "baseWinCredits":   650                         },
		{"matchIn":  9, "pattern":  4532224, "baseWinCredits":   650                         },
		{"matchIn": 10, "pattern":       99, "baseWinCredits":   650                         },
		{"matchIn": 10, "pattern":      792, "baseWinCredits":   650                         },
		{"matchIn": 10, "pattern":  3244032, "baseWinCredits":   600                         },
		{"matchIn": 10, "pattern": 25952256, "baseWinCredits":   600                         },
		{"matchIn": 10, "pattern":     1063, "baseWinCredits":   600                         },
		{"matchIn": 10, "pattern":    16924, "baseWinCredits":   600                         },
		{"matchIn": 10, "pattern":  7373824, "baseWinCredits":   600                         },
		{"matchIn": 10, "pattern": 29900800, "baseWinCredits":   600                         },
		{"matchIn": 10, "pattern":  4328448, "baseWinCredits":   600                         },
		{"matchIn": 10, "pattern":  4349952, "baseWinCredits":   600                         },
		{"matchIn": 10, "pattern":     3204, "baseWinCredits":   550                         },
		{"matchIn": 10, "pattern":    24708, "baseWinCredits":   550                         },
		{"matchIn": 10, "pattern":  1115201, "baseWinCredits":   550                         },
		{"matchIn": 10, "pattern": 17056016, "baseWinCredits":   550                         },
		{"matchIn": 10, "pattern":      341, "baseWinCredits":   550                         },
		{"matchIn": 10, "pattern": 22347776, "baseWinCredits":   550                         },
		{"matchIn": 10, "pattern": 17039425, "baseWinCredits":   550                         },
		{"matchIn": 10, "pattern":  1114384, "baseWinCredits":   550                         },
		{"matchIn": 10, "pattern":   141440, "baseWinCredits":   550                         },
		{"matchIn": 10, "pattern":   328000, "baseWinCredits":   550                         },
		{"matchIn": 10, "pattern":  4211716, "baseWinCredits":   550                         },
		{"matchIn": 10, "pattern": 17825809, "baseWinCredits":   500                         },
		{"matchIn": 10, "pattern":   131520, "baseWinCredits":   500                         },
		{"matchIn": 10, "pattern":    10564, "baseWinCredits":   500                         },
		{"matchIn": 10, "pattern":  4532224, "baseWinCredits":   500                         },
		{"matchIn": 11, "pattern":       99, "baseWinCredits":   500                         },
		{"matchIn": 11, "pattern":      792, "baseWinCredits":   500                         },
		{"matchIn": 11, "pattern":  3244032, "baseWinCredits":   500                         },
		{"matchIn": 11, "pattern": 25952256, "baseWinCredits":   500                         },
		{"matchIn": 11, "pattern":     1063, "baseWinCredits":   425                         },
		{"matchIn": 11, "pattern":    16924, "baseWinCredits":   425                         },
		{"matchIn": 11, "pattern":  7373824, "baseWinCredits":   425                         },
		{"matchIn": 11, "pattern": 29900800, "baseWinCredits":   425                         },
		{"matchIn": 11, "pattern":  4328448, "baseWinCredits":   425                         },
		{"matchIn": 11, "pattern":  4349952, "baseWinCredits":   425                         },
		{"matchIn": 11, "pattern":     3204, "baseWinCredits":   425                         },
		{"matchIn": 11, "pattern":    24708, "baseWinCredits":   425                         },
		{"matchIn": 11, "pattern":  1115201, "baseWinCredits":   400                         },
		{"matchIn": 11, "pattern": 17056016, "baseWinCredits":   400                         },
		{"matchIn": 11, "pattern":      341, "baseWinCredits":   400                         },
		{"matchIn": 11, "pattern": 22347776, "baseWinCredits":   400                         },
		{"matchIn": 11, "pattern": 17039425, "baseWinCredits":   400                         },
		{"matchIn": 11, "pattern":  1114384, "baseWinCredits":   400                         },
		{"matchIn": 11, "pattern":   141440, "baseWinCredits":   400                         },
		{"matchIn": 11, "pattern":   328000, "baseWinCredits":   400                         },
		{"matchIn": 11, "pattern":  4211716, "baseWinCredits":   375                         },
		{"matchIn": 11, "pattern": 17825809, "baseWinCredits":   375                         },
		{"matchIn": 11, "pattern":   131520, "baseWinCredits":   375                         },
		{"matchIn": 11, "pattern":    10564, "baseWinCredits":   375                         },
		{"matchIn": 11, "pattern":  4532224, "baseWinCredits":   375                         },
		{"matchIn": 12, "pattern":       99, "baseWinCredits":   375                         },
		{"matchIn": 12, "pattern":      792, "baseWinCredits":   350                         },
		{"matchIn": 12, "pattern":  3244032, "baseWinCredits":   350                         },
		{"matchIn": 12, "pattern": 25952256, "baseWinCredits":   350                         },
		{"matchIn": 12, "pattern":     1063, "baseWinCredits":   325                         },
		{"matchIn": 12, "pattern":    16924, "baseWinCredits":   325                         },
		{"matchIn": 12, "pattern":  7373824, "baseWinCredits":   325                         },
		{"matchIn": 12, "pattern": 29900800, "baseWinCredits":   325                         },
		{"matchIn": 12, "pattern":  4328448, "baseWinCredits":   325                         },
		{"matchIn": 12, "pattern":  4349952, "baseWinCredits":   325                         },
		{"matchIn": 12, "pattern":     3204, "baseWinCredits":   325                         },
		{"matchIn": 12, "pattern":    24708, "baseWinCredits":   325                         },
		{"matchIn": 12, "pattern":  1115201, "baseWinCredits":   325                         },
		{"matchIn": 12, "pattern": 17056016, "baseWinCredits":   325                         },
		{"matchIn": 12, "pattern":      341, "baseWinCredits":   325                         },
		{"matchIn": 12, "pattern": 22347776, "baseWinCredits":   325                         },
		{"matchIn": 12, "pattern": 17039425, "baseWinCredits":   325                         },
		{"matchIn": 12, "pattern":  1114384, "baseWinCredits":   300                         },
		{"matchIn": 12, "pattern":   141440, "baseWinCredits":   300                         },
		{"matchIn": 12, "pattern":   328000, "baseWinCredits":   300                         },
		{"matchIn": 12, "pattern":  4211716, "baseWinCredits":   300                         },
		{"matchIn": 12, "pattern": 17825809, "baseWinCredits":   300                         },
		{"matchIn": 12, "pattern":   131520, "baseWinCredits":   300                         },
		{"matchIn": 12, "pattern":    10564, "baseWinCredits":   300                         },
		{"matchIn": 12, "pattern":  4532224, "baseWinCredits":   300                         },
		{"matchIn": 13, "pattern":       99, "baseWinCredits":   275                         },
		{"matchIn": 13, "pattern":      792, "baseWinCredits":   275                         },
		{"matchIn": 13, "pattern":  3244032, "baseWinCredits":   275                         },
		{"matchIn": 13, "pattern": 25952256, "baseWinCredits":   275                         },
		{"matchIn": 13, "pattern":     1063, "baseWinCredits":   275                         },
		{"matchIn": 13, "pattern":    16924, "baseWinCredits":   275                         },
		{"matchIn": 13, "pattern":  7373824, "baseWinCredits":   275                         },
		{"matchIn": 13, "pattern": 29900800, "baseWinCredits":   275                         },
		{"matchIn": 13, "pattern":  4328448, "baseWinCredits":   275                         },
		{"matchIn": 13, "pattern":  4349952, "baseWinCredits":   275                         },
		{"matchIn": 13, "pattern":     3204, "baseWinCredits":   250                         },
		{"matchIn": 13, "pattern":    24708, "baseWinCredits":   250                         },
		{"matchIn": 13, "pattern":  1115201, "baseWinCredits":   250                         },
		{"matchIn": 13, "pattern": 17056016, "baseWinCredits":   250                         },
		{"matchIn": 13, "pattern":      341, "baseWinCredits":   250                         },
		{"matchIn": 13, "pattern": 22347776, "baseWinCredits":   250                         },
		{"matchIn": 13, "pattern": 17039425, "baseWinCredits":   250                         },
		{"matchIn": 13, "pattern":  1114384, "baseWinCredits":   250                         },
		{"matchIn": 13, "pattern":   141440, "baseWinCredits":   250                         },
		{"matchIn": 13, "pattern":   328000, "baseWinCredits":   250                         },
		{"matchIn": 13, "pattern":  4211716, "baseWinCredits":   250                         },
		{"matchIn": 13, "pattern": 17825809, "baseWinCredits":   250                         },
		{"matchIn": 13, "pattern":   131520, "baseWinCredits":   250                         },
		{"matchIn": 13, "pattern":    10564, "baseWinCredits":   200                         },
		{"matchIn": 13, "pattern":  4532224, "baseWinCredits":   200                         },
		{"matchIn": 14, "pattern":       99, "baseWinCredits":   200                         },
		{"matchIn": 14, "pattern":      792, "baseWinCredits":   200                         },
		{"matchIn": 14, "pattern":  3244032, "baseWinCredits":   200                         },
		{"matchIn": 14, "pattern": 25952256, "baseWinCredits":   200                         },
		{"matchIn": 14, "pattern":     1063, "baseWinCredits":   200                         },
		{"matchIn": 14, "pattern":    16924, "baseWinCredits":   190                         },
		{"matchIn": 14, "pattern":  7373824, "baseWinCredits":   190                         },
		{"matchIn": 14, "pattern": 29900800, "baseWinCredits":   190                         },
		{"matchIn": 14, "pattern":  4328448, "baseWinCredits":   190                         },
		{"matchIn": 14, "pattern":  4349952, "baseWinCredits":   190                         },
		{"matchIn": 14, "pattern":     3204, "baseWinCredits":   190                         },
		{"matchIn": 14, "pattern":    24708, "baseWinCredits":   190                         },
		{"matchIn": 14, "pattern":  1115201, "baseWinCredits":   175                         },
		{"matchIn": 14, "pattern": 17056016, "baseWinCredits":   175                         },
		{"matchIn": 14, "pattern":      341, "baseWinCredits":   175                         },
		{"matchIn": 14, "pattern": 22347776, "baseWinCredits":   175                         },
		{"matchIn": 14, "pattern": 17039425, "baseWinCredits":   175                         },
		{"matchIn": 14, "pattern":  1114384, "baseWinCredits":   175                         },
		{"matchIn": 14, "pattern":   141440, "baseWinCredits":   175                         },
		{"matchIn": 14, "pattern":   328000, "baseWinCredits":   175                         },
		{"matchIn": 14, "pattern":  4211716, "baseWinCredits":   175                         },
		{"matchIn": 14, "pattern": 17825809, "baseWinCredits":   175                         },
		{"matchIn": 14, "pattern":   131520, "baseWinCredits":   160                         },
		{"matchIn": 14, "pattern":    10564, "baseWinCredits":   160                         },
		{"matchIn": 14, "pattern":  4532224, "baseWinCredits":   160                         },
		{"matchIn": 15, "pattern":       99, "baseWinCredits":   160                         },
		{"matchIn": 15, "pattern":      792, "baseWinCredits":   160                         },
		{"matchIn": 15, "pattern":  3244032, "baseWinCredits":   160                         },
		{"matchIn": 15, "pattern": 25952256, "baseWinCredits":   160                         },
		{"matchIn": 15, "pattern":     1063, "baseWinCredits":   160                         },
		{"matchIn": 15, "pattern":    16924, "baseWinCredits":   160                         },
		{"matchIn": 15, "pattern":  7373824, "baseWinCredits":   160                         },
		{"matchIn": 15, "pattern": 29900800, "baseWinCredits":   160                         },
		{"matchIn": 15, "pattern":  4328448, "baseWinCredits":   150                         },
		{"matchIn": 15, "pattern":  4349952, "baseWinCredits":   150                         },
		{"matchIn": 15, "pattern":     3204, "baseWinCredits":   150                         },
		{"matchIn": 15, "pattern":    24708, "baseWinCredits":   150                         },
		{"matchIn": 15, "pattern":  1115201, "baseWinCredits":   150                         },
		{"matchIn": 15, "pattern": 17056016, "baseWinCredits":   150                         },
		{"matchIn": 15, "pattern":      341, "baseWinCredits":   145                         },
		{"matchIn": 15, "pattern": 22347776, "baseWinCredits":   145                         },
		{"matchIn": 15, "pattern": 17039425, "baseWinCredits":   145                         },
		{"matchIn": 15, "pattern":  1114384, "baseWinCredits":   145                         },
		{"matchIn": 15, "pattern":   141440, "baseWinCredits":   145                         },
		{"matchIn": 15, "pattern":   328000, "baseWinCredits":   140                         },
		{"matchIn": 15, "pattern":  4211716, "baseWinCredits":   140                         },
		{"matchIn": 15, "pattern": 17825809, "baseWinCredits":   140                         },
		{"matchIn": 15, "pattern":   131520, "baseWinCredits":   140                         },
		{"matchIn": 15, "pattern":    10564, "baseWinCredits":   140                         },
		{"matchIn": 15, "pattern":  4532224, "baseWinCredits":   135                         },
		{"matchIn": 16, "pattern":       99, "baseWinCredits":   135                         },
		{"matchIn": 16, "pattern":      792, "baseWinCredits":   135                         },
		{"matchIn": 16, "pattern":  3244032, "baseWinCredits":   130                         },
		{"matchIn": 16, "pattern": 25952256, "baseWinCredits":   130                         },
		{"matchIn": 16, "pattern":     1063, "baseWinCredits":   130                         },
		{"matchIn": 16, "pattern":    16924, "baseWinCredits":   130                         },
		{"matchIn": 16, "pattern":  7373824, "baseWinCredits":   130                         },
		{"matchIn": 16, "pattern": 29900800, "baseWinCredits":   130                         },
		{"matchIn": 16, "pattern":  4328448, "baseWinCredits":   125                         },
		{"matchIn": 16, "pattern":  4349952, "baseWinCredits":   125                         },
		{"matchIn": 16, "pattern":     3204, "baseWinCredits":   125                         },
		{"matchIn": 16, "pattern":    24708, "baseWinCredits":   125                         },
		{"matchIn": 16, "pattern":  1115201, "baseWinCredits":   125                         },
		{"matchIn": 16, "pattern": 17056016, "baseWinCredits":   125                         },
		{"matchIn": 16, "pattern":      341, "baseWinCredits":   125                         },
		{"matchIn": 16, "pattern": 22347776, "baseWinCredits":   125                         },
		{"matchIn": 16, "pattern": 17039425, "baseWinCredits":   120                         },
		{"matchIn": 16, "pattern":  1114384, "baseWinCredits":   120                         },
		{"matchIn": 16, "pattern":   141440, "baseWinCredits":   120                         },
		{"matchIn": 16, "pattern":   328000, "baseWinCredits":   120                         },
		{"matchIn": 16, "pattern":  4211716, "baseWinCredits":   115                         },
		{"matchIn": 16, "pattern": 17825809, "baseWinCredits":   115                         },
		{"matchIn": 16, "pattern":   131520, "baseWinCredits":   110                         },
		{"matchIn": 16, "pattern":    10564, "baseWinCredits":   110                         },
		{"matchIn": 16, "pattern":  4532224, "baseWinCredits":   110                         },
		{"matchIn": 17, "pattern":       99, "baseWinCredits":   110                         },
		{"matchIn": 17, "pattern":      792, "baseWinCredits":   110                         },
		{"matchIn": 17, "pattern":  3244032, "baseWinCredits":   110                         },
		{"matchIn": 17, "pattern": 25952256, "baseWinCredits":   105                         },
		{"matchIn": 17, "pattern":     1063, "baseWinCredits":   105                         },
		{"matchIn": 17, "pattern":    16924, "baseWinCredits":   105                         },
		{"matchIn": 17, "pattern":  7373824, "baseWinCredits":   105                         },
		{"matchIn": 17, "pattern": 29900800, "baseWinCredits":   105                         },
		{"matchIn": 17, "pattern":  4328448, "baseWinCredits":   105                         },
		{"matchIn": 17, "pattern":  4349952, "baseWinCredits":   105                         },
		{"matchIn": 17, "pattern":     3204, "baseWinCredits":   105                         },
		{"matchIn": 17, "pattern":    24708, "baseWinCredits":   100                         },
		{"matchIn": 17, "pattern":  1115201, "baseWinCredits":   100                         },
		{"matchIn": 17, "pattern": 17056016, "baseWinCredits":   100                         },
		{"matchIn": 17, "pattern":      341, "baseWinCredits":   100                         },
		{"matchIn": 17, "pattern": 22347776, "baseWinCredits":   100                         },
		{"matchIn": 17, "pattern": 17039425, "baseWinCredits":   100                         },
		{"matchIn": 17, "pattern":  1114384, "baseWinCredits":   100                         },
		{"matchIn": 17, "pattern":   141440, "baseWinCredits":   100                         },
		{"matchIn": 17, "pattern":   328000, "baseWinCredits":   100                         },
		{"matchIn": 17, "pattern":  4211716, "baseWinCredits":   100                         },
		{"matchIn": 17, "pattern": 17825809, "baseWinCredits":   100                         },
		{"matchIn": 17, "pattern":   131520, "baseWinCredits":    95                         },
		{"matchIn": 17, "pattern":    10564, "baseWinCredits":    95                         },
		{"matchIn": 17, "pattern":  4532224, "baseWinCredits":    95                         },
		{"matchIn": 18, "pattern":       99, "baseWinCredits":    90                         },
		{"matchIn": 18, "pattern":      792, "baseWinCredits":    90                         },
		{"matchIn": 18, "pattern":  3244032, "baseWinCredits":    90                         },
		{"matchIn": 18, "pattern": 25952256, "baseWinCredits":    85                         },
		{"matchIn": 18, "pattern":     1063, "baseWinCredits":    85                         },
		{"matchIn": 18, "pattern":    16924, "baseWinCredits":    85                         },
		{"matchIn": 18, "pattern":  7373824, "baseWinCredits":    85                         },
		{"matchIn": 18, "pattern": 29900800, "baseWinCredits":    85                         },
		{"matchIn": 18, "pattern":  4328448, "baseWinCredits":    80                         },
		{"matchIn": 18, "pattern":  4349952, "baseWinCredits":    80                         },
		{"matchIn": 18, "pattern":     3204, "baseWinCredits":    80                         },
		{"matchIn": 18, "pattern":    24708, "baseWinCredits":    75                         },
		{"matchIn": 18, "pattern":  1115201, "baseWinCredits":    75                         },
		{"matchIn": 18, "pattern": 17056016, "baseWinCredits":    75                         },
		{"matchIn": 18, "pattern":      341, "baseWinCredits":    75                         },
		{"matchIn": 18, "pattern": 22347776, "baseWinCredits":    75                         },
		{"matchIn": 18, "pattern": 17039425, "baseWinCredits":    75                         },
		{"matchIn": 18, "pattern":  1114384, "baseWinCredits":    70                         },
		{"matchIn": 18, "pattern":   141440, "baseWinCredits":    70                         },
		{"matchIn": 18, "pattern":   328000, "baseWinCredits":    70                         },
		{"matchIn": 18, "pattern":  4211716, "baseWinCredits":    70                         },
		{"matchIn": 18, "pattern": 17825809, "baseWinCredits":    70                         },
		{"matchIn": 18, "pattern":   131520, "baseWinCredits":    65                         },
		{"matchIn": 18, "pattern":    10564, "baseWinCredits":    65                         },
		{"matchIn": 18, "pattern":  4532224, "baseWinCredits":    65                         },
		{"matchIn": 19, "pattern":       99, "baseWinCredits":    65                         },
		{"matchIn": 19, "pattern":      792, "baseWinCredits":    65                         },
		{"matchIn": 19, "pattern":  3244032, "baseWinCredits":    60                         },
		{"matchIn": 19, "pattern": 25952256, "baseWinCredits":    60                         },
		{"matchIn": 19, "pattern":     1063, "baseWinCredits":    60                         },
		{"matchIn": 19, "pattern":    16924, "baseWinCredits":    60                         },
		{"matchIn": 19, "pattern":  7373824, "baseWinCredits":    60                         },
		{"matchIn": 19, "pattern": 29900800, "baseWinCredits":    60                         },
		{"matchIn": 19, "pattern":  4328448, "baseWinCredits":    60                         },
		{"matchIn": 19, "pattern":  4349952, "baseWinCredits":    60                         },
		{"matchIn": 19, "pattern":     3204, "baseWinCredits":    60                         },
		{"matchIn": 19, "pattern":    24708, "baseWinCredits":    60                         },
		{"matchIn": 19, "pattern":  1115201, "baseWinCredits":    60                         },
		{"matchIn": 19, "pattern": 17056016, "baseWinCredits":    60                         },
		{"matchIn": 19, "pattern":      341, "baseWinCredits":    60                         },
		{"matchIn": 19, "pattern": 22347776, "baseWinCredits":    55                         },
		{"matchIn": 19, "pattern": 17039425, "baseWinCredits":    55                         },
		{"matchIn": 19, "pattern":  1114384, "baseWinCredits":    55                         },
		{"matchIn": 19, "pattern":   141440, "baseWinCredits":    55                         },
		{"matchIn": 19, "pattern":   328000, "baseWinCredits":    55                         },
		{"matchIn": 19, "pattern":  4211716, "baseWinCredits":    50                         },
		{"matchIn": 19, "pattern": 17825809, "baseWinCredits":    50                         },
		{"matchIn": 19, "pattern":   131520, "baseWinCredits":    50                         },
		{"matchIn": 19, "pattern":    10564, "baseWinCredits":    50                         },
		{"matchIn": 19, "pattern":  4532224, "baseWinCredits":    50                         },
		{"matchIn": 20, "pattern":       99, "baseWinCredits":    50                         },
		{"matchIn": 20, "pattern":      792, "baseWinCredits":    50                         },
		{"matchIn": 20, "pattern":  3244032, "baseWinCredits":    50                         },
		{"matchIn": 20, "pattern": 25952256, "baseWinCredits":    45                         },
		{"matchIn": 20, "pattern":     1063, "baseWinCredits":    45                         },
		{"matchIn": 20, "pattern":    16924, "baseWinCredits":    45                         },
		{"matchIn": 20, "pattern":  7373824, "baseWinCredits":    45                         },
		{"matchIn": 20, "pattern": 29900800, "baseWinCredits":    45                         },
		{"matchIn": 20, "pattern":  4328448, "baseWinCredits":    45                         },
		{"matchIn": 20, "pattern":  4349952, "baseWinCredits":    45                         },
		{"matchIn": 20, "pattern":     3204, "baseWinCredits":    45                         },
		{"matchIn": 20, "pattern":    24708, "baseWinCredits":    45                         },
		{"matchIn": 20, "pattern":  1115201, "baseWinCredits":    45                         },
		{"matchIn": 20, "pattern": 17056016, "baseWinCredits":    40                         },
		{"matchIn": 20, "pattern":      341, "baseWinCredits":    40                         },
		{"matchIn": 20, "pattern": 22347776, "baseWinCredits":    40                         },
		{"matchIn": 20, "pattern": 17039425, "baseWinCredits":    40                         },
		{"matchIn": 20, "pattern":  1114384, "baseWinCredits":    40                         },
		{"matchIn": 20, "pattern":   141440, "baseWinCredits":    40                         },
		{"matchIn": 20, "pattern":   328000, "baseWinCredits":    40                         },
		{"matchIn": 20, "pattern":  4211716, "baseWinCredits":    40                         },
		{"matchIn": 20, "pattern": 17825809, "baseWinCredits":    40                         },
		{"matchIn": 20, "pattern":   131520, "baseWinCredits":    40                         },
		{"matchIn": 20, "pattern":    10564, "baseWinCredits":    40                         },
		{"matchIn": 20, "pattern":  4532224, "baseWinCredits":    40                         },
		{"matchIn": 21, "pattern":       99, "baseWinCredits":    40                         },
		{"matchIn": 21, "pattern":      792, "baseWinCredits":    40                         },
		{"matchIn": 21, "pattern":  3244032, "baseWinCredits":    40                         },
		{"matchIn": 21, "pattern": 25952256, "baseWinCredits":    40                         },
		{"matchIn": 21, "pattern":     1063, "baseWinCredits":    40                         },
		{"matchIn": 21, "pattern":    16924, "baseWinCredits":    40                         },
		{"matchIn": 21, "pattern":  7373824, "baseWinCredits":    40                         },
		{"matchIn": 21, "pattern": 29900800, "baseWinCredits":    35                         },
		{"matchIn": 21, "pattern":  4328448, "baseWinCredits":    35                         },
		{"matchIn": 21, "pattern":  4349952, "baseWinCredits":    35                         },
		{"matchIn": 21, "pattern":     3204, "baseWinCredits":    35                         },
		{"matchIn": 21, "pattern":    24708, "baseWinCredits":    35                         },
		{"matchIn": 21, "pattern":  1115201, "baseWinCredits":    35                         },
		{"matchIn": 21, "pattern": 17056016, "baseWinCredits":    35                         },
		{"matchIn": 21, "pattern":      341, "baseWinCredits":    35                         },
		{"matchIn": 21, "pattern": 22347776, "baseWinCredits":    35                         },
		{"matchIn": 21, "pattern": 17039425, "baseWinCredits":    35                         },
		{"matchIn": 21, "pattern":  1114384, "baseWinCredits":    35                         },
		{"matchIn": 21, "pattern":   141440, "baseWinCredits":    30                         },
		{"matchIn": 21, "pattern":   328000, "baseWinCredits":    30                         },
		{"matchIn": 21, "pattern":  4211716, "baseWinCredits":    30                         },
		{"matchIn": 21, "pattern": 17825809, "baseWinCredits":    30                         },
		{"matchIn": 21, "pattern":   131520, "baseWinCredits":    30                         },
		{"matchIn": 21, "pattern":    10564, "baseWinCredits":    30                         },
		{"matchIn": 21, "pattern":  4532224, "baseWinCredits":    30                         },
		{"matchIn": 22, "pattern":       99, "baseWinCredits":    30                         },
		{"matchIn": 22, "pattern":      792, "baseWinCredits":    30                         },
		{"matchIn": 22, "pattern":  3244032, "baseWinCredits":    30                         },
		{"matchIn": 22, "pattern": 25952256, "baseWinCredits":    30                         },
		{"matchIn": 22, "pattern":     1063, "baseWinCredits":    30                         },
		{"matchIn": 22, "pattern":    16924, "baseWinCredits":    30                         },
		{"matchIn": 22, "pattern":  7373824, "baseWinCredits":    30                         },
		{"matchIn": 22, "pattern": 29900800, "baseWinCredits":    30                         },
		{"matchIn": 22, "pattern":  4328448, "baseWinCredits":    30                         },
		{"matchIn": 22, "pattern":  4349952, "baseWinCredits":    30                         },
		{"matchIn": 22, "pattern":     3204, "baseWinCredits":    30                         },
		{"matchIn": 22, "pattern":    24708, "baseWinCredits":    30                         },
		{"matchIn": 22, "pattern":  1115201, "baseWinCredits":    30                         },
		{"matchIn": 22, "pattern": 17056016, "baseWinCredits":    30                         },
		{"matchIn": 22, "pattern":      341, "baseWinCredits":    30                         },
		{"matchIn": 22, "pattern": 22347776, "baseWinCredits":    30                         },
		{"matchIn": 22, "pattern": 17039425, "baseWinCredits":    25                         },
		{"matchIn": 22, "pattern":  1114384, "baseWinCredits":    25                         },
		{"matchIn": 22, "pattern":   141440, "baseWinCredits":    25                         },
		{"matchIn": 22, "pattern":   328000, "baseWinCredits":    25                         },
		{"matchIn": 22, "pattern":  4211716, "baseWinCredits":    25                         },
		{"matchIn": 22, "pattern": 17825809, "baseWinCredits":    25                         },
		{"matchIn": 22, "pattern":   131520, "baseWinCredits":    25                         },
		{"matchIn": 22, "pattern":    10564, "baseWinCredits":    25                         },
		{"matchIn": 22, "pattern":  4532224, "baseWinCredits":    25                         },
		{"matchIn": 23, "pattern":       99, "baseWinCredits":    25                         },
		{"matchIn": 23, "pattern":      792, "baseWinCredits":    25                         },
		{"matchIn": 23, "pattern":  3244032, "baseWinCredits":    25                         },
		{"matchIn": 23, "pattern": 25952256, "baseWinCredits":    25                         },
		{"matchIn": 23, "pattern":     1063, "baseWinCredits":    25                         },
		{"matchIn": 23, "pattern":    16924, "baseWinCredits":    25                         },
		{"matchIn": 23, "pattern":  7373824, "baseWinCredits":    25                         },
		{"matchIn": 23, "pattern": 29900800, "baseWinCredits":    22                         },
		{"matchIn": 23, "pattern":  4328448, "baseWinCredits":    20                         },
		{"matchIn": 23, "pattern":  4349952, "baseWinCredits":    20                         },
		{"matchIn": 23, "pattern":     3204, "baseWinCredits":   500, "bonusGamesAwarded": 20},
		{"matchIn": 23, "pattern":    24708, "baseWinCredits":    20                         },
		{"matchIn": 23, "pattern":  1115201, "baseWinCredits":    20                         },
		{"matchIn": 23, "pattern": 17056016, "baseWinCredits":    20                         },
		{"matchIn": 23, "pattern":      341, "baseWinCredits":    20                         },
		{"matchIn": 23, "pattern": 22347776, "baseWinCredits":    20                         },
		{"matchIn": 23, "pattern": 17039425, "baseWinCredits":    20                         },
		{"matchIn": 23, "pattern":  1114384, "baseWinCredits":    20                         },
		{"matchIn": 23, "pattern":   141440, "baseWinCredits":    20                         },
		{"matchIn": 23, "pattern":   328000, "baseWinCredits":    20                         },
		{"matchIn": 23, "pattern":  4211716, "baseWinCredits":    20                         },
		{"matchIn": 23, "pattern": 17825809, "baseWinCredits":    20                         },
		{"matchIn": 23, "pattern":   131520, "baseWinCredits":    20                         },
		{"matchIn": 23, "pattern":    10564, "baseWinCredits":    20                         },
		{"matchIn": 23, "pattern":  4532224, "baseWinCredits":    20                         },
		{"matchIn": 24, "pattern":       99, "baseWinCredits":    20                         },
		{"matchIn": 24, "pattern":      792, "baseWinCredits":    20                         },
		{"matchIn": 24, "pattern":  3244032, "baseWinCredits":    20                         },
		{"matchIn": 24, "pattern": 25952256, "baseWinCredits":    20                         },
		{"matchIn": 24, "pattern":     1063, "baseWinCredits":    20                         },
		{"matchIn": 24, "pattern":    16924, "baseWinCredits":    20                         },
		{"matchIn": 24, "pattern":  7373824, "baseWinCredits":    20                         },
		{"matchIn": 24, "pattern": 29900800, "baseWinCredits":    20                         },
		{"matchIn": 24, "pattern":  4328448, "baseWinCredits":    20                         },
		{"matchIn": 24, "pattern":  4349952, "baseWinCredits":    20                         },
		{"matchIn": 24, "pattern":     3204, "baseWinCredits":    20                         },
		{"matchIn": 24, "pattern":    24708, "baseWinCredits":    20                         },
		{"matchIn": 24, "pattern":  1115201, "baseWinCredits":    20                         },
		{"matchIn": 24, "pattern": 17056016, "baseWinCredits":    20                         },
		{"matchIn": 24, "pattern":      341, "baseWinCredits":    20                         },
		{"matchIn": 24, "pattern": 22347776, "baseWinCredits":    20                         },
		{"matchIn": 24, "pattern": 17039425, "baseWinCredits":    20                         },
		{"matchIn": 24, "pattern":  1114384, "baseWinCredits":    20                         },
		{"matchIn": 24, "pattern":   141440, "baseWinCredits":    20                         },
		{"matchIn": 24, "pattern":   328000, "baseWinCredits":    20                         },
		{"matchIn": 24, "pattern":  4211716, "baseWinCredits":    20                         },
		{"matchIn": 24, "pattern": 17825809, "baseWinCredits":    20                         },
		{"matchIn": 24, "pattern":   131520, "baseWinCredits":    15                         },
		{"matchIn": 24, "pattern":    10564, "baseWinCredits":    15                         },
		{"matchIn": 24, "pattern":  4532224, "baseWinCredits":    15                         },
		{"matchIn": 25, "pattern":       99, "baseWinCredits":    15                         },
		{"matchIn": 25, "pattern":      792, "baseWinCredits":    15                         },
		{"matchIn": 25, "pattern":  3244032, "baseWinCredits":    15                         },
		{"matchIn": 25, "pattern": 25952256, "baseWinCredits":    15                         },
		{"matchIn": 25, "pattern":     1063, "baseWinCredits":    15                         },
		{"matchIn": 25, "pattern":    16924, "baseWinCredits":    15                         },
		{"matchIn": 25, "pattern":  7373824, "baseWinCredits":    15                         },
		{"matchIn": 25, "pattern": 29900800, "baseWinCredits":    15                         },
		{"matchIn": 25, "pattern":  4328448, "baseWinCredits":    15                         },
		{"matchIn": 25, "pattern":  4349952, "baseWinCredits":    15                         },
		{"matchIn": 25, "pattern":     3204, "baseWinCredits":    15                         },
		{"matchIn": 25, "pattern":    24708, "baseWinCredits":    15                         },
		{"matchIn": 25, "pattern":  1115201, "baseWinCredits":    15                         },
		{"matchIn": 25, "pattern": 17056016, "baseWinCredits":    15                         },
		{"matchIn": 25, "pattern":      341, "baseWinCredits":    15                         },
		{"matchIn": 25, "pattern": 22347776, "baseWinCredits":    15                         },
		{"matchIn": 25, "pattern": 17039425, "baseWinCredits":    15                         },
		{"matchIn": 25, "pattern":  1114384, "baseWinCredits":    15                         },
		{"matchIn": 25, "pattern":   141440, "baseWinCredits":    15                         },
		{"matchIn": 25, "pattern":   328000, "baseWinCredits":    15                         },
		{"matchIn": 25, "pattern":  4211716, "baseWinCredits":    15                         },
		{"matchIn": 25, "pattern": 17825809, "baseWinCredits":    15                         },
		{"matchIn": 25, "pattern":   131520, "baseWinCredits":    12                         },
		{"matchIn": 25, "pattern":    10564, "baseWinCredits":    11                         },
		{"matchIn": 25, "pattern":  4532224, "baseWinCredits":    10                         },
		{"matchIn": 26, "pattern":       99, "baseWinCredits":    10                         },
		{"matchIn": 26, "pattern":      792, "baseWinCredits":    10                         },
		{"matchIn": 26, "pattern":  3244032, "baseWinCredits":    10                         },
		{"matchIn": 26, "pattern": 25952256, "baseWinCredits":    10                         },
		{"matchIn": 26, "pattern":     1063, "baseWinCredits":    10                         },
		{"matchIn": 26, "pattern":    16924, "baseWinCredits":    10                         },
		{"matchIn": 26, "pattern":  7373824, "baseWinCredits":    10                         },
		{"matchIn": 26, "pattern": 29900800, "baseWinCredits":    10                         },
		{"matchIn": 26, "pattern":  4328448, "baseWinCredits":    10                         },
		{"matchIn": 26, "pattern":  4349952, "baseWinCredits":    10                         },
		{"matchIn": 26, "pattern":     3204, "baseWinCredits":    10                         },
		{"matchIn": 26, "pattern":    24708, "baseWinCredits":    10                         },
		{"matchIn": 26, "pattern":  1115201, "baseWinCredits":    10                         },
		{"matchIn": 26, "pattern": 17056016, "baseWinCredits":    10                         },
		{"matchIn": 26, "pattern":      341, "baseWinCredits":    10                         },
		{"matchIn": 26, "pattern": 22347776, "baseWinCredits":    10                         },
		{"matchIn": 26, "pattern": 17039425, "baseWinCredits":    10                         },
		{"matchIn": 26, "pattern":  1114384, "baseWinCredits":    10                         },
		{"matchIn": 26, "pattern":   141440, "baseWinCredits":    10                         },
		{"matchIn": 26, "pattern":   328000, "baseWinCredits":    10                         },
		{"matchIn": 26, "pattern":  4211716, "baseWinCredits":    10                         },
		{"matchIn": 26, "pattern": 17825809, "baseWinCredits":    10                         },
		{"matchIn": 26, "pattern":   131520, "baseWinCredits":    10                         },
		{"matchIn": 26, "pattern":    10564, "baseWinCredits":    10                         },
		{"matchIn": 26, "pattern":  4532224, "baseWinCredits":    10                         },
		{"matchIn": 27, "pattern":       99, "baseWinCredits":    10                         },
		{"matchIn": 27, "pattern":      792, "baseWinCredits":    10                         },
		{"matchIn": 27, "pattern":  3244032, "baseWinCredits":    10                         },
		{"matchIn": 27, "pattern": 25952256, "baseWinCredits":    10                         },
		{"matchIn": 27, "pattern":     1063, "baseWinCredits":    10                         },
		{"matchIn": 27, "pattern":    16924, "baseWinCredits":    10                         },
		{"matchIn": 27, "pattern":  7373824, "baseWinCredits":    10                         },
		{"matchIn": 27, "pattern": 29900800, "baseWinCredits":    10                         },
		{"matchIn": 27, "pattern":  4328448, "baseWinCredits":    10                         },
		{"matchIn": 27, "pattern":  4349952, "baseWinCredits":    10                         },
		{"matchIn": 27, "pattern":     3204, "baseWinCredits":    10                         },
		{"matchIn": 27, "pattern":    24708, "baseWinCredits":    10                         },
		{"matchIn": 27, "pattern":  1115201, "baseWinCredits":    10                         },
		{"matchIn": 27, "pattern": 17056016, "baseWinCredits":    10                         },
		{"matchIn": 27, "pattern":      341, "baseWinCredits":    10                         },
		{"matchIn": 27, "pattern": 22347776, "baseWinCredits":    10                         },
		{"matchIn": 27, "pattern": 17039425, "baseWinCredits":    10                         },
		{"matchIn": 27, "pattern":  1114384, "baseWinCredits":    10                         },
		{"matchIn": 27, "pattern":   141440, "baseWinCredits":    10                         },
		{"matchIn": 27, "pattern":   328000, "baseWinCredits":     9                         },
		{"matchIn": 27, "pattern":  4211716, "baseWinCredits":     8                         },
		{"matchIn": 27, "pattern": 17825809, "baseWinCredits":     7                         },
		{"matchIn": 27, "pattern":   131520, "baseWinCredits":     6                         },
		{"matchIn": 27, "pattern":    10564, "baseWinCredits":     5                         },
		{"matchIn": 27, "pattern":  4532224, "baseWinCredits":     5                         },
		{"matchIn": 28, "pattern":       99, "baseWinCredits":     5                         },
		{"matchIn": 28, "pattern":      792, "baseWinCredits":     5                         },
		{"matchIn": 28, "pattern":  3244032, "baseWinCredits":     5                         },
		{"matchIn": 28, "pattern": 25952256, "baseWinCredits":     5                         },
		{"matchIn": 28, "pattern":     1063, "baseWinCredits":     5                         },
		{"matchIn": 28, "pattern":    16924, "baseWinCredits":     5                         },
		{"matchIn": 28, "pattern":  7373824, "baseWinCredits":     5                         },
		{"matchIn": 28, "pattern": 29900800, "baseWinCredits":     5                         },
		{"matchIn": 28, "pattern":  4328448, "baseWinCredits":     5                         },
		{"matchIn": 28, "pattern":  4349952, "baseWinCredits":     5                         },
		{"matchIn": 28, "pattern":     3204, "baseWinCredits":     5                         },
		{"matchIn": 28, "pattern":    24708, "baseWinCredits":     5                         },
		{"matchIn": 28, "pattern":  1115201, "baseWinCredits":     5                         },
		{"matchIn": 28, "pattern": 17056016, "baseWinCredits":     5                         },
		{"matchIn": 28, "pattern":      341, "baseWinCredits":     5                         },
		{"matchIn": 28, "pattern": 22347776, "baseWinCredits":     5                         },
		{"matchIn": 28, "pattern": 17039425, "baseWinCredits":     5                         },
		{"matchIn": 28, "pattern":  1114384, "baseWinCredits":     5                         },
		{"matchIn": 28, "pattern":   141440, "baseWinCredits":     5                         },
		{"matchIn": 28, "pattern":   328000, "baseWinCredits":     5                         },
		{"matchIn": 28, "pattern":  4211716, "baseWinCredits":     5                         },
		{"matchIn": 28, "pattern": 17825809, "baseWinCredits":     5                         },
		{"matchIn": 28, "pattern":   131520, "baseWinCredits":     5                         },
		{"matchIn": 28, "pattern":    10564, "baseWinCredits":     5                         },
		{"matchIn": 28, "pattern":  4532224, "baseWinCredits":     5                         },
		{"matchIn": 29, "pattern":       99, "baseWinCredits":     5                         },
		{"matchIn": 29, "pattern":      792, "baseWinCredits":     5                         },
		{"matchIn": 29, "pattern":  3244032, "baseWinCredits":     5                         },
		{"matchIn": 29, "pattern": 25952256, "baseWinCredits":     5                         },
		{"matchIn": 29, "pattern":     1063, "baseWinCredits":     5                         },
		{"matchIn": 29, "pattern":    16924, "baseWinCredits":     5                         },
		{"matchIn": 29, "pattern":  7373824, "baseWinCredits":     5                         },
		{"matchIn": 29, "pattern": 29900800, "baseWinCredits":     5                         },
		{"matchIn": 29, "pattern":  4328448, "baseWinCredits":     5                         },
		{"matchIn": 29, "pattern":  4349952, "baseWinCredits":     5                         },
		{"matchIn": 29, "pattern":     3204, "baseWinCredits":     5                         },
		{"matchIn": 29, "pattern":    24708, "baseWinCredits":     5                         },
		{"matchIn": 29, "pattern":  1115201, "baseWinCredits":     5                         },
		{"matchIn": 29, "pattern": 17056016, "baseWinCredits":     5                         },
		{"matchIn": 29, "pattern":      341, "baseWinCredits":     5                         },
		{"matchIn": 29, "pattern": 22347776, "baseWinCredits":     5                         },
		{"matchIn": 29, "pattern": 17039425, "baseWinCredits":     5                         },
		{"matchIn": 29, "pattern":  1114384, "baseWinCredits":     5                         },
		{"matchIn": 29, "pattern":   141440, "baseWinCredits":     5                         },
		{"matchIn": 29, "pattern":   328000, "baseWinCredits":     5                         },
		{"matchIn": 29, "pattern":  4211716, "baseWinCredits":     5                         },
		{"matchIn": 29, "pattern": 17825809, "baseWinCredits":     5                         },
		{"matchIn": 29, "pattern":   131520, "baseWinCredits":     5                         },
		{"matchIn": 29, "pattern":    10564, "baseWinCredits":     5                         },
		{"matchIn": 29, "pattern":  4532224, "baseWinCredits":     5                         },
		{"matchIn": 30, "pattern":       99, "baseWinCredits":     4                         },
		{"matchIn": 37, "pattern":  3244032, "baseWinCredits":     0, "bonusGamesAwarded":  5},
		{"matchIn": 37, "pattern": 25952256, "baseWinCredits":     0, "bonusGamesAwarded":  5},
		{"matchIn": 38, "pattern":  3244032, "baseWinCredits":     0, "bonusGamesAwarded":  5},
		{"matchIn": 38, "pattern": 25952256, "baseWinCredits":     0, "bonusGamesAwarded":  5},
		{"matchIn": 39, "pattern":  3244032, "baseWinCredits":     0, "bonusGamesAwarded":  5},
		{"matchIn": 39, "pattern": 25952256, "baseWinCredits":     0, "bonusGamesAwarded":  5},
		{"matchIn": 40, "pattern":  3244032, "baseWinCredits":   250, "bonusGamesAwarded": 10},
		{"matchIn": 40, "pattern": 25952256, "baseWinCredits":     0, "bonusGamesAwarded":  5},
		{"matchIn": 42, "pattern":  7373824, "baseWinCredits":     0, "bonusGamesAwarded":  5},
		{"matchIn": 46, "pattern":    24708, "baseWinCredits":   250, "bonusGamesAwarded": 10},
		{"matchIn": 58, "pattern":  4328448, "baseWinCredits":  1000, "bonusGamesAwarded": 60},
		{"matchIn": 65, "pattern":     3204, "baseWinCredits":   500, "bonusGamesAwarded": 20},
		{"matchIn": 65, "pattern":    24708, "baseWinCredits":     0, "bonusGamesAwarded":  5},
		{"matchIn": 65, "pattern":      341, "baseWinCredits":   250, "bonusGamesAwarded": 10},
		{"matchIn": 65, "pattern":  4211716, "baseWinCredits":  1056                         },
		{"matchIn": 67, "pattern":  1115201, "baseWinCredits":     0, "bonusGamesAwarded":  5},
		{"matchIn": 67, "pattern":  4211716, "baseWinCredits":   500, "bonusGamesAwarded": 20},
		{"matchIn": 67, "pattern": 17825809, "baseWinCredits":   250, "bonusGamesAwarded": 10},
		{"matchIn": 69, "pattern":      341, "baseWinCredits":  1056                         },
		{"matchIn": 69, "pattern": 17039425, "baseWinCredits":     0, "bonusGamesAwarded":  5},
		{"matchIn": 69, "pattern":    10564, "baseWinCredits":   250, "bonusGamesAwarded": 10}
	]
}
