{
	"configuration": {
		"tableType": "Bingo",
		"formatVersion": "1.2",
		"name": "25LineMD3",
		"tableName": "free",
		"lines": 25,
		"percentage": 92,
		"baseBet": 0,
		"betLevelGroups": {
			"5": [5]
		},
		"entries": 795,
		"progressiveBases": {
			"1": {"valueCredits": 800000},
			"2": {"valueCredits": 200000}
		},
		"version": 1
	},
	"entries": [
		{ "matchIn":  4, "pattern":       99, "baseWinCredits": 14400                                                  },
		{ "matchIn":  4, "pattern":      792, "baseWinCredits": 14400                                                  },
		{ "matchIn":  4, "pattern":  3244032, "baseWinCredits": 11145                                                  },
		{ "matchIn":  4, "pattern": 25952256, "baseWinCredits": 11145                                                  },
		{ "matchIn":  4, "pattern":  4328448, "baseWinCredits": 10575                                                  },
		{ "matchIn":  4, "pattern":  4349952, "baseWinCredits":  8880                                                  },
		{ "matchIn":  4, "pattern":     3204, "baseWinCredits":  8880                                                  },
		{ "matchIn":  4, "pattern":    24708, "baseWinCredits":  8880                                                  },
		{ "matchIn":  4, "pattern": 17039425, "baseWinCredits":  8105                                                  },
		{ "matchIn":  4, "pattern":  1114384, "baseWinCredits":  8105                                                  },
		{ "matchIn":  4, "pattern":   141440, "baseWinCredits":  7160                                                  },
		{ "matchIn":  4, "pattern":   328000, "baseWinCredits":  7160                                                  },
		{ "matchIn":  4, "pattern":  4211716, "baseWinCredits":  6445                                                  },
		{ "matchIn":  4, "pattern": 17825809, "baseWinCredits":  6445                                                  },
		{ "matchIn":  4, "pattern":   131520, "baseWinCredits":  6445                                                  },
		{ "matchIn":  5, "pattern":       99, "baseWinCredits":  5980                                                  },
		{ "matchIn":  5, "pattern":      792, "baseWinCredits":  5725                                                  },
		{ "matchIn":  5, "pattern":  3244032, "baseWinCredits":  5535                                                  },
		{ "matchIn":  5, "pattern": 25952256, "baseWinCredits":  5050                                                  },
		{ "matchIn":  5, "pattern":     1063, "baseWinCredits":  4885                                                  },
		{ "matchIn":  5, "pattern":    16924, "baseWinCredits":  4885                                                  },
		{ "matchIn":  5, "pattern":  7373824, "baseWinCredits":  4885                                                  },
		{ "matchIn":  5, "pattern": 29900800, "baseWinCredits":  4885                                                  },
		{ "matchIn":  5, "pattern":  4328448, "baseWinCredits":  4370                                                  },
		{ "matchIn":  5, "pattern":  4349952, "baseWinCredits":  3685                                                  },
		{ "matchIn":  5, "pattern":     3204, "baseWinCredits":  3230                                                  },
		{ "matchIn":  5, "pattern":    24708, "baseWinCredits":  3160                                                  },
		{ "matchIn":  5, "pattern":  1115201, "baseWinCredits":  3010                                                  },
		{ "matchIn":  5, "pattern": 17056016, "baseWinCredits":  2870                                                  },
		{ "matchIn":  5, "pattern":      341, "baseWinCredits":  2870                                                  },
		{ "matchIn":  5, "pattern": 22347776, "baseWinCredits":  2870                                                  },
		{ "matchIn":  5, "pattern": 17039425, "baseWinCredits":  2870                                                  },
		{ "matchIn":  5, "pattern":  1114384, "baseWinCredits":  2700                                                  },
		{ "matchIn":  5, "pattern":   141440, "baseWinCredits":  2665                                                  },
		{ "matchIn":  5, "pattern":   328000, "baseWinCredits":  2590                                                  },
		{ "matchIn":  5, "pattern":  4211716, "baseWinCredits":  2550                                                  },
		{ "matchIn":  5, "pattern": 17825809, "baseWinCredits":  2505                                                  },
		{ "matchIn":  5, "pattern":   131520, "baseWinCredits":  2450                                                  },
		{ "matchIn":  5, "pattern":    10564, "baseWinCredits":  2395                                                  },
		{ "matchIn":  5, "pattern":  4532224, "baseWinCredits":  2355                                                  },
		{ "matchIn":  6, "pattern":       99, "baseWinCredits":  2300                                                  },
		{ "matchIn":  6, "pattern":      792, "baseWinCredits":  2250                                                  },
		{ "matchIn":  6, "pattern":  3244032, "baseWinCredits":  2200                                                  },
		{ "matchIn":  6, "pattern": 25952256, "baseWinCredits":  2145                                                  },
		{ "matchIn":  6, "pattern":     1063, "baseWinCredits":   300, "bonusGamesAwarded": 10                         },
		{ "matchIn":  6, "pattern":    16924, "baseWinCredits":  2100                                                  },
		{ "matchIn":  6, "pattern":  7373824, "baseWinCredits":  2050                                                  },
		{ "matchIn":  6, "pattern": 29900800, "baseWinCredits":  2050                                                  },
		{ "matchIn":  6, "pattern":  4328448, "baseWinCredits":  1980                                                  },
		{ "matchIn":  6, "pattern":  4349952, "baseWinCredits":  1955                                                  },
		{ "matchIn":  6, "pattern":     3204, "baseWinCredits":  1925                                                  },
		{ "matchIn":  6, "pattern":    24708, "baseWinCredits":  1900                                                  },
		{ "matchIn":  6, "pattern":  1115201, "baseWinCredits":  1870                                                  },
		{ "matchIn":  6, "pattern": 17056016, "baseWinCredits":  1850                                                  },
		{ "matchIn":  6, "pattern":      341, "baseWinCredits":  1825                                                  },
		{ "matchIn":  6, "pattern": 22347776, "baseWinCredits":  1800                                                  },
		{ "matchIn":  6, "pattern": 17039425, "baseWinCredits":  1775                                                  },
		{ "matchIn":  6, "pattern":  1114384, "baseWinCredits":  1750                                                  },
		{ "matchIn":  6, "pattern":   141440, "baseWinCredits":  1725                                                  },
		{ "matchIn":  6, "pattern":   328000, "baseWinCredits":  1700                                                  },
		{ "matchIn":  6, "pattern":  4211716, "baseWinCredits":  1675                                                  },
		{ "matchIn":  6, "pattern": 17825809, "baseWinCredits":  1650                                                  },
		{ "matchIn":  6, "pattern":   131520, "baseWinCredits":  1625                                                  },
		{ "matchIn":  6, "pattern":    10564, "baseWinCredits":  1600                                                  },
		{ "matchIn":  6, "pattern":  4532224, "baseWinCredits":  1600                                                  },
		{ "matchIn":  7, "pattern":       99, "baseWinCredits":  1575                                                  },
		{ "matchIn":  7, "pattern":      792, "baseWinCredits":  1550                                                  },
		{ "matchIn":  7, "pattern":  3244032, "baseWinCredits":  1525                                                  },
		{ "matchIn":  7, "pattern": 25952256, "baseWinCredits":  1500                                                  },
		{ "matchIn":  7, "pattern":     1063, "baseWinCredits":  1475                                                  },
		{ "matchIn":  7, "pattern":    16924, "baseWinCredits":  1450                                                  },
		{ "matchIn":  7, "pattern":  7373824, "baseWinCredits":  1450                                                  },
		{ "matchIn":  7, "pattern": 29900800, "baseWinCredits":  1450                                                  },
		{ "matchIn":  7, "pattern":  4328448, "baseWinCredits":  1425                                                  },
		{ "matchIn":  7, "pattern":  4349952, "baseWinCredits":  1400                                                  },
		{ "matchIn":  7, "pattern":     3204, "baseWinCredits":  1375                                                  },
		{ "matchIn":  7, "pattern":    24708, "baseWinCredits":  1350                                                  },
		{ "matchIn":  7, "pattern":  1115201, "baseWinCredits":  1325                                                  },
		{ "matchIn":  7, "pattern": 17056016, "baseWinCredits":  1325                                                  },
		{ "matchIn":  7, "pattern":      341, "baseWinCredits":  1325                                                  },
		{ "matchIn":  7, "pattern": 22347776, "baseWinCredits":  1325                                                  },
		{ "matchIn":  7, "pattern": 17039425, "baseWinCredits":  1325                                                  },
		{ "matchIn":  7, "pattern":  1114384, "baseWinCredits":  1300                                                  },
		{ "matchIn":  7, "pattern":   141440, "baseWinCredits":  1275                                                  },
		{ "matchIn":  7, "pattern":   328000, "baseWinCredits":  1275                                                  },
		{ "matchIn":  7, "pattern":  4211716, "baseWinCredits":  1250                                                  },
		{ "matchIn":  7, "pattern": 17825809, "baseWinCredits":  1225                                                  },
		{ "matchIn":  7, "pattern":   131520, "baseWinCredits":  1200                                                  },
		{ "matchIn":  7, "pattern":    10564, "baseWinCredits":  1200                                                  },
		{ "matchIn":  7, "pattern":  4532224, "baseWinCredits":  1200                                                  },
		{ "matchIn":  8, "pattern":       99, "baseWinCredits":  1175                                                  },
		{ "matchIn":  8, "pattern":      792, "baseWinCredits":  1150                                                  },
		{ "matchIn":  8, "pattern":  3244032, "baseWinCredits":  1125                                                  },
		{ "matchIn":  8, "pattern": 25952256, "baseWinCredits":  1100                                                  },
		{ "matchIn":  8, "pattern":     1063, "baseWinCredits":  1075                                                  },
		{ "matchIn":  8, "pattern":    16924, "baseWinCredits":  1075                                                  },
		{ "matchIn":  8, "pattern":  7373824, "baseWinCredits":  1075                                                  },
		{ "matchIn":  8, "pattern": 29900800, "baseWinCredits":  1075                                                  },
		{ "matchIn":  8, "pattern":  4328448, "baseWinCredits":  1075                                                  },
		{ "matchIn":  8, "pattern":  4349952, "baseWinCredits":  1075                                                  },
		{ "matchIn":  8, "pattern":     3204, "baseWinCredits":  1050                                                  },
		{ "matchIn":  8, "pattern":    24708, "baseWinCredits":  1050                                                  },
		{ "matchIn":  8, "pattern":  1115201, "baseWinCredits":  1025                                                  },
		{ "matchIn":  8, "pattern": 17056016, "baseWinCredits":  1025                                                  },
		{ "matchIn":  8, "pattern":      341, "baseWinCredits":  1025                                                  },
		{ "matchIn":  8, "pattern": 22347776, "baseWinCredits":  1025                                                  },
		{ "matchIn":  8, "pattern": 17039425, "baseWinCredits":  1025                                                  },
		{ "matchIn":  8, "pattern":  1114384, "baseWinCredits":  1025                                                  },
		{ "matchIn":  8, "pattern":   141440, "baseWinCredits":  1000                                                  },
		{ "matchIn":  8, "pattern":   328000, "baseWinCredits":   975                                                  },
		{ "matchIn":  8, "pattern":  4211716, "baseWinCredits":   960                                                  },
		{ "matchIn":  8, "pattern": 17825809, "baseWinCredits":   950                                                  },
		{ "matchIn":  8, "pattern":   131520, "baseWinCredits":   940                                                  },
		{ "matchIn":  8, "pattern":    10564, "baseWinCredits":   930                                                  },
		{ "matchIn":  8, "pattern":  4532224, "baseWinCredits":   920                                                  },
		{ "matchIn":  9, "pattern":       99, "baseWinCredits":   910                                                  },
		{ "matchIn":  9, "pattern":      792, "baseWinCredits":   900                                                  },
		{ "matchIn":  9, "pattern":  3244032, "baseWinCredits":   890                                                  },
		{ "matchIn":  9, "pattern": 25952256, "baseWinCredits":   880                                                  },
		{ "matchIn":  9, "pattern":     1063, "baseWinCredits":   870                                                  },
		{ "matchIn":  9, "pattern":    16924, "baseWinCredits":   870                                                  },
		{ "matchIn":  9, "pattern":  7373824, "baseWinCredits":   870                                                  },
		{ "matchIn":  9, "pattern": 29900800, "baseWinCredits":   870                                                  },
		{ "matchIn":  9, "pattern":  4328448, "baseWinCredits":   860                                                  },
		{ "matchIn":  9, "pattern":  4349952, "baseWinCredits":   850                                                  },
		{ "matchIn":  9, "pattern":     3204, "baseWinCredits":   840                                                  },
		{ "matchIn":  9, "pattern":    24708, "baseWinCredits":   830                                                  },
		{ "matchIn":  9, "pattern":  1115201, "baseWinCredits":   820                                                  },
		{ "matchIn":  9, "pattern": 17056016, "baseWinCredits":   820                                                  },
		{ "matchIn":  9, "pattern":      341, "baseWinCredits":   820                                                  },
		{ "matchIn":  9, "pattern": 22347776, "baseWinCredits":   820                                                  },
		{ "matchIn":  9, "pattern": 17039425, "baseWinCredits":   810                                                  },
		{ "matchIn":  9, "pattern":  1114384, "baseWinCredits":   810                                                  },
		{ "matchIn":  9, "pattern":   141440, "baseWinCredits":   800                                                  },
		{ "matchIn":  9, "pattern":   328000, "baseWinCredits":   790                                                  },
		{ "matchIn":  9, "pattern":  4211716, "baseWinCredits":   780                                                  },
		{ "matchIn":  9, "pattern": 17825809, "baseWinCredits":   780                                                  },
		{ "matchIn":  9, "pattern":   131520, "baseWinCredits":   770                                                  },
		{ "matchIn":  9, "pattern":    10564, "baseWinCredits":   770                                                  },
		{ "matchIn":  9, "pattern":  4532224, "baseWinCredits":   770                                                  },
		{ "matchIn": 10, "pattern":       99, "baseWinCredits":   760                                                  },
		{ "matchIn": 10, "pattern":      792, "baseWinCredits":   750                                                  },
		{ "matchIn": 10, "pattern":  3244032, "baseWinCredits":   740                                                  },
		{ "matchIn": 10, "pattern": 25952256, "baseWinCredits":   730                                                  },
		{ "matchIn": 10, "pattern":     1063, "baseWinCredits":   720                                                  },
		{ "matchIn": 10, "pattern":    16924, "baseWinCredits":   710                                                  },
		{ "matchIn": 10, "pattern":  7373824, "baseWinCredits":   700                                                  },
		{ "matchIn": 10, "pattern": 29900800, "baseWinCredits":   690                                                  },
		{ "matchIn": 10, "pattern":  4328448, "baseWinCredits":   680                                                  },
		{ "matchIn": 10, "pattern":  4349952, "baseWinCredits":   670                                                  },
		{ "matchIn": 10, "pattern":     3204, "baseWinCredits":   660                                                  },
		{ "matchIn": 10, "pattern":    24708, "baseWinCredits":   650                                                  },
		{ "matchIn": 10, "pattern":  1115201, "baseWinCredits":   640                                                  },
		{ "matchIn": 10, "pattern": 17056016, "baseWinCredits":   630                                                  },
		{ "matchIn": 10, "pattern":      341, "baseWinCredits":   630                                                  },
		{ "matchIn": 10, "pattern": 22347776, "baseWinCredits":   630                                                  },
		{ "matchIn": 10, "pattern": 17039425, "baseWinCredits":   620                                                  },
		{ "matchIn": 10, "pattern":  1114384, "baseWinCredits":   610                                                  },
		{ "matchIn": 10, "pattern":   141440, "baseWinCredits":   600                                                  },
		{ "matchIn": 10, "pattern":   328000, "baseWinCredits":   590                                                  },
		{ "matchIn": 10, "pattern":  4211716, "baseWinCredits":   580                                                  },
		{ "matchIn": 10, "pattern": 17825809, "baseWinCredits":   570                                                  },
		{ "matchIn": 10, "pattern":   131520, "baseWinCredits":   560                                                  },
		{ "matchIn": 10, "pattern":    10564, "baseWinCredits":   560                                                  },
		{ "matchIn": 10, "pattern":  4532224, "baseWinCredits":   560                                                  },
		{ "matchIn": 11, "pattern":       99, "baseWinCredits":   550                                                  },
		{ "matchIn": 11, "pattern":      792, "baseWinCredits":   540                                                  },
		{ "matchIn": 11, "pattern":  3244032, "baseWinCredits":   540                                                  },
		{ "matchIn": 11, "pattern": 25952256, "baseWinCredits":   530                                                  },
		{ "matchIn": 11, "pattern":     1063, "baseWinCredits":   520                                                  },
		{ "matchIn": 11, "pattern":    16924, "baseWinCredits":   520                                                  },
		{ "matchIn": 11, "pattern":  7373824, "baseWinCredits":   520                                                  },
		{ "matchIn": 11, "pattern": 29900800, "baseWinCredits":   520                                                  },
		{ "matchIn": 11, "pattern":  4328448, "baseWinCredits":   520                                                  },
		{ "matchIn": 11, "pattern":  4349952, "baseWinCredits":   510                                                  },
		{ "matchIn": 11, "pattern":     3204, "baseWinCredits":   510                                                  },
		{ "matchIn": 11, "pattern":    24708, "baseWinCredits":   500                                                  },
		{ "matchIn": 11, "pattern":  1115201, "baseWinCredits":   490                                                  },
		{ "matchIn": 11, "pattern": 17056016, "baseWinCredits":   490                                                  },
		{ "matchIn": 11, "pattern":      341, "baseWinCredits":   490                                                  },
		{ "matchIn": 11, "pattern": 22347776, "baseWinCredits":   490                                                  },
		{ "matchIn": 11, "pattern": 17039425, "baseWinCredits":   490                                                  },
		{ "matchIn": 11, "pattern":  1114384, "baseWinCredits":   490                                                  },
		{ "matchIn": 11, "pattern":   141440, "baseWinCredits":   480                                                  },
		{ "matchIn": 11, "pattern":   328000, "baseWinCredits":   470                                                  },
		{ "matchIn": 11, "pattern":  4211716, "baseWinCredits":   460                                                  },
		{ "matchIn": 11, "pattern": 17825809, "baseWinCredits":   450                                                  },
		{ "matchIn": 11, "pattern":   131520, "baseWinCredits":   440                                                  },
		{ "matchIn": 11, "pattern":    10564, "baseWinCredits":   440                                                  },
		{ "matchIn": 11, "pattern":  4532224, "baseWinCredits":   440                                                  },
		{ "matchIn": 12, "pattern":       99, "baseWinCredits":   430                                                  },
		{ "matchIn": 12, "pattern":      792, "baseWinCredits":   430                                                  },
		{ "matchIn": 12, "pattern":  3244032, "baseWinCredits":   420                                                  },
		{ "matchIn": 12, "pattern": 25952256, "baseWinCredits":   420                                                  },
		{ "matchIn": 12, "pattern":     1063, "baseWinCredits":   410                                                  },
		{ "matchIn": 12, "pattern":    16924, "baseWinCredits":   410                                                  },
		{ "matchIn": 12, "pattern":  7373824, "baseWinCredits":   410                                                  },
		{ "matchIn": 12, "pattern": 29900800, "baseWinCredits":   410                                                  },
		{ "matchIn": 12, "pattern":  4328448, "baseWinCredits":   410                                                  },
		{ "matchIn": 12, "pattern":  4349952, "baseWinCredits":   410                                                  },
		{ "matchIn": 12, "pattern":     3204, "baseWinCredits":   400                                                  },
		{ "matchIn": 12, "pattern":    24708, "baseWinCredits":   400                                                  },
		{ "matchIn": 12, "pattern":  1115201, "baseWinCredits":   400                                                  },
		{ "matchIn": 12, "pattern": 17056016, "baseWinCredits":   400                                                  },
		{ "matchIn": 12, "pattern":      341, "baseWinCredits":   400                                                  },
		{ "matchIn": 12, "pattern": 22347776, "baseWinCredits":   400                                                  },
		{ "matchIn": 12, "pattern": 17039425, "baseWinCredits":   390                                                  },
		{ "matchIn": 12, "pattern":  1114384, "baseWinCredits":   380                                                  },
		{ "matchIn": 12, "pattern":   141440, "baseWinCredits":   380                                                  },
		{ "matchIn": 12, "pattern":   328000, "baseWinCredits":   370                                                  },
		{ "matchIn": 12, "pattern":  4211716, "baseWinCredits":   360                                                  },
		{ "matchIn": 12, "pattern": 17825809, "baseWinCredits":   350                                                  },
		{ "matchIn": 12, "pattern":   131520, "baseWinCredits":   350                                                  },
		{ "matchIn": 12, "pattern":    10564, "baseWinCredits":   340                                                  },
		{ "matchIn": 12, "pattern":  4532224, "baseWinCredits":   340                                                  },
		{ "matchIn": 13, "pattern":       99, "baseWinCredits":   340                                                  },
		{ "matchIn": 13, "pattern":      792, "baseWinCredits":   330                                                  },
		{ "matchIn": 13, "pattern":  3244032, "baseWinCredits":   325                                                  },
		{ "matchIn": 13, "pattern": 25952256, "baseWinCredits":   325                                                  },
		{ "matchIn": 13, "pattern":     1063, "baseWinCredits":   310                                                  },
		{ "matchIn": 13, "pattern":    16924, "baseWinCredits":   310                                                  },
		{ "matchIn": 13, "pattern":  7373824, "baseWinCredits":   310                                                  },
		{ "matchIn": 13, "pattern": 29900800, "baseWinCredits":   310                                                  },
		{ "matchIn": 13, "pattern":  4328448, "baseWinCredits":   310                                                  },
		{ "matchIn": 13, "pattern":  4349952, "baseWinCredits":   300                                                  },
		{ "matchIn": 13, "pattern":     3204, "baseWinCredits":   300                                                  },
		{ "matchIn": 13, "pattern":    24708, "baseWinCredits":   290                                                  },
		{ "matchIn": 13, "pattern":  1115201, "baseWinCredits":   290                                                  },
		{ "matchIn": 13, "pattern": 17056016, "baseWinCredits":   290                                                  },
		{ "matchIn": 13, "pattern":      341, "baseWinCredits":   290                                                  },
		{ "matchIn": 13, "pattern": 22347776, "baseWinCredits":   290                                                  },
		{ "matchIn": 13, "pattern": 17039425, "baseWinCredits":   280                                                  },
		{ "matchIn": 13, "pattern":  1114384, "baseWinCredits":   280                                                  },
		{ "matchIn": 13, "pattern":   141440, "baseWinCredits":   280                                                  },
		{ "matchIn": 13, "pattern":   328000, "baseWinCredits":   270                                                  },
		{ "matchIn": 13, "pattern":  4211716, "baseWinCredits":   270                                                  },
		{ "matchIn": 13, "pattern": 17825809, "baseWinCredits":   270                                                  },
		{ "matchIn": 13, "pattern":   131520, "baseWinCredits":   260                                                  },
		{ "matchIn": 13, "pattern":    10564, "baseWinCredits":   260                                                  },
		{ "matchIn": 13, "pattern":  4532224, "baseWinCredits":   260                                                  },
		{ "matchIn": 14, "pattern":       99, "baseWinCredits":   260                                                  },
		{ "matchIn": 14, "pattern":      792, "baseWinCredits":   250                                                  },
		{ "matchIn": 14, "pattern":  3244032, "baseWinCredits":   250                                                  },
		{ "matchIn": 14, "pattern": 25952256, "baseWinCredits":   240                                                  },
		{ "matchIn": 14, "pattern":     1063, "baseWinCredits":   150, "bonusGamesAwarded": 10                         },
		{ "matchIn": 14, "pattern":    16924, "baseWinCredits":   240                                                  },
		{ "matchIn": 14, "pattern":  7373824, "baseWinCredits":   240                                                  },
		{ "matchIn": 14, "pattern": 29900800, "baseWinCredits":   240                                                  },
		{ "matchIn": 14, "pattern":  4328448, "baseWinCredits":   240                                                  },
		{ "matchIn": 14, "pattern":  4349952, "baseWinCredits":   240                                                  },
		{ "matchIn": 14, "pattern":     3204, "baseWinCredits":   230                                                  },
		{ "matchIn": 14, "pattern":    24708, "baseWinCredits":   230                                                  },
		{ "matchIn": 14, "pattern":  1115201, "baseWinCredits":   230                                                  },
		{ "matchIn": 14, "pattern": 17056016, "baseWinCredits":   230                                                  },
		{ "matchIn": 14, "pattern":      341, "baseWinCredits":   230                                                  },
		{ "matchIn": 14, "pattern": 22347776, "baseWinCredits":   230                                                  },
		{ "matchIn": 14, "pattern": 17039425, "baseWinCredits":   230                                                  },
		{ "matchIn": 14, "pattern":  1114384, "baseWinCredits":   220                                                  },
		{ "matchIn": 14, "pattern":   141440, "baseWinCredits":   220                                                  },
		{ "matchIn": 14, "pattern":   328000, "baseWinCredits":   220                                                  },
		{ "matchIn": 14, "pattern":  4211716, "baseWinCredits":   220                                                  },
		{ "matchIn": 14, "pattern": 17825809, "baseWinCredits":   220                                                  },
		{ "matchIn": 14, "pattern":   131520, "baseWinCredits":   210                                                  },
		{ "matchIn": 14, "pattern":    10564, "baseWinCredits":   210                                                  },
		{ "matchIn": 14, "pattern":  4532224, "baseWinCredits":   210                                                  },
		{ "matchIn": 15, "pattern":       99, "baseWinCredits":   210                                                  },
		{ "matchIn": 15, "pattern":      792, "baseWinCredits":   210                                                  },
		{ "matchIn": 15, "pattern":  3244032, "baseWinCredits":   210                                                  },
		{ "matchIn": 15, "pattern": 25952256, "baseWinCredits":   200                                                  },
		{ "matchIn": 15, "pattern":     1063, "baseWinCredits":   200                                                  },
		{ "matchIn": 15, "pattern":    16924, "baseWinCredits":   200                                                  },
		{ "matchIn": 15, "pattern":  7373824, "baseWinCredits":   200                                                  },
		{ "matchIn": 15, "pattern": 29900800, "baseWinCredits":   200                                                  },
		{ "matchIn": 15, "pattern":  4328448, "baseWinCredits":   200                                                  },
		{ "matchIn": 15, "pattern":  4349952, "baseWinCredits":   195                                                  },
		{ "matchIn": 15, "pattern":     3204, "baseWinCredits":   195                                                  },
		{ "matchIn": 15, "pattern":    24708, "baseWinCredits":   190                                                  },
		{ "matchIn": 15, "pattern":  1115201, "baseWinCredits":   190                                                  },
		{ "matchIn": 15, "pattern": 17056016, "baseWinCredits":   190                                                  },
		{ "matchIn": 15, "pattern":      341, "baseWinCredits":   185                                                  },
		{ "matchIn": 15, "pattern": 22347776, "baseWinCredits":   250, "bonusGamesAwarded":  5                         },
		{ "matchIn": 15, "pattern": 17039425, "baseWinCredits":   185                                                  },
		{ "matchIn": 15, "pattern":  1114384, "baseWinCredits":   185                                                  },
		{ "matchIn": 15, "pattern":   141440, "baseWinCredits":   180                                                  },
		{ "matchIn": 15, "pattern":   328000, "baseWinCredits":   180                                                  },
		{ "matchIn": 15, "pattern":  4211716, "baseWinCredits":   175                                                  },
		{ "matchIn": 15, "pattern": 17825809, "baseWinCredits":   175                                                  },
		{ "matchIn": 15, "pattern":   131520, "baseWinCredits":   175                                                  },
		{ "matchIn": 15, "pattern":    10564, "baseWinCredits":   170                                                  },
		{ "matchIn": 15, "pattern":  4532224, "baseWinCredits":   170                                                  },
		{ "matchIn": 16, "pattern":       99, "baseWinCredits":   170                                                  },
		{ "matchIn": 16, "pattern":      792, "baseWinCredits":   170                                                  },
		{ "matchIn": 16, "pattern":  3244032, "baseWinCredits":   170                                                  },
		{ "matchIn": 16, "pattern": 25952256, "baseWinCredits":   165                                                  },
		{ "matchIn": 16, "pattern":     1063, "baseWinCredits":   165                                                  },
		{ "matchIn": 16, "pattern":    16924, "baseWinCredits":   165                                                  },
		{ "matchIn": 16, "pattern":  7373824, "baseWinCredits":   165                                                  },
		{ "matchIn": 16, "pattern": 29900800, "baseWinCredits":   165                                                  },
		{ "matchIn": 16, "pattern":  4328448, "baseWinCredits":   165                                                  },
		{ "matchIn": 16, "pattern":  4349952, "baseWinCredits":   160                                                  },
		{ "matchIn": 16, "pattern":     3204, "baseWinCredits":   160                                                  },
		{ "matchIn": 16, "pattern":    24708, "baseWinCredits":   160                                                  },
		{ "matchIn": 16, "pattern":  1115201, "baseWinCredits":   160                                                  },
		{ "matchIn": 16, "pattern": 17056016, "baseWinCredits":   160                                                  },
		{ "matchIn": 16, "pattern":      341, "baseWinCredits":   160                                                  },
		{ "matchIn": 16, "pattern": 22347776, "baseWinCredits":   160                                                  },
		{ "matchIn": 16, "pattern": 17039425, "baseWinCredits":   160                                                  },
		{ "matchIn": 16, "pattern":  1114384, "baseWinCredits":   155                                                  },
		{ "matchIn": 16, "pattern":   141440, "baseWinCredits":   155                                                  },
		{ "matchIn": 16, "pattern":   328000, "baseWinCredits":   155                                                  },
		{ "matchIn": 16, "pattern":  4211716, "baseWinCredits":   150                                                  },
		{ "matchIn": 16, "pattern": 17825809, "baseWinCredits":   150                                                  },
		{ "matchIn": 16, "pattern":   131520, "baseWinCredits":   150                                                  },
		{ "matchIn": 16, "pattern":    10564, "baseWinCredits":   150                                                  },
		{ "matchIn": 16, "pattern":  4532224, "baseWinCredits":   150                                                  },
		{ "matchIn": 17, "pattern":       99, "baseWinCredits":   150                                                  },
		{ "matchIn": 17, "pattern":      792, "baseWinCredits":   145                                                  },
		{ "matchIn": 17, "pattern":  3244032, "baseWinCredits":   145                                                  },
		{ "matchIn": 17, "pattern": 25952256, "baseWinCredits":   145                                                  },
		{ "matchIn": 17, "pattern":     1063, "baseWinCredits":   145                                                  },
		{ "matchIn": 17, "pattern":    16924, "baseWinCredits":   145                                                  },
		{ "matchIn": 17, "pattern":  7373824, "baseWinCredits":   140                                                  },
		{ "matchIn": 17, "pattern": 29900800, "baseWinCredits":   140                                                  },
		{ "matchIn": 17, "pattern":  4328448, "baseWinCredits":   140                                                  },
		{ "matchIn": 17, "pattern":  4349952, "baseWinCredits":   140                                                  },
		{ "matchIn": 17, "pattern":     3204, "baseWinCredits":   140                                                  },
		{ "matchIn": 17, "pattern":    24708, "baseWinCredits":   140                                                  },
		{ "matchIn": 17, "pattern":  1115201, "baseWinCredits":   140                                                  },
		{ "matchIn": 17, "pattern": 17056016, "baseWinCredits":   140                                                  },
		{ "matchIn": 17, "pattern":      341, "baseWinCredits":   140                                                  },
		{ "matchIn": 17, "pattern": 22347776, "baseWinCredits":   140                                                  },
		{ "matchIn": 17, "pattern": 17039425, "baseWinCredits":   135                                                  },
		{ "matchIn": 17, "pattern":  1114384, "baseWinCredits":   135                                                  },
		{ "matchIn": 17, "pattern":   141440, "baseWinCredits":   135                                                  },
		{ "matchIn": 17, "pattern":   328000, "baseWinCredits":   135                                                  },
		{ "matchIn": 17, "pattern":  4211716, "baseWinCredits":   130                                                  },
		{ "matchIn": 17, "pattern": 17825809, "baseWinCredits":   130                                                  },
		{ "matchIn": 17, "pattern":   131520, "baseWinCredits":   130                                                  },
		{ "matchIn": 17, "pattern":    10564, "baseWinCredits":   130                                                  },
		{ "matchIn": 17, "pattern":  4532224, "baseWinCredits":   130                                                  },
		{ "matchIn": 18, "pattern":       99, "baseWinCredits":   130                                                  },
		{ "matchIn": 18, "pattern":      792, "baseWinCredits":   130                                                  },
		{ "matchIn": 18, "pattern":  3244032, "baseWinCredits":   125                                                  },
		{ "matchIn": 18, "pattern": 25952256, "baseWinCredits":   125                                                  },
		{ "matchIn": 18, "pattern":     1063, "baseWinCredits":   125                                                  },
		{ "matchIn": 18, "pattern":    16924, "baseWinCredits":   125                                                  },
		{ "matchIn": 18, "pattern":  7373824, "baseWinCredits":   125                                                  },
		{ "matchIn": 18, "pattern": 29900800, "baseWinCredits":   125                                                  },
		{ "matchIn": 18, "pattern":  4328448, "baseWinCredits":   125                                                  },
		{ "matchIn": 18, "pattern":  4349952, "baseWinCredits":   120                                                  },
		{ "matchIn": 18, "pattern":     3204, "baseWinCredits":   120                                                  },
		{ "matchIn": 18, "pattern":    24708, "baseWinCredits":   120                                                  },
		{ "matchIn": 18, "pattern":  1115201, "baseWinCredits":   120                                                  },
		{ "matchIn": 18, "pattern": 17056016, "baseWinCredits":   120                                                  },
		{ "matchIn": 18, "pattern":      341, "baseWinCredits":  1000, "bonusGamesAwarded": 60                         },
		{ "matchIn": 18, "pattern": 22347776, "baseWinCredits":   120                                                  },
		{ "matchIn": 18, "pattern": 17039425, "baseWinCredits":   120                                                  },
		{ "matchIn": 18, "pattern":  1114384, "baseWinCredits":   115                                                  },
		{ "matchIn": 18, "pattern":   141440, "baseWinCredits":   115                                                  },
		{ "matchIn": 18, "pattern":   328000, "baseWinCredits":   115                                                  },
		{ "matchIn": 18, "pattern":  4211716, "baseWinCredits":   115                                                  },
		{ "matchIn": 18, "pattern": 17825809, "baseWinCredits":   110                                                  },
		{ "matchIn": 18, "pattern":   131520, "baseWinCredits":   110                                                  },
		{ "matchIn": 18, "pattern":    10564, "baseWinCredits":   110                                                  },
		{ "matchIn": 18, "pattern":  4532224, "baseWinCredits":   110                                                  },
		{ "matchIn": 19, "pattern":       99, "baseWinCredits":   110                                                  },
		{ "matchIn": 19, "pattern":      792, "baseWinCredits":   110                                                  },
		{ "matchIn": 19, "pattern":  3244032, "baseWinCredits":   110                                                  },
		{ "matchIn": 19, "pattern": 25952256, "baseWinCredits":   105                                                  },
		{ "matchIn": 19, "pattern":     1063, "baseWinCredits":   105                                                  },
		{ "matchIn": 19, "pattern":    16924, "baseWinCredits":   105                                                  },
		{ "matchIn": 19, "pattern":  7373824, "baseWinCredits":   105                                                  },
		{ "matchIn": 19, "pattern": 29900800, "baseWinCredits":   105                                                  },
		{ "matchIn": 19, "pattern":  4328448, "baseWinCredits":   105                                                  },
		{ "matchIn": 19, "pattern":  4349952, "baseWinCredits":   105                                                  },
		{ "matchIn": 19, "pattern":     3204, "baseWinCredits":   105                                                  },
		{ "matchIn": 19, "pattern":    24708, "baseWinCredits":   105                                                  },
		{ "matchIn": 19, "pattern":  1115201, "baseWinCredits":   100                                                  },
		{ "matchIn": 19, "pattern": 17056016, "baseWinCredits":   100                                                  },
		{ "matchIn": 19, "pattern":      341, "baseWinCredits":   100                                                  },
		{ "matchIn": 19, "pattern": 22347776, "baseWinCredits":   100                                                  },
		{ "matchIn": 19, "pattern": 17039425, "baseWinCredits":   100                                                  },
		{ "matchIn": 19, "pattern":  1114384, "baseWinCredits":   100                                                  },
		{ "matchIn": 19, "pattern":   141440, "baseWinCredits":   100                                                  },
		{ "matchIn": 19, "pattern":   328000, "baseWinCredits":   100                                                  },
		{ "matchIn": 19, "pattern":  4211716, "baseWinCredits":   100                                                  },
		{ "matchIn": 19, "pattern": 17825809, "baseWinCredits":   100                                                  },
		{ "matchIn": 19, "pattern":   131520, "baseWinCredits":   100                                                  },
		{ "matchIn": 19, "pattern":    10564, "baseWinCredits":    75, "bonusGamesAwarded": 10                         },
		{ "matchIn": 19, "pattern":  4532224, "baseWinCredits":   100                                                  },
		{ "matchIn": 20, "pattern":       99, "baseWinCredits":    95                                                  },
		{ "matchIn": 20, "pattern":      792, "baseWinCredits":    95                                                  },
		{ "matchIn": 20, "pattern":  3244032, "baseWinCredits":    90                                                  },
		{ "matchIn": 20, "pattern": 25952256, "baseWinCredits":    90                                                  },
		{ "matchIn": 20, "pattern":     1063, "baseWinCredits":    90                                                  },
		{ "matchIn": 20, "pattern":    16924, "baseWinCredits":    85                                                  },
		{ "matchIn": 20, "pattern":  7373824, "baseWinCredits":    85                                                  },
		{ "matchIn": 20, "pattern": 29900800, "baseWinCredits":    85                                                  },
		{ "matchIn": 20, "pattern":  4328448, "baseWinCredits":    85                                                  },
		{ "matchIn": 20, "pattern":  4349952, "baseWinCredits":    85                                                  },
		{ "matchIn": 20, "pattern":     3204, "baseWinCredits":    85                                                  },
		{ "matchIn": 20, "pattern":    24708, "baseWinCredits":    80                                                  },
		{ "matchIn": 20, "pattern":  1115201, "baseWinCredits":    80                                                  },
		{ "matchIn": 20, "pattern": 17056016, "baseWinCredits":    80                                                  },
		{ "matchIn": 20, "pattern":      341, "baseWinCredits":    80                                                  },
		{ "matchIn": 20, "pattern": 22347776, "baseWinCredits":    80                                                  },
		{ "matchIn": 20, "pattern": 17039425, "baseWinCredits":    80                                                  },
		{ "matchIn": 20, "pattern":  1114384, "baseWinCredits":    80                                                  },
		{ "matchIn": 20, "pattern":   141440, "baseWinCredits":    75                                                  },
		{ "matchIn": 20, "pattern":   328000, "baseWinCredits":    75                                                  },
		{ "matchIn": 20, "pattern":  4211716, "baseWinCredits":    75                                                  },
		{ "matchIn": 20, "pattern": 17825809, "baseWinCredits":    75                                                  },
		{ "matchIn": 20, "pattern":   131520, "baseWinCredits":    75                                                  },
		{ "matchIn": 20, "pattern":    10564, "baseWinCredits":    70                                                  },
		{ "matchIn": 20, "pattern":  4532224, "baseWinCredits":    70                                                  },
		{ "matchIn": 21, "pattern":       99, "baseWinCredits":    70                                                  },
		{ "matchIn": 21, "pattern":      792, "baseWinCredits":    70                                                  },
		{ "matchIn": 21, "pattern":  3244032, "baseWinCredits":    70                                                  },
		{ "matchIn": 21, "pattern": 25952256, "baseWinCredits":    70                                                  },
		{ "matchIn": 21, "pattern":     1063, "baseWinCredits":    65                                                  },
		{ "matchIn": 21, "pattern":    16924, "baseWinCredits":    65                                                  },
		{ "matchIn": 21, "pattern":  7373824, "baseWinCredits":    65                                                  },
		{ "matchIn": 21, "pattern": 29900800, "baseWinCredits":    65                                                  },
		{ "matchIn": 21, "pattern":  4328448, "baseWinCredits":    65                                                  },
		{ "matchIn": 21, "pattern":  4349952, "baseWinCredits":    65                                                  },
		{ "matchIn": 21, "pattern":     3204, "baseWinCredits":    65                                                  },
		{ "matchIn": 21, "pattern":    24708, "baseWinCredits":    65                                                  },
		{ "matchIn": 21, "pattern":  1115201, "baseWinCredits":    60                                                  },
		{ "matchIn": 21, "pattern": 17056016, "baseWinCredits":    60                                                  },
		{ "matchIn": 21, "pattern":      341, "baseWinCredits":    60                                                  },
		{ "matchIn": 21, "pattern": 22347776, "baseWinCredits":    60                                                  },
		{ "matchIn": 21, "pattern": 17039425, "baseWinCredits":    60                                                  },
		{ "matchIn": 21, "pattern":  1114384, "baseWinCredits":    60                                                  },
		{ "matchIn": 21, "pattern":   141440, "baseWinCredits":    60                                                  },
		{ "matchIn": 21, "pattern":   328000, "baseWinCredits":    60                                                  },
		{ "matchIn": 21, "pattern":  4211716, "baseWinCredits":    60                                                  },
		{ "matchIn": 21, "pattern": 17825809, "baseWinCredits":    60                                                  },
		{ "matchIn": 21, "pattern":   131520, "baseWinCredits":    60                                                  },
		{ "matchIn": 21, "pattern":    10564, "baseWinCredits":    60                                                  },
		{ "matchIn": 21, "pattern":  4532224, "baseWinCredits":    60                                                  },
		{ "matchIn": 22, "pattern":       99, "baseWinCredits":    60                                                  },
		{ "matchIn": 22, "pattern":      792, "baseWinCredits":    55                                                  },
		{ "matchIn": 22, "pattern":  3244032, "baseWinCredits":    55                                                  },
		{ "matchIn": 22, "pattern": 25952256, "baseWinCredits":    55                                                  },
		{ "matchIn": 22, "pattern":     1063, "baseWinCredits":    55                                                  },
		{ "matchIn": 22, "pattern":    16924, "baseWinCredits":    55                                                  },
		{ "matchIn": 22, "pattern":  7373824, "baseWinCredits":    55                                                  },
		{ "matchIn": 22, "pattern": 29900800, "baseWinCredits":    55                                                  },
		{ "matchIn": 22, "pattern":  4328448, "baseWinCredits":    55                                                  },
		{ "matchIn": 22, "pattern":  4349952, "baseWinCredits":    50                                                  },
		{ "matchIn": 22, "pattern":     3204, "baseWinCredits":    50                                                  },
		{ "matchIn": 22, "pattern":    24708, "baseWinCredits":    50                                                  },
		{ "matchIn": 22, "pattern":  1115201, "baseWinCredits":    50                                                  },
		{ "matchIn": 22, "pattern": 17056016, "baseWinCredits":    50                                                  },
		{ "matchIn": 22, "pattern":      341, "baseWinCredits":    50                                                  },
		{ "matchIn": 22, "pattern": 22347776, "baseWinCredits":    50                                                  },
		{ "matchIn": 22, "pattern": 17039425, "baseWinCredits":    50                                                  },
		{ "matchIn": 22, "pattern":  1114384, "baseWinCredits":    50                                                  },
		{ "matchIn": 22, "pattern":   141440, "baseWinCredits":    50                                                  },
		{ "matchIn": 22, "pattern":   328000, "baseWinCredits":    45                                                  },
		{ "matchIn": 22, "pattern":  4211716, "baseWinCredits":    45                                                  },
		{ "matchIn": 22, "pattern": 17825809, "baseWinCredits":    45                                                  },
		{ "matchIn": 22, "pattern":   131520, "baseWinCredits":    45                                                  },
		{ "matchIn": 22, "pattern":    10564, "baseWinCredits":    45                                                  },
		{ "matchIn": 22, "pattern":  4532224, "baseWinCredits":    45                                                  },
		{ "matchIn": 23, "pattern":       99, "baseWinCredits":    45                                                  },
		{ "matchIn": 23, "pattern":      792, "baseWinCredits":    45                                                  },
		{ "matchIn": 23, "pattern":  3244032, "baseWinCredits":    45                                                  },
		{ "matchIn": 23, "pattern": 25952256, "baseWinCredits":    40                                                  },
		{ "matchIn": 23, "pattern":     1063, "baseWinCredits":    40                                                  },
		{ "matchIn": 23, "pattern":    16924, "baseWinCredits":    40                                                  },
		{ "matchIn": 23, "pattern":  7373824, "baseWinCredits":    40                                                  },
		{ "matchIn": 23, "pattern": 29900800, "baseWinCredits":    40                                                  },
		{ "matchIn": 23, "pattern":  4328448, "baseWinCredits":    40                                                  },
		{ "matchIn": 23, "pattern":  4349952, "baseWinCredits":    40                                                  },
		{ "matchIn": 23, "pattern":     3204, "baseWinCredits":    40                                                  },
		{ "matchIn": 23, "pattern":    24708, "baseWinCredits":    40                                                  },
		{ "matchIn": 23, "pattern":  1115201, "baseWinCredits":    40                                                  },
		{ "matchIn": 23, "pattern": 17056016, "baseWinCredits":    40                                                  },
		{ "matchIn": 23, "pattern":      341, "baseWinCredits":    40                                                  },
		{ "matchIn": 23, "pattern": 22347776, "baseWinCredits":    40                                                  },
		{ "matchIn": 23, "pattern": 17039425, "baseWinCredits":    40                                                  },
		{ "matchIn": 23, "pattern":  1114384, "baseWinCredits":    40                                                  },
		{ "matchIn": 23, "pattern":   141440, "baseWinCredits":    40                                                  },
		{ "matchIn": 23, "pattern":   328000, "baseWinCredits":    40                                                  },
		{ "matchIn": 23, "pattern":  4211716, "baseWinCredits":    40                                                  },
		{ "matchIn": 23, "pattern": 17825809, "baseWinCredits":    40                                                  },
		{ "matchIn": 23, "pattern":   131520, "baseWinCredits":    40                                                  },
		{ "matchIn": 23, "pattern":    10564, "baseWinCredits":    35                                                  },
		{ "matchIn": 23, "pattern":  4532224, "baseWinCredits":    35                                                  },
		{ "matchIn": 24, "pattern":       99, "baseWinCredits":    35                                                  },
		{ "matchIn": 24, "pattern":      792, "baseWinCredits":    35                                                  },
		{ "matchIn": 24, "pattern":  3244032, "baseWinCredits":    35                                                  },
		{ "matchIn": 24, "pattern": 25952256, "baseWinCredits":    35                                                  },
		{ "matchIn": 24, "pattern":     1063, "baseWinCredits":    35                                                  },
		{ "matchIn": 24, "pattern":    16924, "baseWinCredits":    35                                                  },
		{ "matchIn": 24, "pattern":  7373824, "baseWinCredits":    35                                                  },
		{ "matchIn": 24, "pattern": 29900800, "baseWinCredits":    35                                                  },
		{ "matchIn": 24, "pattern":  4328448, "baseWinCredits":    35                                                  },
		{ "matchIn": 24, "pattern":  4349952, "baseWinCredits":    35                                                  },
		{ "matchIn": 24, "pattern":     3204, "baseWinCredits":    35                                                  },
		{ "matchIn": 24, "pattern":    24708, "baseWinCredits":    35                                                  },
		{ "matchIn": 24, "pattern":  1115201, "baseWinCredits":    35                                                  },
		{ "matchIn": 24, "pattern": 17056016, "baseWinCredits":    35                                                  },
		{ "matchIn": 24, "pattern":      341, "baseWinCredits":    35                                                  },
		{ "matchIn": 24, "pattern": 22347776, "baseWinCredits":    35                                                  },
		{ "matchIn": 24, "pattern": 17039425, "baseWinCredits":    30                                                  },
		{ "matchIn": 24, "pattern":  1114384, "baseWinCredits":    30                                                  },
		{ "matchIn": 24, "pattern":   141440, "baseWinCredits":    30                                                  },
		{ "matchIn": 24, "pattern":   328000, "baseWinCredits":    30                                                  },
		{ "matchIn": 24, "pattern":  4211716, "baseWinCredits":    30                                                  },
		{ "matchIn": 24, "pattern": 17825809, "baseWinCredits":    30                                                  },
		{ "matchIn": 24, "pattern":   131520, "baseWinCredits":    30                                                  },
		{ "matchIn": 24, "pattern":    10564, "baseWinCredits":    30                                                  },
		{ "matchIn": 24, "pattern":  4532224, "baseWinCredits":    30                                                  },
		{ "matchIn": 25, "pattern":       99, "baseWinCredits":    30                                                  },
		{ "matchIn": 25, "pattern":      792, "baseWinCredits":    30                                                  },
		{ "matchIn": 25, "pattern":  3244032, "baseWinCredits":    30                                                  },
		{ "matchIn": 25, "pattern": 25952256, "baseWinCredits":    30                                                  },
		{ "matchIn": 25, "pattern":     1063, "baseWinCredits":    30                                                  },
		{ "matchIn": 25, "pattern":    16924, "baseWinCredits":    30                                                  },
		{ "matchIn": 25, "pattern":  7373824, "baseWinCredits":    30                                                  },
		{ "matchIn": 25, "pattern": 29900800, "baseWinCredits":    30                                                  },
		{ "matchIn": 25, "pattern":  4328448, "baseWinCredits":    30                                                  },
		{ "matchIn": 25, "pattern":  4349952, "baseWinCredits":    30                                                  },
		{ "matchIn": 25, "pattern":     3204, "baseWinCredits":    30                                                  },
		{ "matchIn": 25, "pattern":    24708, "baseWinCredits":    30                                                  },
		{ "matchIn": 25, "pattern":  1115201, "baseWinCredits":    30                                                  },
		{ "matchIn": 25, "pattern": 17056016, "baseWinCredits":    30                                                  },
		{ "matchIn": 25, "pattern":      341, "baseWinCredits":    30                                                  },
		{ "matchIn": 25, "pattern": 22347776, "baseWinCredits":    30                                                  },
		{ "matchIn": 25, "pattern": 17039425, "baseWinCredits":    30                                                  },
		{ "matchIn": 25, "pattern":  1114384, "baseWinCredits":    25                                                  },
		{ "matchIn": 25, "pattern":   141440, "baseWinCredits":    25                                                  },
		{ "matchIn": 25, "pattern":   328000, "baseWinCredits":    25                                                  },
		{ "matchIn": 25, "pattern":  4211716, "baseWinCredits":    25                                                  },
		{ "matchIn": 25, "pattern": 17825809, "baseWinCredits":    25                                                  },
		{ "matchIn": 25, "pattern":   131520, "baseWinCredits":    25                                                  },
		{ "matchIn": 25, "pattern":    10564, "baseWinCredits":    25                                                  },
		{ "matchIn": 25, "pattern":  4532224, "baseWinCredits":    25                                                  },
		{ "matchIn": 26, "pattern":       99, "baseWinCredits":    25                                                  },
		{ "matchIn": 26, "pattern":      792, "baseWinCredits":    25                                                  },
		{ "matchIn": 26, "pattern":  3244032, "baseWinCredits":    25                                                  },
		{ "matchIn": 26, "pattern": 25952256, "baseWinCredits":    25                                                  },
		{ "matchIn": 26, "pattern":     1063, "baseWinCredits":    25                                                  },
		{ "matchIn": 26, "pattern":    16924, "baseWinCredits":    25                                                  },
		{ "matchIn": 26, "pattern":  7373824, "baseWinCredits":    25                                                  },
		{ "matchIn": 26, "pattern": 29900800, "baseWinCredits":    25                                                  },
		{ "matchIn": 26, "pattern":  4328448, "baseWinCredits":    25                                                  },
		{ "matchIn": 26, "pattern":  4349952, "baseWinCredits":    25                                                  },
		{ "matchIn": 26, "pattern":     3204, "baseWinCredits":    22                                                  },
		{ "matchIn": 26, "pattern":    24708, "baseWinCredits":    20                                                  },
		{ "matchIn": 26, "pattern":  1115201, "baseWinCredits":    20                                                  },
		{ "matchIn": 26, "pattern": 17056016, "baseWinCredits":    20                                                  },
		{ "matchIn": 26, "pattern":      341, "baseWinCredits":    20                                                  },
		{ "matchIn": 26, "pattern": 22347776, "baseWinCredits":    20                                                  },
		{ "matchIn": 26, "pattern": 17039425, "baseWinCredits":    20                                                  },
		{ "matchIn": 26, "pattern":  1114384, "baseWinCredits":    20                                                  },
		{ "matchIn": 26, "pattern":   141440, "baseWinCredits":    20                                                  },
		{ "matchIn": 26, "pattern":   328000, "baseWinCredits":    20                                                  },
		{ "matchIn": 26, "pattern":  4211716, "baseWinCredits":    20                                                  },
		{ "matchIn": 26, "pattern": 17825809, "baseWinCredits":    20                                                  },
		{ "matchIn": 26, "pattern":   131520, "baseWinCredits":    20                                                  },
		{ "matchIn": 26, "pattern":    10564, "baseWinCredits":    20                                                  },
		{ "matchIn": 26, "pattern":  4532224, "baseWinCredits":    20                                                  },
		{ "matchIn": 27, "pattern":       99, "baseWinCredits":    20                                                  },
		{ "matchIn": 27, "pattern":      792, "baseWinCredits":    20                                                  },
		{ "matchIn": 27, "pattern":  3244032, "baseWinCredits":    20                                                  },
		{ "matchIn": 27, "pattern": 25952256, "baseWinCredits":    20                                                  },
		{ "matchIn": 27, "pattern":     1063, "baseWinCredits":    20                                                  },
		{ "matchIn": 27, "pattern":    16924, "baseWinCredits":    20                                                  },
		{ "matchIn": 27, "pattern":  7373824, "baseWinCredits":    20                                                  },
		{ "matchIn": 27, "pattern": 29900800, "baseWinCredits":    20                                                  },
		{ "matchIn": 27, "pattern":  4328448, "baseWinCredits":    20                                                  },
		{ "matchIn": 27, "pattern":  4349952, "baseWinCredits":    20                                                  },
		{ "matchIn": 27, "pattern":     3204, "baseWinCredits":    20                                                  },
		{ "matchIn": 27, "pattern":    24708, "baseWinCredits":    20                                                  },
		{ "matchIn": 27, "pattern":  1115201, "baseWinCredits":    20                                                  },
		{ "matchIn": 27, "pattern": 17056016, "baseWinCredits":    20                                                  },
		{ "matchIn": 27, "pattern":      341, "baseWinCredits":    20                                                  },
		{ "matchIn": 27, "pattern": 22347776, "baseWinCredits":    20                                                  },
		{ "matchIn": 27, "pattern": 17039425, "baseWinCredits":    20                                                  },
		{ "matchIn": 27, "pattern":  1114384, "baseWinCredits":    20                                                  },
		{ "matchIn": 27, "pattern":   141440, "baseWinCredits":    20                                                  },
		{ "matchIn": 27, "pattern":   328000, "baseWinCredits":    20                                                  },
		{ "matchIn": 27, "pattern":  4211716, "baseWinCredits":    20                                                  },
		{ "matchIn": 27, "pattern": 17825809, "baseWinCredits":    20                                                  },
		{ "matchIn": 27, "pattern":   131520, "baseWinCredits":    20                                                  },
		{ "matchIn": 27, "pattern":    10564, "baseWinCredits":    20                                                  },
		{ "matchIn": 27, "pattern":  4532224, "baseWinCredits":    20                                                  },
		{ "matchIn": 28, "pattern":       99, "baseWinCredits":    20                                                  },
		{ "matchIn": 28, "pattern":      792, "baseWinCredits":    15                                                  },
		{ "matchIn": 28, "pattern":  3244032, "baseWinCredits":    15                                                  },
		{ "matchIn": 28, "pattern": 25952256, "baseWinCredits":    15                                                  },
		{ "matchIn": 28, "pattern":     1063, "baseWinCredits":    15                                                  },
		{ "matchIn": 28, "pattern":    16924, "baseWinCredits":    15                                                  },
		{ "matchIn": 28, "pattern":  7373824, "baseWinCredits":    15                                                  },
		{ "matchIn": 28, "pattern": 29900800, "baseWinCredits":    15                                                  },
		{ "matchIn": 28, "pattern":  4328448, "baseWinCredits":    15                                                  },
		{ "matchIn": 28, "pattern":  4349952, "baseWinCredits":    15                                                  },
		{ "matchIn": 28, "pattern":     3204, "baseWinCredits":    15                                                  },
		{ "matchIn": 28, "pattern":    24708, "baseWinCredits":    15                                                  },
		{ "matchIn": 28, "pattern":  1115201, "baseWinCredits":    15                                                  },
		{ "matchIn": 28, "pattern": 17056016, "baseWinCredits":    15                                                  },
		{ "matchIn": 28, "pattern":      341, "baseWinCredits":    15                                                  },
		{ "matchIn": 28, "pattern": 22347776, "baseWinCredits":    15                                                  },
		{ "matchIn": 28, "pattern": 17039425, "baseWinCredits":    15                                                  },
		{ "matchIn": 28, "pattern":  1114384, "baseWinCredits":    15                                                  },
		{ "matchIn": 28, "pattern":   141440, "baseWinCredits":    15                                                  },
		{ "matchIn": 28, "pattern":   328000, "baseWinCredits":    15                                                  },
		{ "matchIn": 28, "pattern":  4211716, "baseWinCredits":    15                                                  },
		{ "matchIn": 28, "pattern": 17825809, "baseWinCredits":    15                                                  },
		{ "matchIn": 28, "pattern":   131520, "baseWinCredits":    15                                                  },
		{ "matchIn": 28, "pattern":    10564, "baseWinCredits":    15                                                  },
		{ "matchIn": 28, "pattern":  4532224, "baseWinCredits":    15                                                  },
		{ "matchIn": 29, "pattern":       99, "baseWinCredits":    15                                                  },
		{ "matchIn": 29, "pattern":      792, "baseWinCredits":    12                                                  },
		{ "matchIn": 29, "pattern":  3244032, "baseWinCredits":    11                                                  },
		{ "matchIn": 29, "pattern": 25952256, "baseWinCredits":    11                                                  },
		{ "matchIn": 29, "pattern":     1063, "baseWinCredits":    10                                                  },
		{ "matchIn": 29, "pattern":    16924, "baseWinCredits":    10                                                  },
		{ "matchIn": 29, "pattern":  7373824, "baseWinCredits":    10                                                  },
		{ "matchIn": 29, "pattern": 29900800, "baseWinCredits":    10                                                  },
		{ "matchIn": 29, "pattern":  4328448, "baseWinCredits":    10                                                  },
		{ "matchIn": 29, "pattern":  4349952, "baseWinCredits":    10                                                  },
		{ "matchIn": 29, "pattern":     3204, "baseWinCredits":    10                                                  },
		{ "matchIn": 29, "pattern":    24708, "baseWinCredits":    50, "bonusGamesAwarded":  5                         },
		{ "matchIn": 29, "pattern":  1115201, "baseWinCredits":    10                                                  },
		{ "matchIn": 29, "pattern": 17056016, "baseWinCredits":    10                                                  },
		{ "matchIn": 29, "pattern":      341, "baseWinCredits":    10                                                  },
		{ "matchIn": 29, "pattern": 22347776, "baseWinCredits":    10                                                  },
		{ "matchIn": 29, "pattern": 17039425, "baseWinCredits":    10                                                  },
		{ "matchIn": 29, "pattern":  1114384, "baseWinCredits":    10                                                  },
		{ "matchIn": 29, "pattern":   141440, "baseWinCredits":    10                                                  },
		{ "matchIn": 29, "pattern":   328000, "baseWinCredits":    10                                                  },
		{ "matchIn": 29, "pattern":  4211716, "baseWinCredits":    10                                                  },
		{ "matchIn": 29, "pattern": 17825809, "baseWinCredits":    10                                                  },
		{ "matchIn": 29, "pattern":   131520, "baseWinCredits":    10                                                  },
		{ "matchIn": 29, "pattern":    10564, "baseWinCredits":    10                                                  },
		{ "matchIn": 29, "pattern":  4532224, "baseWinCredits":    10                                                  },
		{ "matchIn": 30, "pattern":       99, "baseWinCredits":    10                                                  },
		{ "matchIn": 30, "pattern":      792, "baseWinCredits":    10                                                  },
		{ "matchIn": 30, "pattern":  3244032, "baseWinCredits":    10                                                  },
		{ "matchIn": 30, "pattern": 25952256, "baseWinCredits":    10                                                  },
		{ "matchIn": 30, "pattern":     1063, "baseWinCredits":    10                                                  },
		{ "matchIn": 30, "pattern":    16924, "baseWinCredits":    10                                                  },
		{ "matchIn": 30, "pattern":  7373824, "baseWinCredits":    10                                                  },
		{ "matchIn": 30, "pattern": 29900800, "baseWinCredits":    10                                                  },
		{ "matchIn": 30, "pattern":  4328448, "baseWinCredits":    10                                                  },
		{ "matchIn": 30, "pattern":  4349952, "baseWinCredits":    10                                                  },
		{ "matchIn": 30, "pattern":     3204, "baseWinCredits":    10                                                  },
		{ "matchIn": 30, "pattern":    24708, "baseWinCredits":    10                                                  },
		{ "matchIn": 30, "pattern":  1115201, "baseWinCredits":    10                                                  },
		{ "matchIn": 30, "pattern": 17056016, "baseWinCredits":    10                                                  },
		{ "matchIn": 30, "pattern":      341, "baseWinCredits":    10                                                  },
		{ "matchIn": 30, "pattern": 22347776, "baseWinCredits":    10                                                  },
		{ "matchIn": 30, "pattern": 17039425, "baseWinCredits":    10                                                  },
		{ "matchIn": 30, "pattern":  1114384, "baseWinCredits":    10                                                  },
		{ "matchIn": 30, "pattern":   141440, "baseWinCredits":    10                                                  },
		{ "matchIn": 30, "pattern":   328000, "baseWinCredits":    10                                                  },
		{ "matchIn": 30, "pattern":  4211716, "baseWinCredits":    10                                                  },
		{ "matchIn": 30, "pattern": 17825809, "baseWinCredits":    10                                                  },
		{ "matchIn": 30, "pattern":   131520, "baseWinCredits":    10                                                  },
		{ "matchIn": 30, "pattern":    10564, "baseWinCredits":    10                                                  },
		{ "matchIn": 30, "pattern":  4532224, "baseWinCredits":    10                                                  },
		{ "matchIn": 31, "pattern":       99, "baseWinCredits":    10                                                  },
		{ "matchIn": 31, "pattern":      792, "baseWinCredits":    10                                                  },
		{ "matchIn": 31, "pattern":  3244032, "baseWinCredits":    10                                                  },
		{ "matchIn": 31, "pattern": 25952256, "baseWinCredits":    10                                                  },
		{ "matchIn": 31, "pattern":     1063, "baseWinCredits":    10                                                  },
		{ "matchIn": 31, "pattern":    16924, "baseWinCredits":     9                                                  },
		{ "matchIn": 31, "pattern":  7373824, "baseWinCredits":     9                                                  },
		{ "matchIn": 31, "pattern": 29900800, "baseWinCredits":     8                                                  },
		{ "matchIn": 31, "pattern":  4328448, "baseWinCredits":     7                                                  },
		{ "matchIn": 31, "pattern":  4349952, "baseWinCredits":     7                                                  },
		{ "matchIn": 31, "pattern":     3204, "baseWinCredits":     6                                                  },
		{ "matchIn": 31, "pattern":    24708, "baseWinCredits":     5                                                  },
		{ "matchIn": 31, "pattern":  1115201, "baseWinCredits":     5                                                  },
		{ "matchIn": 31, "pattern": 17056016, "baseWinCredits":     5                                                  },
		{ "matchIn": 31, "pattern":      341, "baseWinCredits":     5                                                  },
		{ "matchIn": 31, "pattern": 22347776, "baseWinCredits":     5                                                  },
		{ "matchIn": 31, "pattern": 17039425, "baseWinCredits":     5                                                  },
		{ "matchIn": 31, "pattern":  1114384, "baseWinCredits":     5                                                  },
		{ "matchIn": 31, "pattern":   141440, "baseWinCredits":     5                                                  },
		{ "matchIn": 31, "pattern":   328000, "baseWinCredits":     5                                                  },
		{ "matchIn": 31, "pattern":  4211716, "baseWinCredits":     5                                                  },
		{ "matchIn": 31, "pattern": 17825809, "baseWinCredits":     5                                                  },
		{ "matchIn": 31, "pattern":   131520, "baseWinCredits":     5                                                  },
		{ "matchIn": 31, "pattern":    10564, "baseWinCredits":     5                                                  },
		{ "matchIn": 31, "pattern":  4532224, "baseWinCredits":     5                                                  },
		{ "matchIn": 32, "pattern":       99, "baseWinCredits":     5                                                  },
		{ "matchIn": 32, "pattern":      792, "baseWinCredits":     5                                                  },
		{ "matchIn": 32, "pattern":  3244032, "baseWinCredits":     5                                                  },
		{ "matchIn": 32, "pattern": 25952256, "baseWinCredits":     5                                                  },
		{ "matchIn": 32, "pattern":     1063, "baseWinCredits":     5                                                  },
		{ "matchIn": 32, "pattern":    16924, "baseWinCredits":     5                                                  },
		{ "matchIn": 32, "pattern":  7373824, "baseWinCredits":     5                                                  },
		{ "matchIn": 32, "pattern": 29900800, "baseWinCredits":     5                                                  },
		{ "matchIn": 32, "pattern":  4328448, "baseWinCredits":     5                                                  },
		{ "matchIn": 32, "pattern":  4349952, "baseWinCredits":     5                                                  },
		{ "matchIn": 32, "pattern":     3204, "baseWinCredits":     5                                                  },
		{ "matchIn": 32, "pattern":    24708, "baseWinCredits":     5                                                  },
		{ "matchIn": 32, "pattern":  1115201, "baseWinCredits":     5                                                  },
		{ "matchIn": 32, "pattern": 17056016, "baseWinCredits":     5                                                  },
		{ "matchIn": 32, "pattern":      341, "baseWinCredits":     5                                                  },
		{ "matchIn": 32, "pattern": 22347776, "baseWinCredits":     5                                                  },
		{ "matchIn": 32, "pattern": 17039425, "baseWinCredits":     5                                                  },
		{ "matchIn": 32, "pattern":  1114384, "baseWinCredits":     5                                                  },
		{ "matchIn": 32, "pattern":   141440, "baseWinCredits":     5                                                  },
		{ "matchIn": 32, "pattern":   328000, "baseWinCredits":     5                                                  },
		{ "matchIn": 32, "pattern":  4211716, "baseWinCredits":     5                                                  },
		{ "matchIn": 32, "pattern": 17825809, "baseWinCredits":     5                                                  },
		{ "matchIn": 32, "pattern":   131520, "baseWinCredits":     5                                                  },
		{ "matchIn": 32, "pattern":    10564, "baseWinCredits":     5                                                  },
		{ "matchIn": 32, "pattern":  4532224, "baseWinCredits":     5                                                  },
		{ "matchIn": 33, "pattern":       99, "baseWinCredits":    25, "bonusGamesAwarded":  5                         },
		{ "matchIn": 33, "pattern":      792, "baseWinCredits":     5                                                  },
		{ "matchIn": 33, "pattern":  3244032, "baseWinCredits":     5                                                  },
		{ "matchIn": 33, "pattern": 25952256, "baseWinCredits":     5                                                  },
		{ "matchIn": 33, "pattern":     1063, "baseWinCredits":     5                                                  },
		{ "matchIn": 33, "pattern":    16924, "baseWinCredits":     5                                                  },
		{ "matchIn": 33, "pattern":  7373824, "baseWinCredits":     5                                                  },
		{ "matchIn": 33, "pattern": 29900800, "baseWinCredits":     5                                                  },
		{ "matchIn": 33, "pattern":  4328448, "baseWinCredits":     5                                                  },
		{ "matchIn": 33, "pattern":  4349952, "baseWinCredits":     5                                                  },
		{ "matchIn": 33, "pattern":     3204, "baseWinCredits":     5                                                  },
		{ "matchIn": 33, "pattern":    24708, "baseWinCredits":     5                                                  },
		{ "matchIn": 33, "pattern":  1115201, "baseWinCredits":     5                                                  },
		{ "matchIn": 33, "pattern": 17056016, "baseWinCredits":     5                                                  },
		{ "matchIn": 33, "pattern":      341, "baseWinCredits":     5                                                  },
		{ "matchIn": 33, "pattern": 22347776, "baseWinCredits":     5                                                  },
		{ "matchIn": 33, "pattern": 17039425, "baseWinCredits":     5                                                  },
		{ "matchIn": 33, "pattern":  1114384, "baseWinCredits":     5                                                  },
		{ "matchIn": 33, "pattern":   141440, "baseWinCredits":     5                                                  },
		{ "matchIn": 33, "pattern":   328000, "baseWinCredits":     5                                                  },
		{ "matchIn": 33, "pattern":  4211716, "baseWinCredits":     5                                                  },
		{ "matchIn": 33, "pattern": 17825809, "baseWinCredits":     5                                                  },
		{ "matchIn": 33, "pattern":   131520, "baseWinCredits":     5                                                  },
		{ "matchIn": 33, "pattern":    10564, "baseWinCredits":     5                                                  },
		{ "matchIn": 33, "pattern":  4532224, "baseWinCredits":     5                                                  },
		{ "matchIn": 34, "pattern":       99, "baseWinCredits":     5                                                  },
		{ "matchIn": 34, "pattern":      792, "baseWinCredits":     4                                                  },
		{ "matchIn": 37, "pattern":  3244032, "baseWinCredits":    25, "bonusGamesAwarded":  5                         },
		{ "matchIn": 37, "pattern": 25952256, "baseWinCredits":    25, "bonusGamesAwarded":  5                         },
		{ "matchIn": 38, "pattern":  3244032, "baseWinCredits":    25, "bonusGamesAwarded":  5                         },
		{ "matchIn": 38, "pattern": 25952256, "baseWinCredits":    25, "bonusGamesAwarded":  5                         },
		{ "matchIn": 39, "pattern":  3244032, "baseWinCredits":    25, "bonusGamesAwarded":  5                         },
		{ "matchIn": 39, "pattern": 25952256, "baseWinCredits":    25, "bonusGamesAwarded":  5                         },
		{ "matchIn": 40, "pattern":  3244032, "baseWinCredits":    50, "bonusGamesAwarded": 10                         },
		{ "matchIn": 44, "pattern":    10564, "baseWinCredits":   500, "bonusGamesAwarded": 20                         },
		{ "matchIn": 48, "pattern":  4211716, "baseWinCredits":    75, "bonusGamesAwarded":  5                         },
		{ "matchIn": 49, "pattern":   328000, "baseWinCredits":    50, "bonusGamesAwarded": 10                         },
		{ "matchIn": 50, "pattern": 17825809, "baseWinCredits":   100, "bonusGamesAwarded":  5                         },
		{ "matchIn": 54, "pattern": 22347776, "baseWinCredits":   300, "bonusGamesAwarded":  5                         },
		{ "matchIn": 56, "pattern":     3204, "baseWinCredits":   150, "bonusGamesAwarded":  5                         },
		{ "matchIn": 57, "pattern": 17825809, "baseWinCredits":   200, "bonusGamesAwarded":  5                         },
		{ "matchIn": 59, "pattern":  7373824, "baseWinCredits":   100, "bonusGamesAwarded": 10                         },
		{ "matchIn": 61, "pattern": 22347776, "baseWinCredits":   300, "bonusGamesAwarded": 10                         },
		{ "matchIn": 63, "pattern":     3204, "baseWinCredits":   200, "bonusGamesAwarded": 10                         },
		{ "matchIn": 63, "pattern":  1115201, "baseWinCredits":   250, "bonusGamesAwarded": 10                         },
		{ "matchIn": 63, "pattern": 17039425, "baseWinCredits":    25, "bonusGamesAwarded":  5                         },
		{ "matchIn": 64, "pattern": 22347776, "baseWinCredits":   150, "bonusGamesAwarded":  5                         },
		{ "matchIn": 64, "pattern": 17039425, "baseWinCredits":   500, "bonusGamesAwarded": 20                         },
		{ "matchIn": 64, "pattern":  1114384, "baseWinCredits":    75, "bonusGamesAwarded":  5                         },
		{ "matchIn": 64, "pattern":    10564, "baseWinCredits":   100, "bonusGamesAwarded":  5                         },
		{ "matchIn": 65, "pattern":  4349952, "baseWinCredits":    50, "bonusGamesAwarded":  5                         },
		{ "matchIn": 65, "pattern": 22347776, "baseWinCredits":    50, "bonusGamesAwarded": 10                         },
		{ "matchIn": 65, "pattern":    10564, "baseWinCredits":   300, "bonusGamesAwarded":  5                         },
		{ "matchIn": 66, "pattern": 17039425, "baseWinCredits":  1000, "bonusGamesAwarded": 20                         },
		{ "matchIn": 66, "pattern":  4211716, "baseWinCredits":   250, "bonusGamesAwarded":  5                         },
		{ "matchIn": 66, "pattern":    10564, "baseWinCredits":     0,                          "progressivesWon": [2] },
		{ "matchIn": 67, "pattern":     1063, "baseWinCredits":   200, "bonusGamesAwarded":  5                         },
		{ "matchIn": 67, "pattern": 29900800, "baseWinCredits":    75, "bonusGamesAwarded": 10                         },
		{ "matchIn": 67, "pattern": 17039425, "baseWinCredits":    75, "bonusGamesAwarded":  5                         },
		{ "matchIn": 67, "pattern":  1114384, "baseWinCredits":  1000, "bonusGamesAwarded": 60                         },
		{ "matchIn": 67, "pattern":   328000, "baseWinCredits":    25, "bonusGamesAwarded":  5                         },
		{ "matchIn": 67, "pattern":  4211716, "baseWinCredits":   200, "bonusGamesAwarded":  5                         },
		{ "matchIn": 67, "pattern": 17825809, "baseWinCredits":   100, "bonusGamesAwarded":  5                         },
		{ "matchIn": 67, "pattern":   131520, "baseWinCredits":   150, "bonusGamesAwarded":  5                         },
		{ "matchIn": 68, "pattern":     1063, "baseWinCredits":   100, "bonusGamesAwarded": 10                         },
		{ "matchIn": 68, "pattern":  7373824, "baseWinCredits":   500, "bonusGamesAwarded": 20                         },
		{ "matchIn": 68, "pattern":  4211716, "baseWinCredits":     0,                          "progressivesWon": [1] },
		{ "matchIn": 68, "pattern": 17825809, "baseWinCredits":   100, "bonusGamesAwarded": 10                         },
		{ "matchIn": 68, "pattern":    10564, "baseWinCredits":   150, "bonusGamesAwarded": 10                         },
		{ "matchIn": 69, "pattern":     1063, "baseWinCredits":    50, "bonusGamesAwarded":  5                         },
		{ "matchIn": 69, "pattern":  4328448, "baseWinCredits":   200, "bonusGamesAwarded": 10                         },
		{ "matchIn": 69, "pattern":    24708, "baseWinCredits":     0,                          "progressivesWon": [2] },
		{ "matchIn": 69, "pattern":  1115201, "baseWinCredits":  1000, "bonusGamesAwarded": 20                         },
		{ "matchIn": 69, "pattern": 17056016, "baseWinCredits":    75, "bonusGamesAwarded": 10                         },
		{ "matchIn": 69, "pattern": 17039425, "baseWinCredits":   200, "bonusGamesAwarded": 10                         },
		{ "matchIn": 69, "pattern":  1114384, "baseWinCredits":    75, "bonusGamesAwarded":  5                         },
		{ "matchIn": 69, "pattern":   141440, "baseWinCredits":   300, "bonusGamesAwarded": 10                         },
		{ "matchIn": 69, "pattern":   131520, "baseWinCredits":   150, "bonusGamesAwarded": 10                         },
		{ "matchIn": 69, "pattern":    10564, "baseWinCredits":    50, "bonusGamesAwarded": 10                         },
		{ "matchIn": 69, "pattern":  4532224, "baseWinCredits":   300, "bonusGamesAwarded":  5                         }
	]
}
