{
	"configuration": {
		"tableType": "Bingo",
		"formatVersion": "1.2",
		"name": "BonusWheelWildMults",
		"tableName": "main",
		"lines": 25,
		"percentage": 98,
		"baseBet": 0,
		"betLevelGroups": {
			"1" : [1, 2, 3, 4, 5, 6, 7],
			"2" : [1, 2, 3, 4, 5, 6, 7],
			"5" : [1, 2, 3, 4, 5, 6, 7],
			"10": [1, 2, 3, 4, 5, 6, 7],
			"25": [1, 2, 3, 4, 5, 6, 7]
		},
		"entries": 696,
		"progressiveBases": {
			"1": {"valueCredits": 150000}
		},
		"version": 1
	},
	"entries": [
		{"matchIn":  4, "pattern":       99, "baseWinCredits":  752                         },
		{"matchIn":  4, "pattern":      792, "baseWinCredits": 1000, "bonusGamesAwarded": 30},
		{"matchIn":  4, "pattern":  3244032, "baseWinCredits": 1000, "bonusGamesAwarded": 30},
		{"matchIn":  4, "pattern": 25952256, "baseWinCredits": 1000, "bonusGamesAwarded": 30},
		{"matchIn":  4, "pattern":  4328448, "baseWinCredits": 1000, "bonusGamesAwarded": 30},
		{"matchIn":  4, "pattern":  4349952, "baseWinCredits": 1000, "bonusGamesAwarded": 30},
		{"matchIn":  4, "pattern":     3204, "baseWinCredits": 1000, "bonusGamesAwarded": 30},
		{"matchIn":  4, "pattern":    24708, "baseWinCredits": 1000, "bonusGamesAwarded": 30},
		{"matchIn":  4, "pattern": 17039425, "baseWinCredits": 1000, "bonusGamesAwarded": 30},
		{"matchIn":  4, "pattern":  1114384, "baseWinCredits": 1000, "bonusGamesAwarded": 30},
		{"matchIn":  4, "pattern":   141440, "baseWinCredits": 1000, "bonusGamesAwarded": 30},
		{"matchIn":  4, "pattern":   328000, "baseWinCredits": 1000, "bonusGamesAwarded": 30},
		{"matchIn":  4, "pattern":  4211716, "baseWinCredits": 1000, "bonusGamesAwarded": 30},
		{"matchIn":  4, "pattern": 17825809, "baseWinCredits": 1000, "bonusGamesAwarded": 30},
		{"matchIn":  4, "pattern":   131520, "baseWinCredits": 1000, "bonusGamesAwarded": 30},
		{"matchIn":  5, "pattern":       99, "baseWinCredits": 1000, "bonusGamesAwarded": 30},
		{"matchIn":  5, "pattern":      792, "baseWinCredits": 1000, "bonusGamesAwarded": 30},
		{"matchIn":  5, "pattern":  3244032, "baseWinCredits": 1000, "bonusGamesAwarded": 30},
		{"matchIn":  5, "pattern": 25952256, "baseWinCredits": 1000, "bonusGamesAwarded": 30},
		{"matchIn":  5, "pattern":     1063, "baseWinCredits": 1000, "bonusGamesAwarded": 30},
		{"matchIn":  5, "pattern":    16924, "baseWinCredits": 1000, "bonusGamesAwarded": 30},
		{"matchIn":  5, "pattern":  7373824, "baseWinCredits": 1000, "bonusGamesAwarded": 30},
		{"matchIn":  5, "pattern": 29900800, "baseWinCredits": 1000, "bonusGamesAwarded": 30},
		{"matchIn":  5, "pattern":  4328448, "baseWinCredits":  500, "bonusGamesAwarded": 15},
		{"matchIn":  5, "pattern":  4349952, "baseWinCredits":  500, "bonusGamesAwarded": 15},
		{"matchIn":  5, "pattern":     3204, "baseWinCredits":  500, "bonusGamesAwarded": 15},
		{"matchIn":  5, "pattern":    24708, "baseWinCredits":  500, "bonusGamesAwarded": 15},
		{"matchIn":  5, "pattern":  1115201, "baseWinCredits":  500, "bonusGamesAwarded": 15},
		{"matchIn":  5, "pattern": 17056016, "baseWinCredits":  500, "bonusGamesAwarded": 15},
		{"matchIn":  5, "pattern":      341, "baseWinCredits":  500, "bonusGamesAwarded": 15},
		{"matchIn":  5, "pattern": 22347776, "baseWinCredits":  500, "bonusGamesAwarded": 15},
		{"matchIn":  5, "pattern": 17039425, "baseWinCredits":  500, "bonusGamesAwarded": 15},
		{"matchIn":  5, "pattern":  1114384, "baseWinCredits":  500, "bonusGamesAwarded": 15},
		{"matchIn":  5, "pattern":   141440, "baseWinCredits":  500, "bonusGamesAwarded": 15},
		{"matchIn":  5, "pattern":   328000, "baseWinCredits":  500, "bonusGamesAwarded": 15},
		{"matchIn":  5, "pattern":  4211716, "baseWinCredits":  500, "bonusGamesAwarded": 15},
		{"matchIn":  5, "pattern": 17825809, "baseWinCredits":  500, "bonusGamesAwarded": 15},
		{"matchIn":  5, "pattern":   131520, "baseWinCredits":  500, "bonusGamesAwarded": 15},
		{"matchIn":  5, "pattern":    10564, "baseWinCredits":  500, "bonusGamesAwarded": 15},
		{"matchIn":  5, "pattern":  4532224, "baseWinCredits":  500, "bonusGamesAwarded": 15},
		{"matchIn":  6, "pattern":       99, "baseWinCredits":  500, "bonusGamesAwarded": 15},
		{"matchIn":  6, "pattern":      792, "baseWinCredits":  500, "bonusGamesAwarded": 15},
		{"matchIn":  6, "pattern":  3244032, "baseWinCredits":  500, "bonusGamesAwarded": 15},
		{"matchIn":  6, "pattern": 25952256, "baseWinCredits":  500, "bonusGamesAwarded": 15},
		{"matchIn":  6, "pattern":     1063, "baseWinCredits":  500, "bonusGamesAwarded": 15},
		{"matchIn":  6, "pattern":    16924, "baseWinCredits":  500, "bonusGamesAwarded": 15},
		{"matchIn":  6, "pattern":  7373824, "baseWinCredits":  500, "bonusGamesAwarded": 15},
		{"matchIn":  6, "pattern": 29900800, "baseWinCredits":  500, "bonusGamesAwarded": 15},
		{"matchIn":  6, "pattern":  4328448, "baseWinCredits":  500, "bonusGamesAwarded": 15},
		{"matchIn":  6, "pattern":  4349952, "baseWinCredits":  500, "bonusGamesAwarded": 15},
		{"matchIn":  6, "pattern":     3204, "baseWinCredits":  500, "bonusGamesAwarded": 15},
		{"matchIn":  6, "pattern":    24708, "baseWinCredits":  500, "bonusGamesAwarded": 15},
		{"matchIn":  6, "pattern":  1115201, "baseWinCredits":  500, "bonusGamesAwarded": 15},
		{"matchIn":  6, "pattern": 17056016, "baseWinCredits":  500, "bonusGamesAwarded": 15},
		{"matchIn":  6, "pattern":      341, "baseWinCredits":  500, "bonusGamesAwarded": 15},
		{"matchIn":  6, "pattern": 22347776, "baseWinCredits":  500, "bonusGamesAwarded": 15},
		{"matchIn":  6, "pattern": 17039425, "baseWinCredits":  500, "bonusGamesAwarded": 15},
		{"matchIn":  6, "pattern":  1114384, "baseWinCredits":  500, "bonusGamesAwarded": 15},
		{"matchIn":  6, "pattern":   141440, "baseWinCredits":  500, "bonusGamesAwarded": 15},
		{"matchIn":  6, "pattern":   328000, "baseWinCredits":  500, "bonusGamesAwarded": 15},
		{"matchIn":  6, "pattern":  4211716, "baseWinCredits":  500, "bonusGamesAwarded": 15},
		{"matchIn":  6, "pattern": 17825809, "baseWinCredits":  500, "bonusGamesAwarded": 15},
		{"matchIn":  6, "pattern":   131520, "baseWinCredits":  500, "bonusGamesAwarded": 15},
		{"matchIn":  6, "pattern":    10564, "baseWinCredits":  500, "bonusGamesAwarded": 15},
		{"matchIn":  6, "pattern":  4532224, "baseWinCredits":  500, "bonusGamesAwarded": 15},
		{"matchIn":  7, "pattern":       99, "baseWinCredits":  500, "bonusGamesAwarded": 15},
		{"matchIn":  7, "pattern":      792, "baseWinCredits":  500, "bonusGamesAwarded": 15},
		{"matchIn":  7, "pattern":  3244032, "baseWinCredits":  500, "bonusGamesAwarded": 15},
		{"matchIn":  7, "pattern": 25952256, "baseWinCredits":  500, "bonusGamesAwarded": 15},
		{"matchIn":  7, "pattern":     1063, "baseWinCredits":  500, "bonusGamesAwarded": 15},
		{"matchIn":  7, "pattern":    16924, "baseWinCredits":  500, "bonusGamesAwarded": 15},
		{"matchIn":  7, "pattern":  7373824, "baseWinCredits":  500, "bonusGamesAwarded": 15},
		{"matchIn":  7, "pattern": 29900800, "baseWinCredits":  500, "bonusGamesAwarded": 15},
		{"matchIn":  7, "pattern":  4328448, "baseWinCredits":  500, "bonusGamesAwarded": 15},
		{"matchIn":  7, "pattern":  4349952, "baseWinCredits":  500, "bonusGamesAwarded": 15},
		{"matchIn":  7, "pattern":     3204, "baseWinCredits":  500, "bonusGamesAwarded": 15},
		{"matchIn":  7, "pattern":    24708, "baseWinCredits":  500, "bonusGamesAwarded": 15},
		{"matchIn":  7, "pattern":  1115201, "baseWinCredits":  500, "bonusGamesAwarded": 15},
		{"matchIn":  7, "pattern": 17056016, "baseWinCredits":  500, "bonusGamesAwarded": 15},
		{"matchIn":  7, "pattern":      341, "baseWinCredits":  500, "bonusGamesAwarded": 15},
		{"matchIn":  7, "pattern": 22347776, "baseWinCredits":  500, "bonusGamesAwarded": 15},
		{"matchIn":  7, "pattern": 17039425, "baseWinCredits":  500, "bonusGamesAwarded": 15},
		{"matchIn":  7, "pattern":  1114384, "baseWinCredits":  500, "bonusGamesAwarded": 15},
		{"matchIn":  7, "pattern":   141440, "baseWinCredits":  500, "bonusGamesAwarded": 15},
		{"matchIn":  7, "pattern":   328000, "baseWinCredits":  500, "bonusGamesAwarded": 15},
		{"matchIn":  7, "pattern":  4211716, "baseWinCredits":  500, "bonusGamesAwarded": 15},
		{"matchIn":  7, "pattern": 17825809, "baseWinCredits":  500, "bonusGamesAwarded": 15},
		{"matchIn":  7, "pattern":   131520, "baseWinCredits":  500, "bonusGamesAwarded": 15},
		{"matchIn":  7, "pattern":    10564, "baseWinCredits":  500, "bonusGamesAwarded": 15},
		{"matchIn":  7, "pattern":  4532224, "baseWinCredits":  500, "bonusGamesAwarded": 15},
		{"matchIn":  8, "pattern":       99, "baseWinCredits":  500, "bonusGamesAwarded": 15},
		{"matchIn":  8, "pattern":      792, "baseWinCredits":  500, "bonusGamesAwarded": 15},
		{"matchIn":  8, "pattern":  3244032, "baseWinCredits":  500, "bonusGamesAwarded": 15},
		{"matchIn":  8, "pattern": 25952256, "baseWinCredits":  500, "bonusGamesAwarded": 15},
		{"matchIn":  8, "pattern":     1063, "baseWinCredits":  500, "bonusGamesAwarded": 15},
		{"matchIn":  8, "pattern":    16924, "baseWinCredits":  500, "bonusGamesAwarded": 15},
		{"matchIn":  8, "pattern":  7373824, "baseWinCredits":  500, "bonusGamesAwarded": 15},
		{"matchIn":  8, "pattern": 29900800, "baseWinCredits":  500, "bonusGamesAwarded": 15},
		{"matchIn":  8, "pattern":  4328448, "baseWinCredits":  500, "bonusGamesAwarded": 15},
		{"matchIn":  8, "pattern":  4349952, "baseWinCredits":  500, "bonusGamesAwarded": 15},
		{"matchIn":  8, "pattern":     3204, "baseWinCredits":  500, "bonusGamesAwarded": 15},
		{"matchIn":  8, "pattern":    24708, "baseWinCredits":  500, "bonusGamesAwarded": 15},
		{"matchIn":  8, "pattern":  1115201, "baseWinCredits":  500, "bonusGamesAwarded": 15},
		{"matchIn":  8, "pattern": 17056016, "baseWinCredits":  500, "bonusGamesAwarded": 15},
		{"matchIn":  8, "pattern":      341, "baseWinCredits":  500, "bonusGamesAwarded": 15},
		{"matchIn":  8, "pattern": 22347776, "baseWinCredits":  500, "bonusGamesAwarded": 15},
		{"matchIn":  8, "pattern": 17039425, "baseWinCredits":  500, "bonusGamesAwarded": 15},
		{"matchIn":  8, "pattern":  1114384, "baseWinCredits":  500, "bonusGamesAwarded": 15},
		{"matchIn":  8, "pattern":   141440, "baseWinCredits":  500, "bonusGamesAwarded": 15},
		{"matchIn":  8, "pattern":   328000, "baseWinCredits":  500, "bonusGamesAwarded": 15},
		{"matchIn":  8, "pattern":  4211716, "baseWinCredits":  500, "bonusGamesAwarded": 15},
		{"matchIn":  8, "pattern": 17825809, "baseWinCredits":  500, "bonusGamesAwarded": 15},
		{"matchIn":  8, "pattern":   131520, "baseWinCredits":  500, "bonusGamesAwarded": 15},
		{"matchIn":  8, "pattern":    10564, "baseWinCredits":  500, "bonusGamesAwarded": 15},
		{"matchIn":  8, "pattern":  4532224, "baseWinCredits":  500, "bonusGamesAwarded": 15},
		{"matchIn":  9, "pattern":       99, "baseWinCredits":  500, "bonusGamesAwarded": 15},
		{"matchIn":  9, "pattern":      792, "baseWinCredits":  500, "bonusGamesAwarded": 15},
		{"matchIn":  9, "pattern":  3244032, "baseWinCredits": 1506                         },
		{"matchIn":  9, "pattern": 25952256, "baseWinCredits":  987                         },
		{"matchIn":  9, "pattern":     1063, "baseWinCredits":  982                         },
		{"matchIn":  9, "pattern":    16924, "baseWinCredits":  982                         },
		{"matchIn":  9, "pattern":  7373824, "baseWinCredits":  977                         },
		{"matchIn":  9, "pattern": 29900800, "baseWinCredits":  977                         },
		{"matchIn":  9, "pattern":  4328448, "baseWinCredits":  972                         },
		{"matchIn":  9, "pattern":  4349952, "baseWinCredits":  859                         },
		{"matchIn":  9, "pattern":     3204, "baseWinCredits":  817                         },
		{"matchIn":  9, "pattern":    24708, "baseWinCredits":  801                         },
		{"matchIn":  9, "pattern":  1115201, "baseWinCredits":  800                         },
		{"matchIn":  9, "pattern": 17056016, "baseWinCredits":  797                         },
		{"matchIn":  9, "pattern":      341, "baseWinCredits":  797                         },
		{"matchIn":  9, "pattern": 22347776, "baseWinCredits":  796                         },
		{"matchIn":  9, "pattern": 17039425, "baseWinCredits":   50, "bonusGamesAwarded":  5},
		{"matchIn":  9, "pattern":  1114384, "baseWinCredits":   50, "bonusGamesAwarded":  5},
		{"matchIn":  9, "pattern":   141440, "baseWinCredits":   50, "bonusGamesAwarded":  5},
		{"matchIn":  9, "pattern":   328000, "baseWinCredits":   50, "bonusGamesAwarded":  5},
		{"matchIn":  9, "pattern":  4211716, "baseWinCredits":   50, "bonusGamesAwarded":  5},
		{"matchIn":  9, "pattern": 17825809, "baseWinCredits":   50, "bonusGamesAwarded":  5},
		{"matchIn":  9, "pattern":   131520, "baseWinCredits":   50, "bonusGamesAwarded":  5},
		{"matchIn":  9, "pattern":    10564, "baseWinCredits":   50, "bonusGamesAwarded":  5},
		{"matchIn":  9, "pattern":  4532224, "baseWinCredits":   50, "bonusGamesAwarded":  5},
		{"matchIn": 10, "pattern":       99, "baseWinCredits":   50, "bonusGamesAwarded":  5},
		{"matchIn": 10, "pattern":      792, "baseWinCredits":   50, "bonusGamesAwarded":  5},
		{"matchIn": 10, "pattern":  3244032, "baseWinCredits":   50, "bonusGamesAwarded":  5},
		{"matchIn": 10, "pattern": 25952256, "baseWinCredits":   50, "bonusGamesAwarded":  5},
		{"matchIn": 10, "pattern":     1063, "baseWinCredits":   50, "bonusGamesAwarded":  5},
		{"matchIn": 10, "pattern":    16924, "baseWinCredits":   50, "bonusGamesAwarded":  5},
		{"matchIn": 10, "pattern":  7373824, "baseWinCredits":   50, "bonusGamesAwarded":  5},
		{"matchIn": 10, "pattern": 29900800, "baseWinCredits":   50, "bonusGamesAwarded":  5},
		{"matchIn": 10, "pattern":  4328448, "baseWinCredits":   50, "bonusGamesAwarded":  5},
		{"matchIn": 10, "pattern":  4349952, "baseWinCredits":   50, "bonusGamesAwarded":  5},
		{"matchIn": 10, "pattern":     3204, "baseWinCredits":   50, "bonusGamesAwarded":  5},
		{"matchIn": 10, "pattern":    24708, "baseWinCredits":   50, "bonusGamesAwarded":  5},
		{"matchIn": 10, "pattern":  1115201, "baseWinCredits":   50, "bonusGamesAwarded":  5},
		{"matchIn": 10, "pattern": 17056016, "baseWinCredits":   50, "bonusGamesAwarded":  5},
		{"matchIn": 10, "pattern":      341, "baseWinCredits":   50, "bonusGamesAwarded":  5},
		{"matchIn": 10, "pattern": 22347776, "baseWinCredits":   50, "bonusGamesAwarded":  5},
		{"matchIn": 10, "pattern": 17039425, "baseWinCredits":   50, "bonusGamesAwarded":  5},
		{"matchIn": 10, "pattern":  1114384, "baseWinCredits":   50, "bonusGamesAwarded":  5},
		{"matchIn": 10, "pattern":   141440, "baseWinCredits":   50, "bonusGamesAwarded":  5},
		{"matchIn": 10, "pattern":   328000, "baseWinCredits":   50, "bonusGamesAwarded":  5},
		{"matchIn": 10, "pattern":  4211716, "baseWinCredits":   50, "bonusGamesAwarded":  5},
		{"matchIn": 10, "pattern": 17825809, "baseWinCredits":   50, "bonusGamesAwarded":  5},
		{"matchIn": 10, "pattern":   131520, "baseWinCredits":   50, "bonusGamesAwarded":  5},
		{"matchIn": 10, "pattern":    10564, "baseWinCredits":   50, "bonusGamesAwarded":  5},
		{"matchIn": 10, "pattern":  4532224, "baseWinCredits":   50, "bonusGamesAwarded":  5},
		{"matchIn": 11, "pattern":       99, "baseWinCredits":   50, "bonusGamesAwarded":  5},
		{"matchIn": 11, "pattern":      792, "baseWinCredits":   50, "bonusGamesAwarded":  5},
		{"matchIn": 11, "pattern":  3244032, "baseWinCredits":   50, "bonusGamesAwarded":  5},
		{"matchIn": 11, "pattern": 25952256, "baseWinCredits":   50, "bonusGamesAwarded":  5},
		{"matchIn": 11, "pattern":     1063, "baseWinCredits":   50, "bonusGamesAwarded":  5},
		{"matchIn": 11, "pattern":    16924, "baseWinCredits":   50, "bonusGamesAwarded":  5},
		{"matchIn": 11, "pattern":  7373824, "baseWinCredits":   50, "bonusGamesAwarded":  5},
		{"matchIn": 11, "pattern": 29900800, "baseWinCredits":   50, "bonusGamesAwarded":  5},
		{"matchIn": 11, "pattern":  4328448, "baseWinCredits":   50, "bonusGamesAwarded":  5},
		{"matchIn": 11, "pattern":  4349952, "baseWinCredits":   50, "bonusGamesAwarded":  5},
		{"matchIn": 11, "pattern":     3204, "baseWinCredits":   50, "bonusGamesAwarded":  5},
		{"matchIn": 11, "pattern":    24708, "baseWinCredits":   50, "bonusGamesAwarded":  5},
		{"matchIn": 11, "pattern":  1115201, "baseWinCredits":   50, "bonusGamesAwarded":  5},
		{"matchIn": 11, "pattern": 17056016, "baseWinCredits":   50, "bonusGamesAwarded":  5},
		{"matchIn": 11, "pattern":      341, "baseWinCredits":   50, "bonusGamesAwarded":  5},
		{"matchIn": 11, "pattern": 22347776, "baseWinCredits":   50, "bonusGamesAwarded":  5},
		{"matchIn": 11, "pattern": 17039425, "baseWinCredits":   50, "bonusGamesAwarded":  5},
		{"matchIn": 11, "pattern":  1114384, "baseWinCredits":   50, "bonusGamesAwarded":  5},
		{"matchIn": 11, "pattern":   141440, "baseWinCredits":   50, "bonusGamesAwarded":  5},
		{"matchIn": 11, "pattern":   328000, "baseWinCredits":   50, "bonusGamesAwarded":  5},
		{"matchIn": 11, "pattern":  4211716, "baseWinCredits":   50, "bonusGamesAwarded":  5},
		{"matchIn": 11, "pattern": 17825809, "baseWinCredits":   50, "bonusGamesAwarded":  5},
		{"matchIn": 11, "pattern":   131520, "baseWinCredits":   50, "bonusGamesAwarded":  5},
		{"matchIn": 11, "pattern":    10564, "baseWinCredits":   50, "bonusGamesAwarded":  5},
		{"matchIn": 11, "pattern":  4532224, "baseWinCredits":   50, "bonusGamesAwarded":  5},
		{"matchIn": 12, "pattern":       99, "baseWinCredits":   50, "bonusGamesAwarded":  5},
		{"matchIn": 12, "pattern":      792, "baseWinCredits":   50, "bonusGamesAwarded":  5},
		{"matchIn": 12, "pattern":  3244032, "baseWinCredits":   50, "bonusGamesAwarded":  5},
		{"matchIn": 12, "pattern": 25952256, "baseWinCredits":   50, "bonusGamesAwarded":  5},
		{"matchIn": 12, "pattern":     1063, "baseWinCredits":   50, "bonusGamesAwarded":  5},
		{"matchIn": 12, "pattern":    16924, "baseWinCredits":   50, "bonusGamesAwarded":  5},
		{"matchIn": 12, "pattern":  7373824, "baseWinCredits":   50, "bonusGamesAwarded":  5},
		{"matchIn": 12, "pattern": 29900800, "baseWinCredits":   50, "bonusGamesAwarded":  5},
		{"matchIn": 12, "pattern":  4328448, "baseWinCredits":   50, "bonusGamesAwarded":  5},
		{"matchIn": 12, "pattern":  4349952, "baseWinCredits":   50, "bonusGamesAwarded":  5},
		{"matchIn": 12, "pattern":     3204, "baseWinCredits":   50, "bonusGamesAwarded":  5},
		{"matchIn": 12, "pattern":    24708, "baseWinCredits":   50, "bonusGamesAwarded":  5},
		{"matchIn": 12, "pattern":  1115201, "baseWinCredits":   50, "bonusGamesAwarded":  5},
		{"matchIn": 12, "pattern": 17056016, "baseWinCredits":   50, "bonusGamesAwarded":  5},
		{"matchIn": 12, "pattern":      341, "baseWinCredits":   50, "bonusGamesAwarded":  5},
		{"matchIn": 12, "pattern": 22347776, "baseWinCredits":   50, "bonusGamesAwarded":  5},
		{"matchIn": 12, "pattern": 17039425, "baseWinCredits":   50, "bonusGamesAwarded":  5},
		{"matchIn": 12, "pattern":  1114384, "baseWinCredits":   50, "bonusGamesAwarded":  5},
		{"matchIn": 12, "pattern":   141440, "baseWinCredits":   50, "bonusGamesAwarded":  5},
		{"matchIn": 12, "pattern":   328000, "baseWinCredits":   50, "bonusGamesAwarded":  5},
		{"matchIn": 12, "pattern":  4211716, "baseWinCredits":   50, "bonusGamesAwarded":  5},
		{"matchIn": 12, "pattern": 17825809, "baseWinCredits":   50, "bonusGamesAwarded":  5},
		{"matchIn": 12, "pattern":   131520, "baseWinCredits":   50, "bonusGamesAwarded":  5},
		{"matchIn": 12, "pattern":    10564, "baseWinCredits":   50, "bonusGamesAwarded":  5},
		{"matchIn": 12, "pattern":  4532224, "baseWinCredits":   50, "bonusGamesAwarded":  5},
		{"matchIn": 13, "pattern":       99, "baseWinCredits":   50, "bonusGamesAwarded":  5},
		{"matchIn": 13, "pattern":      792, "baseWinCredits":   50, "bonusGamesAwarded":  5},
		{"matchIn": 13, "pattern":  3244032, "baseWinCredits":   50, "bonusGamesAwarded":  5},
		{"matchIn": 13, "pattern": 25952256, "baseWinCredits":   50, "bonusGamesAwarded":  5},
		{"matchIn": 13, "pattern":     1063, "baseWinCredits":   50, "bonusGamesAwarded":  5},
		{"matchIn": 13, "pattern":    16924, "baseWinCredits":   50, "bonusGamesAwarded":  5},
		{"matchIn": 13, "pattern":  7373824, "baseWinCredits":   50, "bonusGamesAwarded":  5},
		{"matchIn": 13, "pattern": 29900800, "baseWinCredits":   50, "bonusGamesAwarded":  5},
		{"matchIn": 13, "pattern":  4328448, "baseWinCredits":   50, "bonusGamesAwarded":  5},
		{"matchIn": 13, "pattern":  4349952, "baseWinCredits":   50, "bonusGamesAwarded":  5},
		{"matchIn": 13, "pattern":     3204, "baseWinCredits":   50, "bonusGamesAwarded":  5},
		{"matchIn": 13, "pattern":    24708, "baseWinCredits":   50, "bonusGamesAwarded":  5},
		{"matchIn": 13, "pattern":  1115201, "baseWinCredits":   50, "bonusGamesAwarded":  5},
		{"matchIn": 13, "pattern": 17056016, "baseWinCredits":   50, "bonusGamesAwarded":  5},
		{"matchIn": 13, "pattern":      341, "baseWinCredits":   50, "bonusGamesAwarded":  5},
		{"matchIn": 13, "pattern": 22347776, "baseWinCredits":   50, "bonusGamesAwarded":  5},
		{"matchIn": 13, "pattern": 17039425, "baseWinCredits":   50, "bonusGamesAwarded":  5},
		{"matchIn": 13, "pattern":  1114384, "baseWinCredits":   50, "bonusGamesAwarded":  5},
		{"matchIn": 13, "pattern":   141440, "baseWinCredits":   50, "bonusGamesAwarded":  5},
		{"matchIn": 13, "pattern":   328000, "baseWinCredits":   50, "bonusGamesAwarded":  5},
		{"matchIn": 13, "pattern":  4211716, "baseWinCredits":   50, "bonusGamesAwarded":  5},
		{"matchIn": 13, "pattern": 17825809, "baseWinCredits":   50, "bonusGamesAwarded":  5},
		{"matchIn": 13, "pattern":   131520, "baseWinCredits":   50, "bonusGamesAwarded":  5},
		{"matchIn": 13, "pattern":    10564, "baseWinCredits":   50, "bonusGamesAwarded":  5},
		{"matchIn": 13, "pattern":  4532224, "baseWinCredits":   50, "bonusGamesAwarded":  5},
		{"matchIn": 14, "pattern":       99, "baseWinCredits":   50, "bonusGamesAwarded":  5},
		{"matchIn": 14, "pattern":      792, "baseWinCredits":   50, "bonusGamesAwarded":  5},
		{"matchIn": 14, "pattern":  3244032, "baseWinCredits":   50, "bonusGamesAwarded":  5},
		{"matchIn": 14, "pattern": 25952256, "baseWinCredits":   50, "bonusGamesAwarded":  5},
		{"matchIn": 14, "pattern":     1063, "baseWinCredits":   50, "bonusGamesAwarded":  5},
		{"matchIn": 14, "pattern":    16924, "baseWinCredits":   50, "bonusGamesAwarded":  5},
		{"matchIn": 14, "pattern":  7373824, "baseWinCredits":   50, "bonusGamesAwarded":  5},
		{"matchIn": 14, "pattern": 29900800, "baseWinCredits":   50, "bonusGamesAwarded":  5},
		{"matchIn": 14, "pattern":  4328448, "baseWinCredits":   50, "bonusGamesAwarded":  5},
		{"matchIn": 14, "pattern":  4349952, "baseWinCredits":   50, "bonusGamesAwarded":  5},
		{"matchIn": 14, "pattern":     3204, "baseWinCredits":   50, "bonusGamesAwarded":  5},
		{"matchIn": 14, "pattern":    24708, "baseWinCredits":   50, "bonusGamesAwarded":  5},
		{"matchIn": 14, "pattern":  1115201, "baseWinCredits":   50, "bonusGamesAwarded":  5},
		{"matchIn": 14, "pattern": 17056016, "baseWinCredits":   50, "bonusGamesAwarded":  5},
		{"matchIn": 14, "pattern":      341, "baseWinCredits":   50, "bonusGamesAwarded":  5},
		{"matchIn": 14, "pattern": 22347776, "baseWinCredits":   50, "bonusGamesAwarded":  5},
		{"matchIn": 14, "pattern": 17039425, "baseWinCredits":   50, "bonusGamesAwarded":  5},
		{"matchIn": 14, "pattern":  1114384, "baseWinCredits":   50, "bonusGamesAwarded":  5},
		{"matchIn": 14, "pattern":   141440, "baseWinCredits":   50, "bonusGamesAwarded":  5},
		{"matchIn": 14, "pattern":   328000, "baseWinCredits":   50, "bonusGamesAwarded":  5},
		{"matchIn": 14, "pattern":  4211716, "baseWinCredits":   50, "bonusGamesAwarded":  5},
		{"matchIn": 14, "pattern": 17825809, "baseWinCredits":   50, "bonusGamesAwarded":  5},
		{"matchIn": 14, "pattern":   131520, "baseWinCredits":   50, "bonusGamesAwarded":  5},
		{"matchIn": 14, "pattern":    10564, "baseWinCredits":   50, "bonusGamesAwarded":  5},
		{"matchIn": 14, "pattern":  4532224, "baseWinCredits":   50, "bonusGamesAwarded":  5},
		{"matchIn": 15, "pattern":       99, "baseWinCredits":   50, "bonusGamesAwarded":  5},
		{"matchIn": 15, "pattern":      792, "baseWinCredits":   50, "bonusGamesAwarded":  5},
		{"matchIn": 15, "pattern":  3244032, "baseWinCredits":   50, "bonusGamesAwarded":  5},
		{"matchIn": 15, "pattern": 25952256, "baseWinCredits":   50, "bonusGamesAwarded":  5},
		{"matchIn": 15, "pattern":     1063, "baseWinCredits":   50, "bonusGamesAwarded":  5},
		{"matchIn": 15, "pattern":    16924, "baseWinCredits":   50, "bonusGamesAwarded":  5},
		{"matchIn": 15, "pattern":  7373824, "baseWinCredits":   50, "bonusGamesAwarded":  5},
		{"matchIn": 15, "pattern": 29900800, "baseWinCredits":   50, "bonusGamesAwarded":  5},
		{"matchIn": 15, "pattern":  4328448, "baseWinCredits":   50, "bonusGamesAwarded":  5},
		{"matchIn": 15, "pattern":  4349952, "baseWinCredits":   50, "bonusGamesAwarded":  5},
		{"matchIn": 15, "pattern":     3204, "baseWinCredits":   50, "bonusGamesAwarded":  5},
		{"matchIn": 15, "pattern":    24708, "baseWinCredits":   50, "bonusGamesAwarded":  5},
		{"matchIn": 15, "pattern":  1115201, "baseWinCredits":   50, "bonusGamesAwarded":  5},
		{"matchIn": 15, "pattern": 17056016, "baseWinCredits":   50, "bonusGamesAwarded":  5},
		{"matchIn": 15, "pattern":      341, "baseWinCredits":  792                         },
		{"matchIn": 15, "pattern": 22347776, "baseWinCredits":  781                         },
		{"matchIn": 15, "pattern": 17039425, "baseWinCredits":  754                         },
		{"matchIn": 15, "pattern":  1114384, "baseWinCredits":  600                         },
		{"matchIn": 15, "pattern":   141440, "baseWinCredits":  422                         },
		{"matchIn": 15, "pattern":   328000, "baseWinCredits":  395                         },
		{"matchIn": 15, "pattern":  4211716, "baseWinCredits":  370                         },
		{"matchIn": 15, "pattern": 17825809, "baseWinCredits":  335                         },
		{"matchIn": 15, "pattern":   131520, "baseWinCredits":  323                         },
		{"matchIn": 15, "pattern":    10564, "baseWinCredits":  320                         },
		{"matchIn": 15, "pattern":  4532224, "baseWinCredits":  318                         },
		{"matchIn": 16, "pattern":       99, "baseWinCredits":  315                         },
		{"matchIn": 16, "pattern":      792, "baseWinCredits":  300                         },
		{"matchIn": 16, "pattern":  3244032, "baseWinCredits":  300                         },
		{"matchIn": 16, "pattern": 25952256, "baseWinCredits":  270                         },
		{"matchIn": 16, "pattern":     1063, "baseWinCredits":  263                         },
		{"matchIn": 16, "pattern":    16924, "baseWinCredits":  261                         },
		{"matchIn": 16, "pattern":  7373824, "baseWinCredits":  258                         },
		{"matchIn": 16, "pattern": 29900800, "baseWinCredits":  255                         },
		{"matchIn": 16, "pattern":  4328448, "baseWinCredits":  242                         },
		{"matchIn": 16, "pattern":  4349952, "baseWinCredits":  230                         },
		{"matchIn": 16, "pattern":     3204, "baseWinCredits":  226                         },
		{"matchIn": 16, "pattern":    24708, "baseWinCredits":  220                         },
		{"matchIn": 16, "pattern":  1115201, "baseWinCredits":  217                         },
		{"matchIn": 16, "pattern": 17056016, "baseWinCredits":  215                         },
		{"matchIn": 16, "pattern":      341, "baseWinCredits":  213                         },
		{"matchIn": 16, "pattern": 22347776, "baseWinCredits":  210                         },
		{"matchIn": 16, "pattern": 17039425, "baseWinCredits":  208                         },
		{"matchIn": 16, "pattern":  1114384, "baseWinCredits":  204                         },
		{"matchIn": 16, "pattern":   141440, "baseWinCredits":  202                         },
		{"matchIn": 16, "pattern":   328000, "baseWinCredits":  196                         },
		{"matchIn": 16, "pattern":  4211716, "baseWinCredits":  185                         },
		{"matchIn": 16, "pattern": 17825809, "baseWinCredits":  175                         },
		{"matchIn": 16, "pattern":   131520, "baseWinCredits":  170                         },
		{"matchIn": 16, "pattern":    10564, "baseWinCredits":  170                         },
		{"matchIn": 16, "pattern":  4532224, "baseWinCredits":  170                         },
		{"matchIn": 17, "pattern":       99, "baseWinCredits":  165                         },
		{"matchIn": 17, "pattern":      792, "baseWinCredits":  161                         },
		{"matchIn": 17, "pattern":  3244032, "baseWinCredits":  158                         },
		{"matchIn": 17, "pattern": 25952256, "baseWinCredits":  150                         },
		{"matchIn": 17, "pattern":     1063, "baseWinCredits":  150                         },
		{"matchIn": 17, "pattern":    16924, "baseWinCredits":  150                         },
		{"matchIn": 17, "pattern":  7373824, "baseWinCredits":  150                         },
		{"matchIn": 17, "pattern": 29900800, "baseWinCredits":  150                         },
		{"matchIn": 17, "pattern":  4328448, "baseWinCredits":  145                         },
		{"matchIn": 17, "pattern":  4349952, "baseWinCredits":  138                         },
		{"matchIn": 17, "pattern":     3204, "baseWinCredits":  135                         },
		{"matchIn": 17, "pattern":    24708, "baseWinCredits":  130                         },
		{"matchIn": 17, "pattern":  1115201, "baseWinCredits":  128                         },
		{"matchIn": 17, "pattern": 17056016, "baseWinCredits":  126                         },
		{"matchIn": 17, "pattern":      341, "baseWinCredits":  125                         },
		{"matchIn": 17, "pattern": 22347776, "baseWinCredits":  125                         },
		{"matchIn": 17, "pattern": 17039425, "baseWinCredits":  124                         },
		{"matchIn": 17, "pattern":  1114384, "baseWinCredits":  120                         },
		{"matchIn": 17, "pattern":   141440, "baseWinCredits":  116                         },
		{"matchIn": 17, "pattern":   328000, "baseWinCredits":  113                         },
		{"matchIn": 17, "pattern":  4211716, "baseWinCredits":  110                         },
		{"matchIn": 17, "pattern": 17825809, "baseWinCredits":  110                         },
		{"matchIn": 17, "pattern":   131520, "baseWinCredits":  108                         },
		{"matchIn": 17, "pattern":    10564, "baseWinCredits":  108                         },
		{"matchIn": 17, "pattern":  4532224, "baseWinCredits":  108                         },
		{"matchIn": 18, "pattern":       99, "baseWinCredits":  105                         },
		{"matchIn": 18, "pattern":      792, "baseWinCredits":  105                         },
		{"matchIn": 18, "pattern":  3244032, "baseWinCredits":  100                         },
		{"matchIn": 18, "pattern": 25952256, "baseWinCredits":  100                         },
		{"matchIn": 18, "pattern":     1063, "baseWinCredits":  100                         },
		{"matchIn": 18, "pattern":    16924, "baseWinCredits":  100                         },
		{"matchIn": 18, "pattern":  7373824, "baseWinCredits":   99                         },
		{"matchIn": 18, "pattern": 29900800, "baseWinCredits":   98                         },
		{"matchIn": 18, "pattern":  4328448, "baseWinCredits":   95                         },
		{"matchIn": 18, "pattern":  4349952, "baseWinCredits":   93                         },
		{"matchIn": 18, "pattern":     3204, "baseWinCredits":   90                         },
		{"matchIn": 18, "pattern":    24708, "baseWinCredits":   90                         },
		{"matchIn": 18, "pattern":  1115201, "baseWinCredits":   90                         },
		{"matchIn": 18, "pattern": 17056016, "baseWinCredits":   90                         },
		{"matchIn": 18, "pattern":      341, "baseWinCredits":   90                         },
		{"matchIn": 18, "pattern": 22347776, "baseWinCredits":   90                         },
		{"matchIn": 18, "pattern": 17039425, "baseWinCredits":   90                         },
		{"matchIn": 18, "pattern":  1114384, "baseWinCredits":   90                         },
		{"matchIn": 18, "pattern":   141440, "baseWinCredits":   90                         },
		{"matchIn": 18, "pattern":   328000, "baseWinCredits":   88                         },
		{"matchIn": 18, "pattern":  4211716, "baseWinCredits":   85                         },
		{"matchIn": 18, "pattern": 17825809, "baseWinCredits":   83                         },
		{"matchIn": 18, "pattern":   131520, "baseWinCredits":   83                         },
		{"matchIn": 18, "pattern":    10564, "baseWinCredits":   82                         },
		{"matchIn": 18, "pattern":  4532224, "baseWinCredits":   82                         },
		{"matchIn": 19, "pattern":       99, "baseWinCredits":   80                         },
		{"matchIn": 19, "pattern":      792, "baseWinCredits":   79                         },
		{"matchIn": 19, "pattern":  3244032, "baseWinCredits":   76                         },
		{"matchIn": 19, "pattern": 25952256, "baseWinCredits":   75                         },
		{"matchIn": 19, "pattern":     1063, "baseWinCredits":   75                         },
		{"matchIn": 19, "pattern":    16924, "baseWinCredits":   75                         },
		{"matchIn": 19, "pattern":  7373824, "baseWinCredits":   75                         },
		{"matchIn": 19, "pattern": 29900800, "baseWinCredits":   75                         },
		{"matchIn": 19, "pattern":  4328448, "baseWinCredits":   75                         },
		{"matchIn": 19, "pattern":  4349952, "baseWinCredits":   75                         },
		{"matchIn": 19, "pattern":     3204, "baseWinCredits":   75                         },
		{"matchIn": 19, "pattern":    24708, "baseWinCredits":   75                         },
		{"matchIn": 19, "pattern":  1115201, "baseWinCredits":   75                         },
		{"matchIn": 19, "pattern": 17056016, "baseWinCredits":   75                         },
		{"matchIn": 19, "pattern":      341, "baseWinCredits":   75                         },
		{"matchIn": 19, "pattern": 22347776, "baseWinCredits":   74                         },
		{"matchIn": 19, "pattern": 17039425, "baseWinCredits":   71                         },
		{"matchIn": 19, "pattern":  1114384, "baseWinCredits":   70                         },
		{"matchIn": 19, "pattern":   141440, "baseWinCredits":   70                         },
		{"matchIn": 19, "pattern":   328000, "baseWinCredits":   68                         },
		{"matchIn": 19, "pattern":  4211716, "baseWinCredits":   67                         },
		{"matchIn": 19, "pattern": 17825809, "baseWinCredits":   66                         },
		{"matchIn": 19, "pattern":   131520, "baseWinCredits":   65                         },
		{"matchIn": 19, "pattern":    10564, "baseWinCredits":   65                         },
		{"matchIn": 19, "pattern":  4532224, "baseWinCredits":   65                         },
		{"matchIn": 20, "pattern":       99, "baseWinCredits":   62                         },
		{"matchIn": 20, "pattern":      792, "baseWinCredits":   61                         },
		{"matchIn": 20, "pattern":  3244032, "baseWinCredits":   60                         },
		{"matchIn": 20, "pattern": 25952256, "baseWinCredits":   60                         },
		{"matchIn": 20, "pattern":     1063, "baseWinCredits":   60                         },
		{"matchIn": 20, "pattern":    16924, "baseWinCredits":   60                         },
		{"matchIn": 20, "pattern":  7373824, "baseWinCredits":   60                         },
		{"matchIn": 20, "pattern": 29900800, "baseWinCredits":   60                         },
		{"matchIn": 20, "pattern":  4328448, "baseWinCredits":   60                         },
		{"matchIn": 20, "pattern":  4349952, "baseWinCredits":   60                         },
		{"matchIn": 20, "pattern":     3204, "baseWinCredits":   58                         },
		{"matchIn": 20, "pattern":    24708, "baseWinCredits":   58                         },
		{"matchIn": 20, "pattern":  1115201, "baseWinCredits":   57                         },
		{"matchIn": 20, "pattern": 17056016, "baseWinCredits":   56                         },
		{"matchIn": 20, "pattern":      341, "baseWinCredits":   56                         },
		{"matchIn": 20, "pattern": 22347776, "baseWinCredits":   55                         },
		{"matchIn": 20, "pattern": 17039425, "baseWinCredits":   55                         },
		{"matchIn": 20, "pattern":  1114384, "baseWinCredits":   55                         },
		{"matchIn": 20, "pattern":   141440, "baseWinCredits":   55                         },
		{"matchIn": 20, "pattern":   328000, "baseWinCredits":   53                         },
		{"matchIn": 20, "pattern":  4211716, "baseWinCredits":   51                         },
		{"matchIn": 20, "pattern": 17825809, "baseWinCredits":   50                         },
		{"matchIn": 20, "pattern":   131520, "baseWinCredits":   50                         },
		{"matchIn": 20, "pattern":    10564, "baseWinCredits":   50                         },
		{"matchIn": 20, "pattern":  4532224, "baseWinCredits":   50                         },
		{"matchIn": 21, "pattern":       99, "baseWinCredits":   50                         },
		{"matchIn": 21, "pattern":      792, "baseWinCredits":   50                         },
		{"matchIn": 21, "pattern":  3244032, "baseWinCredits":   50                         },
		{"matchIn": 21, "pattern": 25952256, "baseWinCredits":   50                         },
		{"matchIn": 21, "pattern":     1063, "baseWinCredits":   50                         },
		{"matchIn": 21, "pattern":    16924, "baseWinCredits":   50                         },
		{"matchIn": 21, "pattern":  7373824, "baseWinCredits":   50                         },
		{"matchIn": 21, "pattern": 29900800, "baseWinCredits":   50                         },
		{"matchIn": 21, "pattern":  4328448, "baseWinCredits":   50                         },
		{"matchIn": 21, "pattern":  4349952, "baseWinCredits":   49                         },
		{"matchIn": 21, "pattern":     3204, "baseWinCredits":   47                         },
		{"matchIn": 21, "pattern":    24708, "baseWinCredits":   46                         },
		{"matchIn": 21, "pattern":  1115201, "baseWinCredits":   46                         },
		{"matchIn": 21, "pattern": 17056016, "baseWinCredits":   46                         },
		{"matchIn": 21, "pattern":      341, "baseWinCredits":   46                         },
		{"matchIn": 21, "pattern": 22347776, "baseWinCredits":   46                         },
		{"matchIn": 21, "pattern": 17039425, "baseWinCredits":   45                         },
		{"matchIn": 21, "pattern":  1114384, "baseWinCredits":   45                         },
		{"matchIn": 21, "pattern":   141440, "baseWinCredits":   45                         },
		{"matchIn": 21, "pattern":   328000, "baseWinCredits":   45                         },
		{"matchIn": 21, "pattern":  4211716, "baseWinCredits":   45                         },
		{"matchIn": 21, "pattern": 17825809, "baseWinCredits":   45                         },
		{"matchIn": 21, "pattern":   131520, "baseWinCredits":   45                         },
		{"matchIn": 21, "pattern":    10564, "baseWinCredits":   45                         },
		{"matchIn": 21, "pattern":  4532224, "baseWinCredits":   45                         },
		{"matchIn": 22, "pattern":       99, "baseWinCredits":   44                         },
		{"matchIn": 22, "pattern":      792, "baseWinCredits":   42                         },
		{"matchIn": 22, "pattern":  3244032, "baseWinCredits":   41                         },
		{"matchIn": 22, "pattern": 25952256, "baseWinCredits":   40                         },
		{"matchIn": 22, "pattern":     1063, "baseWinCredits":   40                         },
		{"matchIn": 22, "pattern":    16924, "baseWinCredits":   40                         },
		{"matchIn": 22, "pattern":  7373824, "baseWinCredits":   40                         },
		{"matchIn": 22, "pattern": 29900800, "baseWinCredits":   40                         },
		{"matchIn": 22, "pattern":  4328448, "baseWinCredits":   40                         },
		{"matchIn": 22, "pattern":  4349952, "baseWinCredits":   40                         },
		{"matchIn": 22, "pattern":     3204, "baseWinCredits":   40                         },
		{"matchIn": 22, "pattern":    24708, "baseWinCredits":   38                         },
		{"matchIn": 22, "pattern":  1115201, "baseWinCredits":   38                         },
		{"matchIn": 22, "pattern": 17056016, "baseWinCredits":   38                         },
		{"matchIn": 22, "pattern":      341, "baseWinCredits":   38                         },
		{"matchIn": 22, "pattern": 22347776, "baseWinCredits":   38                         },
		{"matchIn": 22, "pattern": 17039425, "baseWinCredits":   38                         },
		{"matchIn": 22, "pattern":  1114384, "baseWinCredits":   37                         },
		{"matchIn": 22, "pattern":   141440, "baseWinCredits":   36                         },
		{"matchIn": 22, "pattern":   328000, "baseWinCredits":   35                         },
		{"matchIn": 22, "pattern":  4211716, "baseWinCredits":   35                         },
		{"matchIn": 22, "pattern": 17825809, "baseWinCredits":   35                         },
		{"matchIn": 22, "pattern":   131520, "baseWinCredits":   35                         },
		{"matchIn": 22, "pattern":    10564, "baseWinCredits":   35                         },
		{"matchIn": 22, "pattern":  4532224, "baseWinCredits":   35                         },
		{"matchIn": 23, "pattern":       99, "baseWinCredits":   34                         },
		{"matchIn": 23, "pattern":      792, "baseWinCredits":   33                         },
		{"matchIn": 23, "pattern":  3244032, "baseWinCredits":   32                         },
		{"matchIn": 23, "pattern": 25952256, "baseWinCredits":   31                         },
		{"matchIn": 23, "pattern":     1063, "baseWinCredits":   30                         },
		{"matchIn": 23, "pattern":    16924, "baseWinCredits":   30                         },
		{"matchIn": 23, "pattern":  7373824, "baseWinCredits":   30                         },
		{"matchIn": 23, "pattern": 29900800, "baseWinCredits":   30                         },
		{"matchIn": 23, "pattern":  4328448, "baseWinCredits":   30                         },
		{"matchIn": 23, "pattern":  4349952, "baseWinCredits":   30                         },
		{"matchIn": 23, "pattern":     3204, "baseWinCredits":   30                         },
		{"matchIn": 23, "pattern":    24708, "baseWinCredits":   30                         },
		{"matchIn": 23, "pattern":  1115201, "baseWinCredits":   30                         },
		{"matchIn": 23, "pattern": 17056016, "baseWinCredits":   30                         },
		{"matchIn": 23, "pattern":      341, "baseWinCredits":   30                         },
		{"matchIn": 23, "pattern": 22347776, "baseWinCredits":   30                         },
		{"matchIn": 23, "pattern": 17039425, "baseWinCredits":   30                         },
		{"matchIn": 23, "pattern":  1114384, "baseWinCredits":   30                         },
		{"matchIn": 23, "pattern":   141440, "baseWinCredits":   30                         },
		{"matchIn": 23, "pattern":   328000, "baseWinCredits":   30                         },
		{"matchIn": 23, "pattern":  4211716, "baseWinCredits":   30                         },
		{"matchIn": 23, "pattern": 17825809, "baseWinCredits":   30                         },
		{"matchIn": 23, "pattern":   131520, "baseWinCredits":   30                         },
		{"matchIn": 23, "pattern":    10564, "baseWinCredits":   30                         },
		{"matchIn": 23, "pattern":  4532224, "baseWinCredits":   30                         },
		{"matchIn": 24, "pattern":       99, "baseWinCredits":   30                         },
		{"matchIn": 24, "pattern":      792, "baseWinCredits":   30                         },
		{"matchIn": 24, "pattern":  3244032, "baseWinCredits":   29                         },
		{"matchIn": 24, "pattern": 25952256, "baseWinCredits":   28                         },
		{"matchIn": 24, "pattern":     1063, "baseWinCredits":   28                         },
		{"matchIn": 24, "pattern":    16924, "baseWinCredits":   28                         },
		{"matchIn": 24, "pattern":  7373824, "baseWinCredits":   28                         },
		{"matchIn": 24, "pattern": 29900800, "baseWinCredits":   26                         },
		{"matchIn": 24, "pattern":  4328448, "baseWinCredits":   26                         },
		{"matchIn": 24, "pattern":  4349952, "baseWinCredits":   25                         },
		{"matchIn": 24, "pattern":     3204, "baseWinCredits":   25                         },
		{"matchIn": 24, "pattern":    24708, "baseWinCredits":   25                         },
		{"matchIn": 24, "pattern":  1115201, "baseWinCredits":   25                         },
		{"matchIn": 24, "pattern": 17056016, "baseWinCredits":   25                         },
		{"matchIn": 24, "pattern":      341, "baseWinCredits":   25                         },
		{"matchIn": 24, "pattern": 22347776, "baseWinCredits":   25                         },
		{"matchIn": 24, "pattern": 17039425, "baseWinCredits":   25                         },
		{"matchIn": 24, "pattern":  1114384, "baseWinCredits":   25                         },
		{"matchIn": 24, "pattern":   141440, "baseWinCredits":   25                         },
		{"matchIn": 24, "pattern":   328000, "baseWinCredits":   25                         },
		{"matchIn": 24, "pattern":  4211716, "baseWinCredits":   25                         },
		{"matchIn": 24, "pattern": 17825809, "baseWinCredits":   24                         },
		{"matchIn": 24, "pattern":   131520, "baseWinCredits":   24                         },
		{"matchIn": 24, "pattern":    10564, "baseWinCredits":   24                         },
		{"matchIn": 24, "pattern":  4532224, "baseWinCredits":   24                         },
		{"matchIn": 25, "pattern":       99, "baseWinCredits":   24                         },
		{"matchIn": 25, "pattern":      792, "baseWinCredits":   24                         },
		{"matchIn": 25, "pattern":  3244032, "baseWinCredits":   23                         },
		{"matchIn": 25, "pattern": 25952256, "baseWinCredits":   22                         },
		{"matchIn": 25, "pattern":     1063, "baseWinCredits":   22                         },
		{"matchIn": 25, "pattern":    16924, "baseWinCredits":   22                         },
		{"matchIn": 25, "pattern":  7373824, "baseWinCredits":   21                         },
		{"matchIn": 25, "pattern": 29900800, "baseWinCredits":   21                         },
		{"matchIn": 25, "pattern":  4328448, "baseWinCredits":   20                         },
		{"matchIn": 25, "pattern":  4349952, "baseWinCredits":   20                         },
		{"matchIn": 25, "pattern":     3204, "baseWinCredits":   20                         },
		{"matchIn": 25, "pattern":    24708, "baseWinCredits":   20                         },
		{"matchIn": 25, "pattern":  1115201, "baseWinCredits":   20                         },
		{"matchIn": 25, "pattern": 17056016, "baseWinCredits":   20                         },
		{"matchIn": 25, "pattern":      341, "baseWinCredits":   20                         },
		{"matchIn": 25, "pattern": 22347776, "baseWinCredits":   20                         },
		{"matchIn": 25, "pattern": 17039425, "baseWinCredits":   20                         },
		{"matchIn": 25, "pattern":  1114384, "baseWinCredits":   20                         },
		{"matchIn": 25, "pattern":   141440, "baseWinCredits":   20                         },
		{"matchIn": 25, "pattern":   328000, "baseWinCredits":   20                         },
		{"matchIn": 25, "pattern":  4211716, "baseWinCredits":   20                         },
		{"matchIn": 25, "pattern": 17825809, "baseWinCredits":   20                         },
		{"matchIn": 25, "pattern":   131520, "baseWinCredits":   20                         },
		{"matchIn": 25, "pattern":    10564, "baseWinCredits":   20                         },
		{"matchIn": 25, "pattern":  4532224, "baseWinCredits":   20                         },
		{"matchIn": 26, "pattern":       99, "baseWinCredits":   20                         },
		{"matchIn": 26, "pattern":      792, "baseWinCredits":   20                         },
		{"matchIn": 26, "pattern":  3244032, "baseWinCredits":   20                         },
		{"matchIn": 26, "pattern": 25952256, "baseWinCredits":   18                         },
		{"matchIn": 26, "pattern":     1063, "baseWinCredits":   18                         },
		{"matchIn": 26, "pattern":    16924, "baseWinCredits":   18                         },
		{"matchIn": 26, "pattern":  7373824, "baseWinCredits":   16                         },
		{"matchIn": 26, "pattern": 29900800, "baseWinCredits":   16                         },
		{"matchIn": 26, "pattern":  4328448, "baseWinCredits":   16                         },
		{"matchIn": 26, "pattern":  4349952, "baseWinCredits":   16                         },
		{"matchIn": 26, "pattern":     3204, "baseWinCredits":   16                         },
		{"matchIn": 26, "pattern":    24708, "baseWinCredits":   16                         },
		{"matchIn": 26, "pattern":  1115201, "baseWinCredits":   16                         },
		{"matchIn": 26, "pattern": 17056016, "baseWinCredits":   16                         },
		{"matchIn": 26, "pattern":      341, "baseWinCredits":   16                         },
		{"matchIn": 26, "pattern": 22347776, "baseWinCredits":   16                         },
		{"matchIn": 26, "pattern": 17039425, "baseWinCredits":   15                         },
		{"matchIn": 26, "pattern":  1114384, "baseWinCredits":   15                         },
		{"matchIn": 26, "pattern":   141440, "baseWinCredits":   15                         },
		{"matchIn": 26, "pattern":   328000, "baseWinCredits":   15                         },
		{"matchIn": 26, "pattern":  4211716, "baseWinCredits":   15                         },
		{"matchIn": 26, "pattern": 17825809, "baseWinCredits":   15                         },
		{"matchIn": 26, "pattern":   131520, "baseWinCredits":   15                         },
		{"matchIn": 26, "pattern":    10564, "baseWinCredits":   15                         },
		{"matchIn": 26, "pattern":  4532224, "baseWinCredits":   15                         },
		{"matchIn": 27, "pattern":       99, "baseWinCredits":   15                         },
		{"matchIn": 27, "pattern":      792, "baseWinCredits":   15                         },
		{"matchIn": 27, "pattern":  3244032, "baseWinCredits":   15                         },
		{"matchIn": 27, "pattern": 25952256, "baseWinCredits":   15                         },
		{"matchIn": 27, "pattern":     1063, "baseWinCredits":   15                         },
		{"matchIn": 27, "pattern":    16924, "baseWinCredits":   15                         },
		{"matchIn": 27, "pattern":  7373824, "baseWinCredits":   15                         },
		{"matchIn": 27, "pattern": 29900800, "baseWinCredits":   15                         },
		{"matchIn": 27, "pattern":  4328448, "baseWinCredits":   15                         },
		{"matchIn": 27, "pattern":  4349952, "baseWinCredits":   15                         },
		{"matchIn": 27, "pattern":     3204, "baseWinCredits":   15                         },
		{"matchIn": 27, "pattern":    24708, "baseWinCredits":   15                         },
		{"matchIn": 27, "pattern":  1115201, "baseWinCredits":   15                         },
		{"matchIn": 27, "pattern": 17056016, "baseWinCredits":   15                         },
		{"matchIn": 27, "pattern":      341, "baseWinCredits":   15                         },
		{"matchIn": 27, "pattern": 22347776, "baseWinCredits":   15                         },
		{"matchIn": 27, "pattern": 17039425, "baseWinCredits":   15                         },
		{"matchIn": 27, "pattern":  1114384, "baseWinCredits":   15                         },
		{"matchIn": 27, "pattern":   141440, "baseWinCredits":   15                         },
		{"matchIn": 27, "pattern":   328000, "baseWinCredits":   15                         },
		{"matchIn": 27, "pattern":  4211716, "baseWinCredits":   15                         },
		{"matchIn": 27, "pattern": 17825809, "baseWinCredits":   14                         },
		{"matchIn": 27, "pattern":   131520, "baseWinCredits":   13                         },
		{"matchIn": 27, "pattern":    10564, "baseWinCredits":   13                         },
		{"matchIn": 27, "pattern":  4532224, "baseWinCredits":   11                         },
		{"matchIn": 28, "pattern":       99, "baseWinCredits":   10                         },
		{"matchIn": 28, "pattern":      792, "baseWinCredits":   10                         },
		{"matchIn": 28, "pattern":  3244032, "baseWinCredits":   10                         },
		{"matchIn": 28, "pattern": 25952256, "baseWinCredits":   10                         },
		{"matchIn": 28, "pattern":     1063, "baseWinCredits":   10                         },
		{"matchIn": 28, "pattern":    16924, "baseWinCredits":   10                         },
		{"matchIn": 28, "pattern":  7373824, "baseWinCredits":   10                         },
		{"matchIn": 28, "pattern": 29900800, "baseWinCredits":   10                         },
		{"matchIn": 28, "pattern":  4328448, "baseWinCredits":   10                         },
		{"matchIn": 28, "pattern":  4349952, "baseWinCredits":   10                         },
		{"matchIn": 28, "pattern":     3204, "baseWinCredits":   10                         },
		{"matchIn": 28, "pattern":    24708, "baseWinCredits":   10                         },
		{"matchIn": 28, "pattern":  1115201, "baseWinCredits":   10                         },
		{"matchIn": 28, "pattern": 17056016, "baseWinCredits":   10                         },
		{"matchIn": 28, "pattern":      341, "baseWinCredits":   10                         },
		{"matchIn": 28, "pattern": 22347776, "baseWinCredits":   10                         },
		{"matchIn": 28, "pattern": 17039425, "baseWinCredits":   10                         },
		{"matchIn": 28, "pattern":  1114384, "baseWinCredits":   10                         },
		{"matchIn": 28, "pattern":   141440, "baseWinCredits":   10                         },
		{"matchIn": 28, "pattern":   328000, "baseWinCredits":   10                         },
		{"matchIn": 28, "pattern":  4211716, "baseWinCredits":   10                         },
		{"matchIn": 28, "pattern": 17825809, "baseWinCredits":   10                         },
		{"matchIn": 28, "pattern":   131520, "baseWinCredits":   10                         },
		{"matchIn": 28, "pattern":    10564, "baseWinCredits":   10                         },
		{"matchIn": 28, "pattern":  4532224, "baseWinCredits":   10                         },
		{"matchIn": 29, "pattern":       99, "baseWinCredits":   10                         },
		{"matchIn": 29, "pattern":      792, "baseWinCredits":   10                         },
		{"matchIn": 29, "pattern":  3244032, "baseWinCredits":   10                         },
		{"matchIn": 29, "pattern": 25952256, "baseWinCredits":   10                         },
		{"matchIn": 29, "pattern":     1063, "baseWinCredits":   10                         },
		{"matchIn": 29, "pattern":    16924, "baseWinCredits":   10                         },
		{"matchIn": 29, "pattern":  7373824, "baseWinCredits":   10                         },
		{"matchIn": 29, "pattern": 29900800, "baseWinCredits":   10                         },
		{"matchIn": 29, "pattern":  4328448, "baseWinCredits":   10                         },
		{"matchIn": 29, "pattern":  4349952, "baseWinCredits":   10                         },
		{"matchIn": 29, "pattern":     3204, "baseWinCredits":   10                         },
		{"matchIn": 29, "pattern":    24708, "baseWinCredits":   10                         },
		{"matchIn": 29, "pattern":  1115201, "baseWinCredits":   10                         },
		{"matchIn": 29, "pattern": 17056016, "baseWinCredits":   10                         },
		{"matchIn": 29, "pattern":      341, "baseWinCredits":    8                         },
		{"matchIn": 29, "pattern": 22347776, "baseWinCredits":    8                         },
		{"matchIn": 29, "pattern": 17039425, "baseWinCredits":    8                         },
		{"matchIn": 29, "pattern":  1114384, "baseWinCredits":    8                         },
		{"matchIn": 29, "pattern":   141440, "baseWinCredits":    8                         },
		{"matchIn": 29, "pattern":   328000, "baseWinCredits":    8                         },
		{"matchIn": 29, "pattern":  4211716, "baseWinCredits":    8                         },
		{"matchIn": 29, "pattern": 17825809, "baseWinCredits":    8                         },
		{"matchIn": 29, "pattern":   131520, "baseWinCredits":    8                         },
		{"matchIn": 29, "pattern":    10564, "baseWinCredits":    8                         },
		{"matchIn": 29, "pattern":  4532224, "baseWinCredits":    8                         },
		{"matchIn": 30, "pattern":       99, "baseWinCredits":    8                         },
		{"matchIn": 30, "pattern":      792, "baseWinCredits":    8                         },
		{"matchIn": 30, "pattern":  3244032, "baseWinCredits":    8                         },
		{"matchIn": 30, "pattern": 25952256, "baseWinCredits":    8                         },
		{"matchIn": 30, "pattern":     1063, "baseWinCredits":    8                         },
		{"matchIn": 30, "pattern":    16924, "baseWinCredits":    8                         },
		{"matchIn": 30, "pattern":  7373824, "baseWinCredits":    8                         },
		{"matchIn": 30, "pattern": 29900800, "baseWinCredits":    8                         },
		{"matchIn": 30, "pattern":  4328448, "baseWinCredits":    8                         },
		{"matchIn": 30, "pattern":  4349952, "baseWinCredits":    6                         },
		{"matchIn": 30, "pattern":     3204, "baseWinCredits":    6                         },
		{"matchIn": 30, "pattern":    24708, "baseWinCredits":    5                         },
		{"matchIn": 30, "pattern":  1115201, "baseWinCredits":    5                         },
		{"matchIn": 30, "pattern": 17056016, "baseWinCredits":    5                         },
		{"matchIn": 30, "pattern":      341, "baseWinCredits":    5                         },
		{"matchIn": 30, "pattern": 22347776, "baseWinCredits":    5                         },
		{"matchIn": 30, "pattern": 17039425, "baseWinCredits":    5                         },
		{"matchIn": 30, "pattern":  1114384, "baseWinCredits":    5                         },
		{"matchIn": 30, "pattern":   141440, "baseWinCredits":    5                         },
		{"matchIn": 30, "pattern":   328000, "baseWinCredits":    5                         },
		{"matchIn": 30, "pattern":  4211716, "baseWinCredits":    5                         },
		{"matchIn": 30, "pattern": 17825809, "baseWinCredits":    5                         },
		{"matchIn": 30, "pattern":   131520, "baseWinCredits":    5                         },
		{"matchIn": 30, "pattern":    10564, "baseWinCredits":    5                         },
		{"matchIn": 30, "pattern":  4532224, "baseWinCredits":    5                         },
		{"matchIn": 31, "pattern":       99, "baseWinCredits":    5                         },
		{"matchIn": 31, "pattern":      792, "baseWinCredits":    5                         },
		{"matchIn": 31, "pattern":  3244032, "baseWinCredits":    5                         },
		{"matchIn": 31, "pattern": 25952256, "baseWinCredits":    5                         },
		{"matchIn": 31, "pattern":     1063, "baseWinCredits":    5                         },
		{"matchIn": 31, "pattern":    16924, "baseWinCredits":    5                         },
		{"matchIn": 31, "pattern":  7373824, "baseWinCredits":    5                         },
		{"matchIn": 31, "pattern": 29900800, "baseWinCredits":    5                         },
		{"matchIn": 31, "pattern":  4328448, "baseWinCredits":    5                         },
		{"matchIn": 31, "pattern":  4349952, "baseWinCredits":    5                         },
		{"matchIn": 31, "pattern":     3204, "baseWinCredits":    5                         },
		{"matchIn": 31, "pattern":    24708, "baseWinCredits":    5                         },
		{"matchIn": 31, "pattern":  1115201, "baseWinCredits":    5                         },
		{"matchIn": 31, "pattern": 17056016, "baseWinCredits":    5                         },
		{"matchIn": 31, "pattern":      341, "baseWinCredits":    5                         },
		{"matchIn": 31, "pattern": 22347776, "baseWinCredits":    5                         },
		{"matchIn": 31, "pattern": 17039425, "baseWinCredits":    5                         },
		{"matchIn": 31, "pattern":  1114384, "baseWinCredits":    5                         },
		{"matchIn": 31, "pattern":   141440, "baseWinCredits":    5                         },
		{"matchIn": 31, "pattern":   328000, "baseWinCredits":    5                         },
		{"matchIn": 31, "pattern":  4211716, "baseWinCredits":    5                         },
		{"matchIn": 31, "pattern": 17825809, "baseWinCredits":    5                         },
		{"matchIn": 31, "pattern":   131520, "baseWinCredits":    5                         },
		{"matchIn": 31, "pattern":    10564, "baseWinCredits":    5                         },
		{"matchIn": 31, "pattern":  4532224, "baseWinCredits":    5                         },
		{"matchIn": 32, "pattern":       99, "baseWinCredits":    5                         },
		{"matchIn": 32, "pattern":      792, "baseWinCredits":    4                         },
		{"matchIn": 32, "pattern":  3244032, "baseWinCredits":    4                         },
		{"matchIn": 32, "pattern": 25952256, "baseWinCredits":    4                         },
		{"matchIn": 32, "pattern":     1063, "baseWinCredits":    4                         },
		{"matchIn": 32, "pattern":    16924, "baseWinCredits":    4                         }
	]
}
